partition,run_id,source_t,target_t,source_gt_id,target_gt_id,failure_category
Extended_Holdout,Method_A_Fixed5um_Distance,10,11,11000088,12000095,candidate_gate_failure
Extended_Holdout,Method_A_Fixed5um_Distance,10,11,11000091,12000100,missing_detection_endpoint
Extended_Holdout,Method_A_Fixed5um_Distance,10,11,11000094,12000103,missing_detection_endpoint
Extended_Holdout,Method_A_Fixed5um_Distance,11,12,12000095,13000105,missing_detection_endpoint
Extended_Holdout,Method_A_Fixed5um_Distance,11,12,12000100,13000107,missing_detection_endpoint
Extended_Holdout,Method_A_Fixed5um_Distance,11,12,12000102,13000108,missing_detection_endpoint
Extended_Holdout,Method_A_Fixed5um_Distance,11,12,12000103,13000109,candidate_gate_failure
Extended_Holdout,Method_A_Fixed5um_Distance,12,13,13000105,14000111,missing_detection_endpoint
Extended_Holdout,Method_A_Fixed5um_Distance,12,13,13000107,14000113,missing_detection_endpoint
Extended_Holdout,Method_A_Fixed5um_Distance,12,13,13000108,14000114,missing_detection_endpoint
Extended_Holdout,Method_A_Fixed5um_Distance,12,13,13000109,14000115,candidate_gate_failure
Extended_Holdout,Method_A_Fixed5um_Distance,13,14,14000111,15000118,success
Extended_Holdout,Method_A_Fixed5um_Distance,13,14,14000113,15000120,candidate_gate_failure
Extended_Holdout,Method_A_Fixed5um_Distance,13,14,14000114,15000121,missing_detection_endpoint
Extended_Holdout,Method_A_Fixed5um_Distance,13,14,14000115,15000122,assignment_conflict
Extended_Holdout,Method_A_Fixed5um_Distance,14,15,15000118,16000124,success
Extended_Holdout,Method_A_Fixed5um_Distance,14,15,15000120,16000127,candidate_gate_failure
Extended_Holdout,Method_A_Fixed5um_Distance,14,15,15000121,16000128,missing_detection_endpoint
Extended_Holdout,Method_A_Fixed5um_Distance,14,15,15000122,16000130,candidate_gate_failure
Extended_Holdout,Method_A_Fixed5um_Distance,15,16,16000124,17000131,missing_detection_endpoint
Extended_Holdout,Method_A_Fixed5um_Distance,15,16,16000127,17000133,candidate_gate_failure
Extended_Holdout,Method_A_Fixed5um_Distance,15,16,16000128,17000134,missing_detection_endpoint
Extended_Holdout,Method_A_Fixed5um_Distance,15,16,16000130,17000136,candidate_gate_failure
Extended_Holdout,Method_A_Fixed5um_Distance,16,17,17000133,18000139,success
Extended_Holdout,Method_A_Fixed5um_Distance,16,17,17000134,18000140,missing_detection_endpoint
Extended_Holdout,Method_A_Fixed5um_Distance,16,17,17000136,18000142,candidate_gate_failure
Extended_Holdout,Method_A_Fixed5um_Distance,16,17,17000137,18000143,missing_detection_endpoint
Extended_Holdout,Method_A_Fixed5um_Distance,17,18,18000139,19000145,candidate_gate_failure
Extended_Holdout,Method_A_Fixed5um_Distance,17,18,18000140,19000146,missing_detection_endpoint
Extended_Holdout,Method_A_Fixed5um_Distance,17,18,18000142,19000148,success
Extended_Holdout,Method_A_Fixed5um_Distance,17,18,18000143,19000149,candidate_gate_failure
Extended_Holdout,Method_A_Fixed5um_Distance,18,19,19000145,20000150,candidate_gate_failure
Extended_Holdout,Method_A_Fixed5um_Distance,18,19,19000146,20000152,missing_detection_endpoint
Extended_Holdout,Method_A_Fixed5um_Distance,18,19,19000148,20000154,candidate_gate_failure
Extended_Holdout,Method_A_Fixed5um_Distance,18,19,19000149,20000155,assignment_conflict
Extended_Holdout,Method_B_Fixed7um_Distance,10,11,11000088,12000095,candidate_gate_failure
Extended_Holdout,Method_B_Fixed7um_Distance,10,11,11000091,12000100,missing_detection_endpoint
Extended_Holdout,Method_B_Fixed7um_Distance,10,11,11000094,12000103,missing_detection_endpoint
Extended_Holdout,Method_B_Fixed7um_Distance,11,12,12000095,13000105,missing_detection_endpoint
Extended_Holdout,Method_B_Fixed7um_Distance,11,12,12000100,13000107,missing_detection_endpoint
Extended_Holdout,Method_B_Fixed7um_Distance,11,12,12000102,13000108,missing_detection_endpoint
Extended_Holdout,Method_B_Fixed7um_Distance,11,12,12000103,13000109,assignment_conflict
Extended_Holdout,Method_B_Fixed7um_Distance,12,13,13000105,14000111,missing_detection_endpoint
Extended_Holdout,Method_B_Fixed7um_Distance,12,13,13000107,14000113,missing_detection_endpoint
Extended_Holdout,Method_B_Fixed7um_Distance,12,13,13000108,14000114,missing_detection_endpoint
Extended_Holdout,Method_B_Fixed7um_Distance,12,13,13000109,14000115,assignment_conflict
Extended_Holdout,Method_B_Fixed7um_Distance,13,14,14000111,15000118,success
Extended_Holdout,Method_B_Fixed7um_Distance,13,14,14000113,15000120,assignment_conflict
Extended_Holdout,Method_B_Fixed7um_Distance,13,14,14000114,15000121,missing_detection_endpoint
Extended_Holdout,Method_B_Fixed7um_Distance,13,14,14000115,15000122,assignment_conflict
Extended_Holdout,Method_B_Fixed7um_Distance,14,15,15000118,16000124,success
Extended_Holdout,Method_B_Fixed7um_Distance,14,15,15000120,16000127,assignment_conflict
Extended_Holdout,Method_B_Fixed7um_Distance,14,15,15000121,16000128,missing_detection_endpoint
Extended_Holdout,Method_B_Fixed7um_Distance,14,15,15000122,16000130,assignment_conflict
Extended_Holdout,Method_B_Fixed7um_Distance,15,16,16000124,17000131,missing_detection_endpoint
Extended_Holdout,Method_B_Fixed7um_Distance,15,16,16000127,17000133,candidate_gate_failure
Extended_Holdout,Method_B_Fixed7um_Distance,15,16,16000128,17000134,missing_detection_endpoint
Extended_Holdout,Method_B_Fixed7um_Distance,15,16,16000130,17000136,assignment_conflict
Extended_Holdout,Method_B_Fixed7um_Distance,16,17,17000133,18000139,success
Extended_Holdout,Method_B_Fixed7um_Distance,16,17,17000134,18000140,missing_detection_endpoint
Extended_Holdout,Method_B_Fixed7um_Distance,16,17,17000136,18000142,success
Extended_Holdout,Method_B_Fixed7um_Distance,16,17,17000137,18000143,missing_detection_endpoint
Extended_Holdout,Method_B_Fixed7um_Distance,17,18,18000139,19000145,candidate_gate_failure
Extended_Holdout,Method_B_Fixed7um_Distance,17,18,18000140,19000146,missing_detection_endpoint
Extended_Holdout,Method_B_Fixed7um_Distance,17,18,18000142,19000148,success
Extended_Holdout,Method_B_Fixed7um_Distance,17,18,18000143,19000149,candidate_gate_failure
Extended_Holdout,Method_B_Fixed7um_Distance,18,19,19000145,20000150,assignment_conflict
Extended_Holdout,Method_B_Fixed7um_Distance,18,19,19000146,20000152,missing_detection_endpoint
Extended_Holdout,Method_B_Fixed7um_Distance,18,19,19000148,20000154,candidate_gate_failure
Extended_Holdout,Method_B_Fixed7um_Distance,18,19,19000149,20000155,assignment_conflict
Extended_Holdout,Method_C_VelocityAdaptive_Distance,10,11,11000088,12000095,candidate_gate_failure
Extended_Holdout,Method_C_VelocityAdaptive_Distance,10,11,11000091,12000100,missing_detection_endpoint
Extended_Holdout,Method_C_VelocityAdaptive_Distance,10,11,11000094,12000103,missing_detection_endpoint
Extended_Holdout,Method_C_VelocityAdaptive_Distance,11,12,12000095,13000105,missing_detection_endpoint
Extended_Holdout,Method_C_VelocityAdaptive_Distance,11,12,12000100,13000107,missing_detection_endpoint
Extended_Holdout,Method_C_VelocityAdaptive_Distance,11,12,12000102,13000108,missing_detection_endpoint
Extended_Holdout,Method_C_VelocityAdaptive_Distance,11,12,12000103,13000109,assignment_conflict
Extended_Holdout,Method_C_VelocityAdaptive_Distance,12,13,13000105,14000111,missing_detection_endpoint
Extended_Holdout,Method_C_VelocityAdaptive_Distance,12,13,13000107,14000113,missing_detection_endpoint
Extended_Holdout,Method_C_VelocityAdaptive_Distance,12,13,13000108,14000114,missing_detection_endpoint
Extended_Holdout,Method_C_VelocityAdaptive_Distance,12,13,13000109,14000115,assignment_conflict
Extended_Holdout,Method_C_VelocityAdaptive_Distance,13,14,14000111,15000118,success
Extended_Holdout,Method_C_VelocityAdaptive_Distance,13,14,14000113,15000120,assignment_conflict
Extended_Holdout,Method_C_VelocityAdaptive_Distance,13,14,14000114,15000121,missing_detection_endpoint
Extended_Holdout,Method_C_VelocityAdaptive_Distance,13,14,14000115,15000122,assignment_conflict
Extended_Holdout,Method_C_VelocityAdaptive_Distance,14,15,15000118,16000124,success
Extended_Holdout,Method_C_VelocityAdaptive_Distance,14,15,15000120,16000127,assignment_conflict
Extended_Holdout,Method_C_VelocityAdaptive_Distance,14,15,15000121,16000128,missing_detection_endpoint
Extended_Holdout,Method_C_VelocityAdaptive_Distance,14,15,15000122,16000130,assignment_conflict
Extended_Holdout,Method_C_VelocityAdaptive_Distance,15,16,16000124,17000131,missing_detection_endpoint
Extended_Holdout,Method_C_VelocityAdaptive_Distance,15,16,16000127,17000133,candidate_gate_failure
Extended_Holdout,Method_C_VelocityAdaptive_Distance,15,16,16000128,17000134,missing_detection_endpoint
Extended_Holdout,Method_C_VelocityAdaptive_Distance,15,16,16000130,17000136,assignment_conflict
Extended_Holdout,Method_C_VelocityAdaptive_Distance,16,17,17000133,18000139,success
Extended_Holdout,Method_C_VelocityAdaptive_Distance,16,17,17000134,18000140,missing_detection_endpoint
Extended_Holdout,Method_C_VelocityAdaptive_Distance,16,17,17000136,18000142,reconnection_rejected_by_association_cost
Extended_Holdout,Method_C_VelocityAdaptive_Distance,16,17,17000137,18000143,missing_detection_endpoint
Extended_Holdout,Method_C_VelocityAdaptive_Distance,17,18,18000139,19000145,assignment_conflict
Extended_Holdout,Method_C_VelocityAdaptive_Distance,17,18,18000140,19000146,missing_detection_endpoint
Extended_Holdout,Method_C_VelocityAdaptive_Distance,17,18,18000142,19000148,success
Extended_Holdout,Method_C_VelocityAdaptive_Distance,17,18,18000143,19000149,candidate_gate_failure
Extended_Holdout,Method_C_VelocityAdaptive_Distance,18,19,19000145,20000150,assignment_conflict
Extended_Holdout,Method_C_VelocityAdaptive_Distance,18,19,19000146,20000152,missing_detection_endpoint
Extended_Holdout,Method_C_VelocityAdaptive_Distance,18,19,19000148,20000154,candidate_gate_failure
Extended_Holdout,Method_C_VelocityAdaptive_Distance,18,19,19000149,20000155,assignment_conflict
Extended_Holdout,Method_E_Gap2_Distance,10,11,11000088,12000095,candidate_gate_failure
Extended_Holdout,Method_E_Gap2_Distance,10,11,11000091,12000100,missing_detection_endpoint
Extended_Holdout,Method_E_Gap2_Distance,10,11,11000094,12000103,missing_detection_endpoint
Extended_Holdout,Method_E_Gap2_Distance,11,12,12000095,13000105,missing_detection_endpoint
Extended_Holdout,Method_E_Gap2_Distance,11,12,12000100,13000107,missing_detection_endpoint
Extended_Holdout,Method_E_Gap2_Distance,11,12,12000102,13000108,missing_detection_endpoint
Extended_Holdout,Method_E_Gap2_Distance,11,12,12000103,13000109,candidate_gate_failure
Extended_Holdout,Method_E_Gap2_Distance,12,13,13000105,14000111,missing_detection_endpoint
Extended_Holdout,Method_E_Gap2_Distance,12,13,13000107,14000113,missing_detection_endpoint
Extended_Holdout,Method_E_Gap2_Distance,12,13,13000108,14000114,missing_detection_endpoint
Extended_Holdout,Method_E_Gap2_Distance,12,13,13000109,14000115,candidate_gate_failure
Extended_Holdout,Method_E_Gap2_Distance,13,14,14000111,15000118,success
Extended_Holdout,Method_E_Gap2_Distance,13,14,14000113,15000120,candidate_gate_failure
Extended_Holdout,Method_E_Gap2_Distance,13,14,14000114,15000121,missing_detection_endpoint
Extended_Holdout,Method_E_Gap2_Distance,13,14,14000115,15000122,assignment_conflict
Extended_Holdout,Method_E_Gap2_Distance,14,15,15000118,16000124,success
Extended_Holdout,Method_E_Gap2_Distance,14,15,15000120,16000127,candidate_gate_failure
Extended_Holdout,Method_E_Gap2_Distance,14,15,15000121,16000128,missing_detection_endpoint
Extended_Holdout,Method_E_Gap2_Distance,14,15,15000122,16000130,candidate_gate_failure
Extended_Holdout,Method_E_Gap2_Distance,15,16,16000124,17000131,missing_detection_endpoint
Extended_Holdout,Method_E_Gap2_Distance,15,16,16000127,17000133,candidate_gate_failure
Extended_Holdout,Method_E_Gap2_Distance,15,16,16000128,17000134,missing_detection_endpoint
Extended_Holdout,Method_E_Gap2_Distance,15,16,16000130,17000136,candidate_gate_failure
Extended_Holdout,Method_E_Gap2_Distance,16,17,17000133,18000139,success
Extended_Holdout,Method_E_Gap2_Distance,16,17,17000134,18000140,missing_detection_endpoint
Extended_Holdout,Method_E_Gap2_Distance,16,17,17000136,18000142,candidate_gate_failure
Extended_Holdout,Method_E_Gap2_Distance,16,17,17000137,18000143,missing_detection_endpoint
Extended_Holdout,Method_E_Gap2_Distance,17,18,18000139,19000145,candidate_gate_failure
Extended_Holdout,Method_E_Gap2_Distance,17,18,18000140,19000146,missing_detection_endpoint
Extended_Holdout,Method_E_Gap2_Distance,17,18,18000142,19000148,success
Extended_Holdout,Method_E_Gap2_Distance,17,18,18000143,19000149,candidate_gate_failure
Extended_Holdout,Method_E_Gap2_Distance,18,19,19000145,20000150,candidate_gate_failure
Extended_Holdout,Method_E_Gap2_Distance,18,19,19000146,20000152,missing_detection_endpoint
Extended_Holdout,Method_E_Gap2_Distance,18,19,19000148,20000154,candidate_gate_failure
Extended_Holdout,Method_E_Gap2_Distance,18,19,19000149,20000155,assignment_conflict
Extended_Holdout,Method_F_Gap2_VelocityAdaptive_Hybrid,10,11,11000088,12000095,candidate_gate_failure
Extended_Holdout,Method_F_Gap2_VelocityAdaptive_Hybrid,10,11,11000091,12000100,missing_detection_endpoint
Extended_Holdout,Method_F_Gap2_VelocityAdaptive_Hybrid,10,11,11000094,12000103,missing_detection_endpoint
Extended_Holdout,Method_F_Gap2_VelocityAdaptive_Hybrid,11,12,12000095,13000105,missing_detection_endpoint
Extended_Holdout,Method_F_Gap2_VelocityAdaptive_Hybrid,11,12,12000100,13000107,missing_detection_endpoint
Extended_Holdout,Method_F_Gap2_VelocityAdaptive_Hybrid,11,12,12000102,13000108,missing_detection_endpoint
Extended_Holdout,Method_F_Gap2_VelocityAdaptive_Hybrid,11,12,12000103,13000109,assignment_conflict
Extended_Holdout,Method_F_Gap2_VelocityAdaptive_Hybrid,12,13,13000105,14000111,missing_detection_endpoint
Extended_Holdout,Method_F_Gap2_VelocityAdaptive_Hybrid,12,13,13000107,14000113,missing_detection_endpoint
Extended_Holdout,Method_F_Gap2_VelocityAdaptive_Hybrid,12,13,13000108,14000114,missing_detection_endpoint
Extended_Holdout,Method_F_Gap2_VelocityAdaptive_Hybrid,12,13,13000109,14000115,assignment_conflict
Extended_Holdout,Method_F_Gap2_VelocityAdaptive_Hybrid,13,14,14000111,15000118,success
Extended_Holdout,Method_F_Gap2_VelocityAdaptive_Hybrid,13,14,14000113,15000120,assignment_conflict
Extended_Holdout,Method_F_Gap2_VelocityAdaptive_Hybrid,13,14,14000114,15000121,missing_detection_endpoint
Extended_Holdout,Method_F_Gap2_VelocityAdaptive_Hybrid,13,14,14000115,15000122,assignment_conflict
Extended_Holdout,Method_F_Gap2_VelocityAdaptive_Hybrid,14,15,15000118,16000124,success
Extended_Holdout,Method_F_Gap2_VelocityAdaptive_Hybrid,14,15,15000120,16000127,assignment_conflict
Extended_Holdout,Method_F_Gap2_VelocityAdaptive_Hybrid,14,15,15000121,16000128,missing_detection_endpoint
Extended_Holdout,Method_F_Gap2_VelocityAdaptive_Hybrid,14,15,15000122,16000130,assignment_conflict
Extended_Holdout,Method_F_Gap2_VelocityAdaptive_Hybrid,15,16,16000124,17000131,missing_detection_endpoint
Extended_Holdout,Method_F_Gap2_VelocityAdaptive_Hybrid,15,16,16000127,17000133,candidate_gate_failure
Extended_Holdout,Method_F_Gap2_VelocityAdaptive_Hybrid,15,16,16000128,17000134,missing_detection_endpoint
Extended_Holdout,Method_F_Gap2_VelocityAdaptive_Hybrid,15,16,16000130,17000136,assignment_conflict
Extended_Holdout,Method_F_Gap2_VelocityAdaptive_Hybrid,16,17,17000133,18000139,assignment_conflict
Extended_Holdout,Method_F_Gap2_VelocityAdaptive_Hybrid,16,17,17000134,18000140,missing_detection_endpoint
Extended_Holdout,Method_F_Gap2_VelocityAdaptive_Hybrid,16,17,17000136,18000142,assignment_conflict
Extended_Holdout,Method_F_Gap2_VelocityAdaptive_Hybrid,16,17,17000137,18000143,missing_detection_endpoint
Extended_Holdout,Method_F_Gap2_VelocityAdaptive_Hybrid,17,18,18000139,19000145,assignment_conflict
Extended_Holdout,Method_F_Gap2_VelocityAdaptive_Hybrid,17,18,18000140,19000146,missing_detection_endpoint
Extended_Holdout,Method_F_Gap2_VelocityAdaptive_Hybrid,17,18,18000142,19000148,assignment_conflict
Extended_Holdout,Method_F_Gap2_VelocityAdaptive_Hybrid,17,18,18000143,19000149,candidate_gate_failure
Extended_Holdout,Method_F_Gap2_VelocityAdaptive_Hybrid,18,19,19000145,20000150,assignment_conflict
Extended_Holdout,Method_F_Gap2_VelocityAdaptive_Hybrid,18,19,19000146,20000152,missing_detection_endpoint
Extended_Holdout,Method_F_Gap2_VelocityAdaptive_Hybrid,18,19,19000148,20000154,candidate_gate_failure
Extended_Holdout,Method_F_Gap2_VelocityAdaptive_Hybrid,18,19,19000149,20000155,success
Continuous,Method_A_Fixed5um_Hybrid,0,1,1000004,2000011,candidate_gate_failure
Continuous,Method_A_Fixed5um_Hybrid,0,1,1000007,2000013,candidate_gate_failure
Continuous,Method_A_Fixed5um_Hybrid,1,2,2000011,3000020,missing_detection_endpoint
Continuous,Method_A_Fixed5um_Hybrid,1,2,2000013,3000022,success
Continuous,Method_A_Fixed5um_Hybrid,2,3,3000018,4000028,success
Continuous,Method_A_Fixed5um_Hybrid,2,3,3000020,4000030,missing_detection_endpoint
Continuous,Method_A_Fixed5um_Hybrid,2,3,3000022,4000032,assignment_conflict
Continuous,Method_A_Fixed5um_Hybrid,3,4,4000028,5000038,candidate_gate_failure
Continuous,Method_A_Fixed5um_Hybrid,3,4,4000030,5000040,success
Continuous,Method_A_Fixed5um_Hybrid,3,4,4000032,5000042,assignment_conflict
Continuous,Method_A_Fixed5um_Hybrid,4,5,5000038,6000046,candidate_gate_failure
Continuous,Method_A_Fixed5um_Hybrid,4,5,5000040,6000048,assignment_conflict
Continuous,Method_A_Fixed5um_Hybrid,4,5,5000042,6000050,success
Continuous,Method_A_Fixed5um_Hybrid,5,6,6000046,7000054,candidate_gate_failure
Continuous,Method_A_Fixed5um_Hybrid,5,6,6000048,7000056,reconnection_rejected_by_association_cost
Continuous,Method_A_Fixed5um_Hybrid,5,6,6000050,7000058,candidate_gate_failure
Continuous,Method_A_Fixed5um_Hybrid,6,7,7000054,8000062,candidate_gate_failure
Continuous,Method_A_Fixed5um_Hybrid,6,7,7000056,8000064,candidate_gate_failure
Continuous,Method_A_Fixed5um_Hybrid,6,7,7000058,8000068,success
Continuous,Method_A_Fixed5um_Hybrid,7,8,8000062,9000072,success
Continuous,Method_A_Fixed5um_Hybrid,7,8,8000064,9000074,assignment_conflict
Continuous,Method_A_Fixed5um_Hybrid,7,8,8000068,9000077,success
Continuous,Method_A_Fixed5um_Hybrid,7,8,8000070,9000079,success
Continuous,Method_A_Fixed5um_Hybrid,8,9,9000072,10000080,missing_detection_endpoint
Continuous,Method_A_Fixed5um_Hybrid,8,9,9000074,10000081,assignment_conflict
Continuous,Method_A_Fixed5um_Hybrid,8,9,9000077,10000084,success
Continuous,Method_A_Fixed5um_Hybrid,8,9,9000079,10000086,success
Continuous,Method_A_Fixed5um_Hybrid,9,10,10000080,11000087,missing_detection_endpoint
Continuous,Method_A_Fixed5um_Hybrid,9,10,10000081,11000088,reconnection_rejected_by_association_cost
Continuous,Method_A_Fixed5um_Hybrid,9,10,10000084,11000091,missing_detection_endpoint
Continuous,Method_A_Fixed5um_Hybrid,9,10,10000086,11000094,missing_detection_endpoint
Continuous,Method_A_Fixed5um_Hybrid,10,11,11000088,12000095,candidate_gate_failure
Continuous,Method_A_Fixed5um_Hybrid,10,11,11000091,12000100,missing_detection_endpoint
Continuous,Method_A_Fixed5um_Hybrid,10,11,11000094,12000103,missing_detection_endpoint
Continuous,Method_A_Fixed5um_Hybrid,11,12,12000095,13000105,missing_detection_endpoint
Continuous,Method_A_Fixed5um_Hybrid,11,12,12000100,13000107,missing_detection_endpoint
Continuous,Method_A_Fixed5um_Hybrid,11,12,12000102,13000108,missing_detection_endpoint
Continuous,Method_A_Fixed5um_Hybrid,11,12,12000103,13000109,candidate_gate_failure
Continuous,Method_A_Fixed5um_Hybrid,12,13,13000105,14000111,missing_detection_endpoint
Continuous,Method_A_Fixed5um_Hybrid,12,13,13000107,14000113,missing_detection_endpoint
Continuous,Method_A_Fixed5um_Hybrid,12,13,13000108,14000114,missing_detection_endpoint
Continuous,Method_A_Fixed5um_Hybrid,12,13,13000109,14000115,candidate_gate_failure
Continuous,Method_A_Fixed5um_Hybrid,13,14,14000111,15000118,success
Continuous,Method_A_Fixed5um_Hybrid,13,14,14000113,15000120,candidate_gate_failure
Continuous,Method_A_Fixed5um_Hybrid,13,14,14000114,15000121,missing_detection_endpoint
Continuous,Method_A_Fixed5um_Hybrid,13,14,14000115,15000122,assignment_conflict
Continuous,Method_A_Fixed5um_Hybrid,14,15,15000118,16000124,success
Continuous,Method_A_Fixed5um_Hybrid,14,15,15000120,16000127,candidate_gate_failure
Continuous,Method_A_Fixed5um_Hybrid,14,15,15000121,16000128,missing_detection_endpoint
Continuous,Method_A_Fixed5um_Hybrid,14,15,15000122,16000130,candidate_gate_failure
Continuous,Method_A_Fixed5um_Hybrid,15,16,16000124,17000131,missing_detection_endpoint
Continuous,Method_A_Fixed5um_Hybrid,15,16,16000127,17000133,candidate_gate_failure
Continuous,Method_A_Fixed5um_Hybrid,15,16,16000128,17000134,missing_detection_endpoint
Continuous,Method_A_Fixed5um_Hybrid,15,16,16000130,17000136,candidate_gate_failure
Continuous,Method_A_Fixed5um_Hybrid,16,17,17000133,18000139,assignment_conflict
Continuous,Method_A_Fixed5um_Hybrid,16,17,17000134,18000140,missing_detection_endpoint
Continuous,Method_A_Fixed5um_Hybrid,16,17,17000136,18000142,candidate_gate_failure
Continuous,Method_A_Fixed5um_Hybrid,16,17,17000137,18000143,missing_detection_endpoint
Continuous,Method_A_Fixed5um_Hybrid,17,18,18000139,19000145,candidate_gate_failure
Continuous,Method_A_Fixed5um_Hybrid,17,18,18000140,19000146,missing_detection_endpoint
Continuous,Method_A_Fixed5um_Hybrid,17,18,18000142,19000148,assignment_conflict
Continuous,Method_A_Fixed5um_Hybrid,17,18,18000143,19000149,candidate_gate_failure
Continuous,Method_A_Fixed5um_Hybrid,18,19,19000145,20000150,candidate_gate_failure
Continuous,Method_A_Fixed5um_Hybrid,18,19,19000146,20000152,missing_detection_endpoint
Continuous,Method_A_Fixed5um_Hybrid,18,19,19000148,20000154,candidate_gate_failure
Continuous,Method_A_Fixed5um_Hybrid,18,19,19000149,20000155,success
Continuous,Method_E_Gap2_Distance,0,1,1000004,2000011,candidate_gate_failure
Continuous,Method_E_Gap2_Distance,0,1,1000007,2000013,candidate_gate_failure
Continuous,Method_E_Gap2_Distance,1,2,2000011,3000020,missing_detection_endpoint
Continuous,Method_E_Gap2_Distance,1,2,2000013,3000022,success
Continuous,Method_E_Gap2_Distance,2,3,3000018,4000028,assignment_conflict
Continuous,Method_E_Gap2_Distance,2,3,3000020,4000030,missing_detection_endpoint
Continuous,Method_E_Gap2_Distance,2,3,3000022,4000032,assignment_conflict
Continuous,Method_E_Gap2_Distance,3,4,4000028,5000038,candidate_gate_failure
Continuous,Method_E_Gap2_Distance,3,4,4000030,5000040,assignment_conflict
Continuous,Method_E_Gap2_Distance,3,4,4000032,5000042,success
Continuous,Method_E_Gap2_Distance,4,5,5000038,6000046,candidate_gate_failure
Continuous,Method_E_Gap2_Distance,4,5,5000040,6000048,assignment_conflict
Continuous,Method_E_Gap2_Distance,4,5,5000042,6000050,success
Continuous,Method_E_Gap2_Distance,5,6,6000046,7000054,candidate_gate_failure
Continuous,Method_E_Gap2_Distance,5,6,6000048,7000056,success
Continuous,Method_E_Gap2_Distance,5,6,6000050,7000058,candidate_gate_failure
Continuous,Method_E_Gap2_Distance,6,7,7000054,8000062,candidate_gate_failure
Continuous,Method_E_Gap2_Distance,6,7,7000056,8000064,candidate_gate_failure
Continuous,Method_E_Gap2_Distance,6,7,7000058,8000068,success
Continuous,Method_E_Gap2_Distance,7,8,8000062,9000072,assignment_conflict
Continuous,Method_E_Gap2_Distance,7,8,8000064,9000074,success
Continuous,Method_E_Gap2_Distance,7,8,8000068,9000077,success
Continuous,Method_E_Gap2_Distance,7,8,8000070,9000079,success
Continuous,Method_E_Gap2_Distance,8,9,9000072,10000080,missing_detection_endpoint
Continuous,Method_E_Gap2_Distance,8,9,9000074,10000081,success
Continuous,Method_E_Gap2_Distance,8,9,9000077,10000084,assignment_conflict
Continuous,Method_E_Gap2_Distance,8,9,9000079,10000086,success
Continuous,Method_E_Gap2_Distance,9,10,10000080,11000087,missing_detection_endpoint
Continuous,Method_E_Gap2_Distance,9,10,10000081,11000088,assignment_conflict
Continuous,Method_E_Gap2_Distance,9,10,10000084,11000091,missing_detection_endpoint
Continuous,Method_E_Gap2_Distance,9,10,10000086,11000094,missing_detection_endpoint
Continuous,Method_E_Gap2_Distance,10,11,11000088,12000095,candidate_gate_failure
Continuous,Method_E_Gap2_Distance,10,11,11000091,12000100,missing_detection_endpoint
Continuous,Method_E_Gap2_Distance,10,11,11000094,12000103,missing_detection_endpoint
Continuous,Method_E_Gap2_Distance,11,12,12000095,13000105,missing_detection_endpoint
Continuous,Method_E_Gap2_Distance,11,12,12000100,13000107,missing_detection_endpoint
Continuous,Method_E_Gap2_Distance,11,12,12000102,13000108,missing_detection_endpoint
Continuous,Method_E_Gap2_Distance,11,12,12000103,13000109,candidate_gate_failure
Continuous,Method_E_Gap2_Distance,12,13,13000105,14000111,missing_detection_endpoint
Continuous,Method_E_Gap2_Distance,12,13,13000107,14000113,missing_detection_endpoint
Continuous,Method_E_Gap2_Distance,12,13,13000108,14000114,missing_detection_endpoint
Continuous,Method_E_Gap2_Distance,12,13,13000109,14000115,candidate_gate_failure
Continuous,Method_E_Gap2_Distance,13,14,14000111,15000118,success
Continuous,Method_E_Gap2_Distance,13,14,14000113,15000120,candidate_gate_failure
Continuous,Method_E_Gap2_Distance,13,14,14000114,15000121,missing_detection_endpoint
Continuous,Method_E_Gap2_Distance,13,14,14000115,15000122,assignment_conflict
Continuous,Method_E_Gap2_Distance,14,15,15000118,16000124,success
Continuous,Method_E_Gap2_Distance,14,15,15000120,16000127,candidate_gate_failure
Continuous,Method_E_Gap2_Distance,14,15,15000121,16000128,missing_detection_endpoint
Continuous,Method_E_Gap2_Distance,14,15,15000122,16000130,candidate_gate_failure
Continuous,Method_E_Gap2_Distance,15,16,16000124,17000131,missing_detection_endpoint
Continuous,Method_E_Gap2_Distance,15,16,16000127,17000133,candidate_gate_failure
Continuous,Method_E_Gap2_Distance,15,16,16000128,17000134,missing_detection_endpoint
Continuous,Method_E_Gap2_Distance,15,16,16000130,17000136,candidate_gate_failure
Continuous,Method_E_Gap2_Distance,16,17,17000133,18000139,success
Continuous,Method_E_Gap2_Distance,16,17,17000134,18000140,missing_detection_endpoint
Continuous,Method_E_Gap2_Distance,16,17,17000136,18000142,candidate_gate_failure
Continuous,Method_E_Gap2_Distance,16,17,17000137,18000143,missing_detection_endpoint
Continuous,Method_E_Gap2_Distance,17,18,18000139,19000145,candidate_gate_failure
Continuous,Method_E_Gap2_Distance,17,18,18000140,19000146,missing_detection_endpoint
Continuous,Method_E_Gap2_Distance,17,18,18000142,19000148,success
Continuous,Method_E_Gap2_Distance,17,18,18000143,19000149,candidate_gate_failure
Continuous,Method_E_Gap2_Distance,18,19,19000145,20000150,candidate_gate_failure
Continuous,Method_E_Gap2_Distance,18,19,19000146,20000152,missing_detection_endpoint
Continuous,Method_E_Gap2_Distance,18,19,19000148,20000154,candidate_gate_failure
Continuous,Method_E_Gap2_Distance,18,19,19000149,20000155,assignment_conflict
Continuous,Method_F_Gap2_VelocityAdaptive_Hybrid,0,1,1000004,2000011,candidate_gate_failure
Continuous,Method_F_Gap2_VelocityAdaptive_Hybrid,0,1,1000007,2000013,reconnection_rejected_by_association_cost
Continuous,Method_F_Gap2_VelocityAdaptive_Hybrid,1,2,2000011,3000020,missing_detection_endpoint
Continuous,Method_F_Gap2_VelocityAdaptive_Hybrid,1,2,2000013,3000022,success
Continuous,Method_F_Gap2_VelocityAdaptive_Hybrid,2,3,3000018,4000028,success
Continuous,Method_F_Gap2_VelocityAdaptive_Hybrid,2,3,3000020,4000030,missing_detection_endpoint
Continuous,Method_F_Gap2_VelocityAdaptive_Hybrid,2,3,3000022,4000032,assignment_conflict
Continuous,Method_F_Gap2_VelocityAdaptive_Hybrid,3,4,4000028,5000038,candidate_gate_failure
Continuous,Method_F_Gap2_VelocityAdaptive_Hybrid,3,4,4000030,5000040,success
Continuous,Method_F_Gap2_VelocityAdaptive_Hybrid,3,4,4000032,5000042,assignment_conflict
Continuous,Method_F_Gap2_VelocityAdaptive_Hybrid,4,5,5000038,6000046,assignment_conflict
Continuous,Method_F_Gap2_VelocityAdaptive_Hybrid,4,5,5000040,6000048,assignment_conflict
Continuous,Method_F_Gap2_VelocityAdaptive_Hybrid,4,5,5000042,6000050,success
Continuous,Method_F_Gap2_VelocityAdaptive_Hybrid,5,6,6000046,7000054,assignment_conflict
Continuous,Method_F_Gap2_VelocityAdaptive_Hybrid,5,6,6000048,7000056,assignment_conflict
Continuous,Method_F_Gap2_VelocityAdaptive_Hybrid,5,6,6000050,7000058,candidate_gate_failure
Continuous,Method_F_Gap2_VelocityAdaptive_Hybrid,6,7,7000054,8000062,candidate_gate_failure
Continuous,Method_F_Gap2_VelocityAdaptive_Hybrid,6,7,7000056,8000064,reconnection_rejected_by_association_cost
Continuous,Method_F_Gap2_VelocityAdaptive_Hybrid,6,7,7000058,8000068,success
Continuous,Method_F_Gap2_VelocityAdaptive_Hybrid,7,8,8000062,9000072,success
Continuous,Method_F_Gap2_VelocityAdaptive_Hybrid,7,8,8000064,9000074,assignment_conflict
Continuous,Method_F_Gap2_VelocityAdaptive_Hybrid,7,8,8000068,9000077,success
Continuous,Method_F_Gap2_VelocityAdaptive_Hybrid,7,8,8000070,9000079,success
Continuous,Method_F_Gap2_VelocityAdaptive_Hybrid,8,9,9000072,10000080,missing_detection_endpoint
Continuous,Method_F_Gap2_VelocityAdaptive_Hybrid,8,9,9000074,10000081,assignment_conflict
Continuous,Method_F_Gap2_VelocityAdaptive_Hybrid,8,9,9000077,10000084,success
Continuous,Method_F_Gap2_VelocityAdaptive_Hybrid,8,9,9000079,10000086,success
Continuous,Method_F_Gap2_VelocityAdaptive_Hybrid,9,10,10000080,11000087,missing_detection_endpoint
Continuous,Method_F_Gap2_VelocityAdaptive_Hybrid,9,10,10000081,11000088,reconnection_rejected_by_association_cost
Continuous,Method_F_Gap2_VelocityAdaptive_Hybrid,9,10,10000084,11000091,missing_detection_endpoint
Continuous,Method_F_Gap2_VelocityAdaptive_Hybrid,9,10,10000086,11000094,missing_detection_endpoint
Continuous,Method_F_Gap2_VelocityAdaptive_Hybrid,10,11,11000088,12000095,candidate_gate_failure
Continuous,Method_F_Gap2_VelocityAdaptive_Hybrid,10,11,11000091,12000100,missing_detection_endpoint
Continuous,Method_F_Gap2_VelocityAdaptive_Hybrid,10,11,11000094,12000103,missing_detection_endpoint
Continuous,Method_F_Gap2_VelocityAdaptive_Hybrid,11,12,12000095,13000105,missing_detection_endpoint
Continuous,Method_F_Gap2_VelocityAdaptive_Hybrid,11,12,12000100,13000107,missing_detection_endpoint
Continuous,Method_F_Gap2_VelocityAdaptive_Hybrid,11,12,12000102,13000108,missing_detection_endpoint
Continuous,Method_F_Gap2_VelocityAdaptive_Hybrid,11,12,12000103,13000109,assignment_conflict
Continuous,Method_F_Gap2_VelocityAdaptive_Hybrid,12,13,13000105,14000111,missing_detection_endpoint
Continuous,Method_F_Gap2_VelocityAdaptive_Hybrid,12,13,13000107,14000113,missing_detection_endpoint
Continuous,Method_F_Gap2_VelocityAdaptive_Hybrid,12,13,13000108,14000114,missing_detection_endpoint
Continuous,Method_F_Gap2_VelocityAdaptive_Hybrid,12,13,13000109,14000115,assignment_conflict
Continuous,Method_F_Gap2_VelocityAdaptive_Hybrid,13,14,14000111,15000118,success
Continuous,Method_F_Gap2_VelocityAdaptive_Hybrid,13,14,14000113,15000120,assignment_conflict
Continuous,Method_F_Gap2_VelocityAdaptive_Hybrid,13,14,14000114,15000121,missing_detection_endpoint
Continuous,Method_F_Gap2_VelocityAdaptive_Hybrid,13,14,14000115,15000122,assignment_conflict
Continuous,Method_F_Gap2_VelocityAdaptive_Hybrid,14,15,15000118,16000124,success
Continuous,Method_F_Gap2_VelocityAdaptive_Hybrid,14,15,15000120,16000127,assignment_conflict
Continuous,Method_F_Gap2_VelocityAdaptive_Hybrid,14,15,15000121,16000128,missing_detection_endpoint
Continuous,Method_F_Gap2_VelocityAdaptive_Hybrid,14,15,15000122,16000130,assignment_conflict
Continuous,Method_F_Gap2_VelocityAdaptive_Hybrid,15,16,16000124,17000131,missing_detection_endpoint
Continuous,Method_F_Gap2_VelocityAdaptive_Hybrid,15,16,16000127,17000133,candidate_gate_failure
Continuous,Method_F_Gap2_VelocityAdaptive_Hybrid,15,16,16000128,17000134,missing_detection_endpoint
Continuous,Method_F_Gap2_VelocityAdaptive_Hybrid,15,16,16000130,17000136,assignment_conflict
Continuous,Method_F_Gap2_VelocityAdaptive_Hybrid,16,17,17000133,18000139,assignment_conflict
Continuous,Method_F_Gap2_VelocityAdaptive_Hybrid,16,17,17000134,18000140,missing_detection_endpoint
Continuous,Method_F_Gap2_VelocityAdaptive_Hybrid,16,17,17000136,18000142,assignment_conflict
Continuous,Method_F_Gap2_VelocityAdaptive_Hybrid,16,17,17000137,18000143,missing_detection_endpoint
Continuous,Method_F_Gap2_VelocityAdaptive_Hybrid,17,18,18000139,19000145,assignment_conflict
Continuous,Method_F_Gap2_VelocityAdaptive_Hybrid,17,18,18000140,19000146,missing_detection_endpoint
Continuous,Method_F_Gap2_VelocityAdaptive_Hybrid,17,18,18000142,19000148,assignment_conflict
Continuous,Method_F_Gap2_VelocityAdaptive_Hybrid,17,18,18000143,19000149,candidate_gate_failure
Continuous,Method_F_Gap2_VelocityAdaptive_Hybrid,18,19,19000145,20000150,assignment_conflict
Continuous,Method_F_Gap2_VelocityAdaptive_Hybrid,18,19,19000146,20000152,missing_detection_endpoint
Continuous,Method_F_Gap2_VelocityAdaptive_Hybrid,18,19,19000148,20000154,candidate_gate_failure
Continuous,Method_F_Gap2_VelocityAdaptive_Hybrid,18,19,19000149,20000155,success
