partition,method_id,method_name,association_mode,max_gap_frames,direct_gate_um,direct_gate_mode,total_pred_edges,eval_pred_edges,total_gap_edges,edge_tp,edge_fp,edge_fn,precision,recall,f1_score,edge_jaccard,adj_edge_jaccard,reconn_attempted,reconn_accepted,reconn_rejected,reconnected_tracks_count,mean_track_length,pct_tracks_len_4plus,runtime_sec,peak_memory_mb
Training,Method_A_Fixed5um,Method A: Locked Fixed-5 µm,distance,0,5.0,fixed,542,542,0,3,7,10,0.3,0.2308,0.2609,0.15,0.15,0,0,0,0,2.23,17.27,0.2187,3.13
Training,Method_A_Fixed5um,Method A: Locked Fixed-5 µm,hybrid,0,5.0,fixed,128,128,0,4,6,9,0.4,0.3077,0.3478,0.2105,0.2105,0,0,0,0,1.15,0.82,0.4184,3.19
Training,Method_B_Fixed7um,Method B: Fixed-7 µm Gate,distance,0,7.0,fixed,654,654,0,3,11,10,0.2143,0.2308,0.2222,0.125,0.125,0,0,0,0,2.99,35.67,0.2161,3.14
Training,Method_B_Fixed7um,Method B: Fixed-7 µm Gate,hybrid,0,7.0,fixed,129,129,0,4,6,9,0.4,0.3077,0.3478,0.2105,0.2105,0,0,0,0,1.15,0.94,0.3863,3.18
Training,Method_C_VelocityAdaptive,Method C: Velocity-Adaptive Gate (No Gap),distance,0,5.0,velocity_adaptive,542,542,0,3,7,10,0.3,0.2308,0.2609,0.15,0.15,0,0,0,0,2.23,17.27,1.9848,3.13
Training,Method_C_VelocityAdaptive,Method C: Velocity-Adaptive Gate (No Gap),hybrid,0,5.0,velocity_adaptive,128,128,0,4,6,9,0.4,0.3077,0.3478,0.2105,0.2105,0,0,0,0,1.15,0.82,2.0291,3.18
Training,Method_D_Gap1,Method D: Gap Closing (Max Gap 1),distance,1,5.0,fixed,610,542,68,3,7,10,0.3,0.2308,0.2609,0.15,0.15,193,68,125,68,2.64,29.03,0.543,3.13
Training,Method_D_Gap1,Method D: Gap Closing (Max Gap 1),hybrid,1,5.0,fixed,315,128,187,4,6,9,0.4,0.3077,0.3478,0.2105,0.2105,1334,187,1147,187,1.47,1.95,2.5837,3.82
Training,Method_E_Gap2,Method E: Gap Closing (Max Gap 2),distance,2,5.0,fixed,641,542,99,3,7,10,0.3,0.2308,0.2609,0.15,0.15,326,99,227,99,2.88,34.6,0.7289,3.14
Training,Method_E_Gap2,Method E: Gap Closing (Max Gap 2),hybrid,2,5.0,fixed,379,128,251,4,6,9,0.4,0.3077,0.3478,0.2105,0.2105,2169,251,1918,251,1.63,2.49,3.7595,4.41
Training,Method_F_Gap2_VelocityAdaptive,Method F: Gap Closing + Velocity Adaptive,distance,2,5.0,velocity_adaptive,641,542,99,3,7,10,0.3,0.2308,0.2609,0.15,0.15,326,99,227,99,2.88,34.6,2.5072,3.14
Training,Method_F_Gap2_VelocityAdaptive,Method F: Gap Closing + Velocity Adaptive,hybrid,2,5.0,velocity_adaptive,379,128,251,4,6,9,0.4,0.3077,0.3478,0.2105,0.2105,2169,251,1918,251,1.63,2.49,5.5392,4.41
Validation,Method_A_Fixed5um,Method A: Locked Fixed-5 µm,distance,0,5.0,fixed,417,417,0,7,7,7,0.5,0.5,0.5,0.3333,0.3333,0,0,0,0,2.31,19.75,0.1614,2.48
Validation,Method_A_Fixed5um,Method A: Locked Fixed-5 µm,hybrid,0,5.0,fixed,94,94,0,6,3,8,0.6667,0.4286,0.5217,0.3529,0.3529,0,0,0,0,1.15,0.47,0.2637,2.53
Validation,Method_B_Fixed7um,Method B: Fixed-7 µm Gate,distance,0,7.0,fixed,470,470,0,7,8,7,0.4667,0.5,0.4828,0.3182,0.3182,0,0,0,0,2.77,35.71,0.1585,2.48
Validation,Method_B_Fixed7um,Method B: Fixed-7 µm Gate,hybrid,0,7.0,fixed,98,98,0,6,3,8,0.6667,0.4286,0.5217,0.3529,0.3529,0,0,0,0,1.15,0.47,0.2878,2.52
Validation,Method_C_VelocityAdaptive,Method C: Velocity-Adaptive Gate (No Gap),distance,0,5.0,velocity_adaptive,417,417,0,7,7,7,0.5,0.5,0.5,0.3333,0.3333,0,0,0,0,2.31,19.75,1.2962,2.48
Validation,Method_C_VelocityAdaptive,Method C: Velocity-Adaptive Gate (No Gap),hybrid,0,5.0,velocity_adaptive,94,94,0,6,3,8,0.6667,0.4286,0.5217,0.3529,0.3529,0,0,0,0,1.15,0.47,1.3402,2.52
Validation,Method_D_Gap1,Method D: Gap Closing (Max Gap 1),distance,1,5.0,fixed,462,417,45,7,7,7,0.5,0.5,0.5,0.3333,0.3333,115,45,70,45,2.69,28.83,0.326,2.48
Validation,Method_D_Gap1,Method D: Gap Closing (Max Gap 1),hybrid,1,5.0,fixed,218,94,124,6,3,8,0.6667,0.4286,0.5217,0.3529,0.3529,878,124,754,124,1.42,1.54,1.6246,2.91
Validation,Method_E_Gap2,Method E: Gap Closing (Max Gap 2),distance,2,5.0,fixed,470,417,53,7,7,7,0.5,0.5,0.5,0.3333,0.3333,160,53,107,53,2.77,29.7,0.405,2.48
Validation,Method_E_Gap2,Method E: Gap Closing (Max Gap 2),hybrid,2,5.0,fixed,263,94,169,6,3,8,0.6667,0.4286,0.5217,0.3529,0.3529,1344,169,1175,169,1.56,1.48,2.2901,3.35
Validation,Method_F_Gap2_VelocityAdaptive,Method F: Gap Closing + Velocity Adaptive,distance,2,5.0,velocity_adaptive,470,417,53,7,7,7,0.5,0.5,0.5,0.3333,0.3333,160,53,107,53,2.77,29.7,1.5408,2.48
Validation,Method_F_Gap2_VelocityAdaptive,Method F: Gap Closing + Velocity Adaptive,hybrid,2,5.0,velocity_adaptive,263,94,169,6,3,8,0.6667,0.4286,0.5217,0.3529,0.3529,1344,169,1175,169,1.56,1.48,3.4515,3.35
Extended_Holdout,Method_A_Fixed5um,Method A: Locked Fixed-5 µm,distance,0,5.0,fixed,770,770,0,4,19,31,0.1739,0.1143,0.1379,0.0741,0.0741,0,0,0,0,2.38,20.75,0.2927,2.74
Extended_Holdout,Method_A_Fixed5um,Method A: Locked Fixed-5 µm,hybrid,0,5.0,fixed,203,203,0,3,20,32,0.1304,0.0857,0.1034,0.0545,0.0545,0,0,0,0,1.18,1.33,0.4928,2.69
Extended_Holdout,Method_B_Fixed7um,Method B: Fixed-7 µm Gate,distance,0,7.0,fixed,900,900,0,5,20,30,0.2,0.1429,0.1667,0.0909,0.0909,0,0,0,0,3.1,34.97,0.2914,3.38
Extended_Holdout,Method_B_Fixed7um,Method B: Fixed-7 µm Gate,hybrid,0,7.0,fixed,233,233,0,5,20,30,0.2,0.1429,0.1667,0.0909,0.0909,0,0,0,0,1.21,2.1,0.6523,3.33
Extended_Holdout,Method_C_VelocityAdaptive,Method C: Velocity-Adaptive Gate (No Gap),distance,0,5.0,velocity_adaptive,770,770,0,4,19,31,0.1739,0.1143,0.1379,0.0741,0.0741,0,0,0,0,2.38,20.75,2.3879,2.85
Extended_Holdout,Method_C_VelocityAdaptive,Method C: Velocity-Adaptive Gate (No Gap),hybrid,0,5.0,velocity_adaptive,185,185,0,3,19,32,0.1364,0.0857,0.1053,0.0556,0.0556,0,0,0,0,1.16,0.96,2.669,2.8
Extended_Holdout,Method_D_Gap1,Method D: Gap Closing (Max Gap 1),distance,1,5.0,fixed,874,770,104,4,19,31,0.1739,0.1143,0.1379,0.0741,0.0741,308,104,204,104,2.92,31.21,0.7998,3.0
Extended_Holdout,Method_D_Gap1,Method D: Gap Closing (Max Gap 1),hybrid,1,5.0,fixed,485,203,282,3,20,32,0.1304,0.0857,0.1034,0.0545,0.0545,1916,282,1634,282,1.57,6.28,3.3803,3.97
Extended_Holdout,Method_E_Gap2,Method E: Gap Closing (Max Gap 2),distance,2,5.0,fixed,925,770,155,4,19,31,0.1739,0.1143,0.1379,0.0741,0.0741,634,155,479,155,3.29,38.61,1.1706,3.26
Extended_Holdout,Method_E_Gap2,Method E: Gap Closing (Max Gap 2),hybrid,2,5.0,fixed,620,203,417,3,20,32,0.1304,0.0857,0.1034,0.0545,0.0545,3340,417,2923,417,1.87,11.85,5.3235,4.9
Extended_Holdout,Method_F_Gap2_VelocityAdaptive,Method F: Gap Closing + Velocity Adaptive,distance,2,5.0,velocity_adaptive,925,770,155,4,19,31,0.1739,0.1143,0.1379,0.0741,0.0741,634,155,479,155,3.29,38.61,3.3465,3.37
Extended_Holdout,Method_F_Gap2_VelocityAdaptive,Method F: Gap Closing + Velocity Adaptive,hybrid,2,5.0,velocity_adaptive,613,185,428,3,19,32,0.1364,0.0857,0.1053,0.0556,0.0556,3363,428,2935,428,1.86,10.89,7.9888,5.03
Continuous,Method_A_Fixed5um,Method A: Locked Fixed-5 µm,distance,0,5.0,fixed,1818,1818,0,14,34,52,0.2917,0.2121,0.2456,0.14,0.14,0,0,0,0,2.69,24.23,0.6721,5.71
Continuous,Method_A_Fixed5um,Method A: Locked Fixed-5 µm,hybrid,0,5.0,fixed,429,429,0,13,29,53,0.3095,0.197,0.2407,0.1368,0.1368,0,0,0,0,1.17,1.14,1.1269,5.56
Continuous,Method_B_Fixed7um,Method B: Fixed-7 µm Gate,distance,0,7.0,fixed,2126,2126,0,15,40,51,0.2727,0.2273,0.2479,0.1415,0.1415,0,0,0,0,3.76,41.22,0.6637,6.36
Continuous,Method_B_Fixed7um,Method B: Fixed-7 µm Gate,hybrid,0,7.0,fixed,464,464,0,15,29,51,0.3409,0.2273,0.2727,0.1579,0.1579,0,0,0,0,1.19,1.52,1.3734,6.19
Continuous,Method_C_VelocityAdaptive,Method C: Velocity-Adaptive Gate (No Gap),distance,0,5.0,velocity_adaptive,1818,1818,0,14,34,52,0.2917,0.2121,0.2456,0.14,0.14,0,0,0,0,2.69,24.23,6.1351,5.81
Continuous,Method_C_VelocityAdaptive,Method C: Velocity-Adaptive Gate (No Gap),hybrid,0,5.0,velocity_adaptive,411,411,0,13,28,53,0.3171,0.197,0.243,0.1383,0.1383,0,0,0,0,1.17,0.97,6.7499,5.66
Continuous,Method_D_Gap1,Method D: Gap Closing (Max Gap 1),distance,1,5.0,fixed,2077,1818,259,14,34,52,0.2917,0.2121,0.2456,0.14,0.14,788,259,529,259,3.54,36.8,1.9459,6.23
Continuous,Method_D_Gap1,Method D: Gap Closing (Max Gap 1),hybrid,1,5.0,fixed,1186,429,757,13,29,53,0.3095,0.197,0.2407,0.1368,0.1368,5239,757,4482,757,1.69,7.67,9.3002,8.59
Continuous,Method_E_Gap2,Method E: Gap Closing (Max Gap 2),distance,2,5.0,fixed,2199,1818,381,14,34,52,0.2917,0.2121,0.2456,0.14,0.14,1590,381,1209,381,4.16,45.55,2.8851,6.74
Continuous,Method_E_Gap2,Method E: Gap Closing (Max Gap 2),hybrid,2,5.0,fixed,1564,429,1135,13,29,53,0.3095,0.197,0.2407,0.1368,0.1368,9327,1135,8192,1135,2.18,14.65,15.6083,10.83
Continuous,Method_F_Gap2_VelocityAdaptive,Method F: Gap Closing + Velocity Adaptive,distance,2,5.0,velocity_adaptive,2199,1818,381,14,34,52,0.2917,0.2121,0.2456,0.14,0.14,1590,381,1209,381,4.16,45.55,8.365,6.84
Continuous,Method_F_Gap2_VelocityAdaptive,Method F: Gap Closing + Velocity Adaptive,hybrid,2,5.0,velocity_adaptive,1563,410,1153,13,28,53,0.3171,0.197,0.243,0.1383,0.1383,9413,1153,8260,1153,2.17,14.41,21.8109,10.99
