track_id,track_length,last_observed_frame,termination_cause,min_dist_to_next_detection_um,has_plausible_gap1_detection,min_dist_gap1_um,has_plausible_gap2_detection,min_dist_gap2_um
0,1,0,candidate_gate_failure,7.63,True,6.61,True,8.53
1,1,0,candidate_gate_failure,7.23,False,9.2,True,9.03
2,1,0,candidate_gate_failure,6.96,True,6.0,True,5.91
3,5,4,candidate_gate_failure,9.03,True,1.07,True,1.56
4,5,4,candidate_gate_failure,8.11,True,5.89,True,4.89
5,1,0,candidate_gate_failure,6.11,True,6.66,True,7.1
6,5,4,candidate_gate_failure,5.03,True,6.2,True,4.57
7,5,4,candidate_gate_failure,8.22,True,7.74,True,7.68
8,1,0,candidate_gate_failure,9.33,False,11.43,True,0.99
9,4,3,assignment_conflict,4.95,True,1.8,True,1.61
10,5,4,assignment_conflict,4.93,True,4.25,True,4.7
11,1,0,candidate_gate_failure,5.28,False,10.62,True,10.3
12,3,2,assignment_conflict,2.58,True,3.07,True,1.67
13,1,0,candidate_gate_failure,5.12,True,5.2,True,5.29
14,1,0,candidate_gate_failure,9.44,False,10.19,True,3.26
15,3,2,assignment_conflict,4.34,True,3.67,True,1.13
16,1,0,candidate_gate_failure,9.19,False,11.59,True,1.46
17,1,0,missing_detection,10.76,False,10.84,True,3.6
18,1,0,candidate_gate_failure,5.53,True,5.52,True,5.59
19,4,3,assignment_conflict,3.82,True,7.44,True,8.02
20,2,1,assignment_conflict,4.52,True,3.53,True,3.49
21,1,0,candidate_gate_failure,5.28,True,4.99,True,3.26
22,6,5,candidate_gate_failure,7.02,True,5.1,True,3.45
23,7,6,candidate_gate_failure,6.28,True,6.99,True,4.7
24,1,0,candidate_gate_failure,6.72,True,5.29,True,4.9
25,1,0,candidate_gate_failure,5.49,True,5.36,True,6.2
26,1,0,candidate_gate_failure,5.71,True,5.85,True,4.09
27,1,0,candidate_gate_failure,5.51,True,5.79,True,6.06
28,1,0,assignment_conflict,3.84,True,3.72,True,3.25
29,2,1,assignment_conflict,4.68,True,4.4,True,6.18
30,5,4,candidate_gate_failure,5.18,True,6.14,True,7.17
31,4,3,candidate_gate_failure,5.31,True,4.99,True,5.02
32,2,1,candidate_gate_failure,5.24,True,5.4,True,3.64
33,1,0,candidate_gate_failure,6.13,True,5.87,True,4.66
34,2,1,candidate_gate_failure,8.6,True,7.15,True,7.28
35,1,0,candidate_gate_failure,5.94,True,6.45,True,5.93
36,4,3,assignment_conflict,3.65,True,6.78,True,4.63
37,2,1,candidate_gate_failure,5.67,True,5.99,True,4.54
38,2,1,candidate_gate_failure,7.82,True,7.53,True,4.96
39,1,0,assignment_conflict,3.31,True,5.04,True,4.24
40,1,0,candidate_gate_failure,6.11,True,6.0,True,4.34
41,1,0,candidate_gate_failure,6.68,True,7.08,True,8.29
42,1,0,candidate_gate_failure,7.84,True,5.47,True,4.74
43,1,0,candidate_gate_failure,9.04,False,10.15,True,3.68
44,7,6,assignment_conflict,4.09,True,3.95,True,3.27
45,1,0,candidate_gate_failure,6.2,True,6.08,True,7.34
46,11,10,candidate_gate_failure,5.24,True,3.76,True,2.39
47,4,3,candidate_gate_failure,5.12,True,4.27,True,4.89
48,1,0,candidate_gate_failure,5.66,True,2.36,True,4.96
49,3,2,assignment_conflict,3.69,True,4.44,True,2.59
50,10,9,candidate_gate_failure,9.43,False,12.75,False,10.82
51,1,0,candidate_gate_failure,5.72,True,5.78,True,6.79
52,1,0,candidate_gate_failure,7.57,True,5.51,True,8.87
53,1,0,candidate_gate_failure,5.08,True,3.22,True,3.65
54,1,0,candidate_gate_failure,6.17,True,6.19,True,4.87
55,2,1,assignment_conflict,2.96,True,5.9,True,3.03
56,8,7,assignment_conflict,4.6,True,4.5,True,6.82
57,2,1,assignment_conflict,4.81,True,8.21,True,6.07
58,5,4,assignment_conflict,3.74,True,5.95,True,5.41
59,2,1,candidate_gate_failure,6.56,True,5.51,True,5.32
60,1,0,candidate_gate_failure,8.58,True,7.57,True,5.96
61,4,3,assignment_conflict,4.42,True,3.83,True,5.17
62,3,2,candidate_gate_failure,5.7,True,2.37,True,4.97
63,1,0,assignment_conflict,4.61,True,3.33,True,2.29
64,1,0,candidate_gate_failure,5.68,True,6.39,True,5.43
65,2,1,candidate_gate_failure,5.05,True,6.68,True,7.68
66,4,3,assignment_conflict,4.67,True,7.96,True,5.91
67,1,0,candidate_gate_failure,5.46,True,3.83,True,1.77
68,1,0,candidate_gate_failure,7.43,True,5.69,True,9.2
69,7,6,candidate_gate_failure,7.5,True,7.84,False,11.55
70,5,4,assignment_conflict,3.37,True,5.15,True,5.02
71,5,4,assignment_conflict,4.83,True,7.59,False,10.83
72,1,0,candidate_gate_failure,5.32,True,3.89,True,2.46
73,1,0,candidate_gate_failure,6.94,True,5.74,True,6.26
74,1,0,candidate_gate_failure,6.67,True,5.86,True,5.66
75,1,0,candidate_gate_failure,5.46,True,4.94,True,5.46
76,1,0,candidate_gate_failure,7.88,True,7.94,True,7.38
77,1,0,candidate_gate_failure,5.05,True,5.83,True,4.5
78,2,1,candidate_gate_failure,5.69,True,5.21,True,3.12
79,1,0,candidate_gate_failure,8.7,True,7.69,False,11.55
80,1,0,candidate_gate_failure,5.87,True,5.02,True,4.51
81,1,0,candidate_gate_failure,7.33,True,6.95,True,6.93
82,1,0,assignment_conflict,4.0,True,4.84,True,3.37
83,5,4,assignment_conflict,4.34,True,5.48,True,5.92
84,1,0,candidate_gate_failure,5.45,True,4.41,True,5.65
85,1,0,assignment_conflict,3.91,False,8.86,True,8.82
86,2,1,candidate_gate_failure,5.91,True,5.27,True,4.93
87,4,3,candidate_gate_failure,5.31,True,4.88,True,4.51
88,1,0,candidate_gate_failure,5.04,True,4.08,True,4.05
89,7,6,candidate_gate_failure,6.25,True,3.24,True,1.96
90,1,0,assignment_conflict,3.72,True,4.15,True,6.16
91,1,0,assignment_conflict,4.77,True,3.86,True,4.71
92,1,0,assignment_conflict,4.26,True,5.49,True,5.65
93,1,0,missing_detection,10.77,False,13.02,True,4.94
94,5,4,assignment_conflict,3.71,True,4.27,True,2.51
95,2,1,candidate_gate_failure,7.64,True,7.05,True,5.02
96,2,1,assignment_conflict,4.43,True,5.75,True,7.36
97,3,2,assignment_conflict,3.43,True,5.73,True,3.98
98,2,1,candidate_gate_failure,5.8,True,5.89,True,5.44
99,5,4,assignment_conflict,2.98,True,5.08,True,1.34
100,4,3,candidate_gate_failure,6.1,True,2.74,True,0.6
101,3,2,assignment_conflict,3.93,True,4.55,True,3.65
102,1,0,candidate_gate_failure,9.85,True,8.13,True,9.66
103,2,1,candidate_gate_failure,5.76,True,5.43,True,4.93
104,2,1,candidate_gate_failure,9.02,False,9.33,True,7.04
105,1,0,assignment_conflict,4.83,True,4.74,True,5.64
106,3,2,assignment_conflict,3.92,True,7.1,True,6.17
107,3,2,candidate_gate_failure,6.15,True,4.76,True,5.77
108,2,1,missing_detection,10.95,False,9.95,False,11.64
109,2,1,candidate_gate_failure,5.04,True,7.0,True,6.31
110,3,2,assignment_conflict,3.74,True,4.72,True,2.83
111,4,3,assignment_conflict,4.53,True,4.22,True,3.33
112,2,1,candidate_gate_failure,7.15,True,7.49,True,1.39
113,1,0,candidate_gate_failure,5.94,True,6.39,True,6.58
114,2,1,missing_detection,13.7,False,11.23,True,9.58
115,3,2,candidate_gate_failure,7.82,True,4.39,True,4.11
116,7,6,assignment_conflict,3.88,True,6.5,True,5.0
117,1,0,candidate_gate_failure,6.21,True,4.17,True,3.52
118,7,6,candidate_gate_failure,7.19,True,4.86,True,1.73
119,1,0,candidate_gate_failure,5.4,True,4.6,True,2.4
120,5,4,candidate_gate_failure,5.36,True,4.72,True,2.55
121,2,1,assignment_conflict,4.48,True,5.9,True,3.89
122,2,1,missing_detection,12.03,False,11.79,True,5.55
123,2,1,assignment_conflict,2.72,True,1.69,True,1.85
124,7,6,assignment_conflict,4.75,True,3.29,True,4.81
125,3,2,candidate_gate_failure,9.92,False,10.13,True,8.35
126,2,1,missing_detection,11.64,True,8.05,True,9.93
127,3,2,assignment_conflict,3.04,True,4.08,False,12.15
128,11,10,assignment_conflict,4.21,True,1.0,True,2.94
129,4,3,assignment_conflict,3.15,True,5.89,True,3.13
130,1,0,candidate_gate_failure,7.03,True,6.64,True,5.4
131,1,0,candidate_gate_failure,7.91,True,7.63,True,7.57
132,1,0,assignment_conflict,4.66,True,2.7,True,5.31
133,2,1,assignment_conflict,3.64,True,2.48,True,2.03
134,4,3,assignment_conflict,4.89,True,4.62,True,1.66
135,1,0,candidate_gate_failure,9.31,True,7.2,True,6.92
136,1,0,candidate_gate_failure,5.11,True,5.91,True,2.92
137,3,2,candidate_gate_failure,6.58,True,3.04,True,2.92
138,7,6,assignment_conflict,3.87,True,7.2,True,5.66
139,1,0,missing_detection,10.34,False,11.83,True,2.85
140,2,1,assignment_conflict,4.7,True,4.03,True,8.47
141,1,0,candidate_gate_failure,5.41,False,10.96,True,9.74
142,1,0,assignment_conflict,5.0,False,13.03,False,12.25
143,2,1,candidate_gate_failure,8.86,True,8.28,True,3.64
144,4,3,assignment_conflict,2.98,True,0.66,True,2.45
145,2,1,missing_detection,10.87,False,10.13,True,7.1
146,5,4,candidate_gate_failure,5.82,True,2.33,True,3.73
147,2,1,assignment_conflict,2.8,True,6.75,True,3.7
148,3,2,assignment_conflict,4.33,True,4.93,True,3.69
149,4,3,candidate_gate_failure,6.03,True,5.6,True,5.26
150,3,2,assignment_conflict,3.28,True,4.5,True,2.02
151,1,0,assignment_conflict,4.13,True,2.71,True,2.14
152,6,5,candidate_gate_failure,7.16,True,7.65,True,7.84
153,3,2,assignment_conflict,3.17,True,7.33,True,7.42
154,5,4,candidate_gate_failure,5.09,True,6.6,True,4.98
155,11,10,assignment_conflict,4.03,True,7.8,True,2.71
156,1,0,assignment_conflict,4.26,True,2.47,True,3.03
157,1,0,assignment_conflict,4.75,True,5.02,True,1.48
158,3,2,assignment_conflict,4.12,True,3.09,True,6.98
159,3,2,assignment_conflict,3.35,True,1.84,True,2.2
160,2,1,candidate_gate_failure,5.82,True,5.86,True,4.33
161,4,3,candidate_gate_failure,7.31,True,7.74,True,9.93
162,1,0,candidate_gate_failure,5.24,True,2.17,True,1.85
163,4,3,candidate_gate_failure,9.18,False,9.98,False,12.33
164,4,4,candidate_gate_failure,6.5,True,8.47,True,4.84
165,3,3,assignment_conflict,4.54,True,3.51,True,8.32
166,5,5,candidate_gate_failure,5.34,True,4.86,True,4.73
167,3,3,assignment_conflict,3.93,True,5.22,True,5.55
168,3,3,candidate_gate_failure,5.85,True,5.75,True,6.41
169,4,4,assignment_conflict,4.47,True,4.63,True,5.9
170,3,3,assignment_conflict,3.63,True,3.61,True,5.75
171,3,3,missing_detection,12.59,True,8.43,True,5.77
172,3,3,assignment_conflict,4.11,True,6.29,True,4.91
173,1,1,candidate_gate_failure,5.41,True,7.29,True,4.21
174,2,2,assignment_conflict,3.45,True,4.24,True,4.51
175,4,4,candidate_gate_failure,5.34,True,3.22,True,6.23
176,3,3,candidate_gate_failure,6.44,True,2.67,True,2.62
177,1,1,assignment_conflict,1.87,True,4.68,True,6.37
178,5,5,candidate_gate_failure,6.37,False,10.05,True,10.5
179,5,5,candidate_gate_failure,5.15,True,4.13,True,6.19
180,2,2,assignment_conflict,3.91,True,2.9,True,5.49
181,2,2,candidate_gate_failure,5.3,True,6.76,True,4.4
182,4,4,candidate_gate_failure,6.34,True,5.42,True,3.78
183,3,3,assignment_conflict,3.68,True,5.33,True,1.45
184,1,1,assignment_conflict,3.6,True,5.87,True,6.37
185,5,5,assignment_conflict,4.92,True,4.0,True,3.71
186,6,6,assignment_conflict,3.74,True,6.39,True,5.18
187,3,3,assignment_conflict,4.04,True,3.26,True,3.23
188,1,1,candidate_gate_failure,5.51,True,4.0,True,1.72
189,2,2,candidate_gate_failure,5.64,True,7.34,True,5.69
190,1,1,assignment_conflict,4.2,True,5.22,True,3.06
191,1,1,assignment_conflict,3.45,True,5.56,True,4.39
192,4,4,candidate_gate_failure,5.07,True,4.24,True,5.29
193,4,4,assignment_conflict,4.37,True,4.01,True,6.44
194,6,6,candidate_gate_failure,5.62,True,4.19,True,3.45
195,3,3,candidate_gate_failure,5.91,True,3.25,True,2.23
196,1,1,assignment_conflict,3.59,True,3.5,True,4.13
197,3,3,candidate_gate_failure,5.06,True,3.57,True,2.22
198,1,1,assignment_conflict,4.74,True,1.64,True,3.17
199,1,1,assignment_conflict,3.66,True,2.77,True,1.61
200,1,1,assignment_conflict,3.21,True,4.9,True,3.23
201,4,4,assignment_conflict,4.33,True,3.58,True,3.58
202,3,3,candidate_gate_failure,6.25,True,7.82,True,6.1
203,2,2,assignment_conflict,4.35,True,7.88,True,4.3
204,6,6,candidate_gate_failure,8.8,False,9.4,True,7.7
205,2,2,candidate_gate_failure,5.32,True,5.34,True,4.04
206,2,2,assignment_conflict,4.5,False,9.04,True,4.48
207,2,2,assignment_conflict,4.34,True,4.41,True,5.52
208,1,1,candidate_gate_failure,5.29,True,2.81,True,6.67
209,12,12,assignment_conflict,3.01,True,4.82,True,10.05
210,4,4,candidate_gate_failure,5.83,True,3.12,True,3.8
211,3,3,candidate_gate_failure,5.54,True,7.91,True,1.89
212,2,2,candidate_gate_failure,7.65,True,5.6,True,3.47
213,3,3,candidate_gate_failure,5.64,True,7.64,True,6.79
214,3,3,candidate_gate_failure,8.53,True,7.33,True,2.22
215,9,9,candidate_gate_failure,7.58,False,9.0,True,7.08
216,1,1,assignment_conflict,4.36,True,6.9,True,2.22
217,3,3,assignment_conflict,4.13,True,5.42,True,5.41
218,1,1,assignment_conflict,3.48,True,4.19,True,4.78
219,5,5,assignment_conflict,3.04,True,3.08,True,1.87
220,1,1,assignment_conflict,2.11,True,3.89,True,0.52
221,3,3,candidate_gate_failure,5.72,True,4.11,True,4.25
222,3,3,candidate_gate_failure,5.32,True,7.19,True,5.71
223,4,4,candidate_gate_failure,5.28,True,3.01,True,3.52
224,1,1,candidate_gate_failure,6.21,True,7.82,True,7.75
225,1,1,assignment_conflict,3.49,True,5.31,True,1.21
226,2,2,assignment_conflict,4.49,False,9.45,True,6.79
227,3,3,assignment_conflict,4.31,True,3.42,True,6.37
228,2,2,candidate_gate_failure,5.69,True,6.16,True,6.68
229,2,2,assignment_conflict,4.14,True,3.37,True,3.96
230,3,3,candidate_gate_failure,8.74,True,5.16,True,3.83
231,1,1,candidate_gate_failure,6.14,True,2.35,True,6.32
232,6,6,candidate_gate_failure,5.62,True,4.76,True,5.42
233,4,4,missing_detection,10.36,False,14.02,False,12.93
234,5,5,candidate_gate_failure,5.24,True,3.92,True,5.73
235,1,1,candidate_gate_failure,6.13,True,3.76,True,1.81
236,3,3,assignment_conflict,4.76,True,3.57,True,2.25
237,2,2,candidate_gate_failure,6.5,False,8.82,True,8.45
238,3,3,candidate_gate_failure,5.19,True,5.13,True,4.93
239,3,3,missing_detection,11.46,False,10.47,False,12.11
240,1,1,candidate_gate_failure,6.8,True,3.3,True,5.3
241,1,1,assignment_conflict,4.42,True,4.46,True,5.13
242,9,9,candidate_gate_failure,7.59,False,9.32,False,12.09
243,1,1,candidate_gate_failure,5.23,True,5.33,True,2.86
244,2,2,assignment_conflict,2.09,True,6.01,True,5.8
245,1,1,assignment_conflict,4.43,True,3.99,True,6.43
246,3,3,assignment_conflict,4.73,True,3.5,True,2.08
247,2,2,assignment_conflict,4.75,True,4.4,True,2.88
248,2,2,assignment_conflict,4.89,True,7.57,True,9.41
249,1,1,candidate_gate_failure,5.05,True,7.31,True,3.12
250,1,1,assignment_conflict,3.46,True,6.93,True,5.86
251,1,1,assignment_conflict,4.76,True,2.75,True,3.5
252,2,2,candidate_gate_failure,7.37,True,5.85,True,1.92
253,1,1,assignment_conflict,3.83,True,5.82,True,2.99
254,1,1,candidate_gate_failure,6.39,False,9.27,True,7.47
255,1,1,missing_detection,12.79,True,6.9,True,9.39
256,1,1,missing_detection,11.87,True,4.73,True,8.0
257,1,1,candidate_gate_failure,8.22,True,6.6,True,7.07
258,3,4,candidate_gate_failure,5.93,True,4.5,True,2.56
259,1,2,assignment_conflict,3.66,True,6.79,True,6.58
260,2,3,candidate_gate_failure,5.71,True,3.47,True,4.35
261,3,4,assignment_conflict,4.05,True,3.62,True,3.14
262,2,3,candidate_gate_failure,6.41,True,2.15,True,8.46
263,1,2,candidate_gate_failure,6.92,True,2.97,True,3.16
264,2,3,candidate_gate_failure,5.58,True,5.8,True,5.27
265,9,10,assignment_conflict,3.44,True,6.57,True,4.42
266,2,3,assignment_conflict,4.76,False,9.57,False,12.16
267,2,3,candidate_gate_failure,5.29,True,3.42,True,0.77
268,2,3,assignment_conflict,4.26,False,8.93,True,4.59
269,5,6,assignment_conflict,2.68,True,6.95,True,4.61
270,3,4,candidate_gate_failure,5.01,True,3.48,True,4.92
271,2,3,candidate_gate_failure,5.19,True,5.14,True,5.69
272,10,11,candidate_gate_failure,9.05,True,7.26,True,2.71
273,4,5,assignment_conflict,4.16,True,6.22,True,5.11
274,1,2,assignment_conflict,1.86,True,8.11,True,5.15
275,2,3,candidate_gate_failure,7.51,True,4.74,True,4.48
276,3,4,assignment_conflict,4.77,True,3.43,True,6.65
277,3,4,candidate_gate_failure,5.21,True,4.57,True,6.72
278,3,4,assignment_conflict,4.17,True,5.02,True,5.48
279,2,3,candidate_gate_failure,5.02,True,1.82,True,1.02
280,4,5,missing_detection,11.33,False,11.87,True,10.35
281,1,2,candidate_gate_failure,6.86,True,5.3,True,4.29
282,8,9,candidate_gate_failure,6.5,True,4.22,True,5.88
283,1,2,assignment_conflict,4.64,True,2.85,True,3.57
284,5,6,candidate_gate_failure,5.88,True,6.1,True,4.84
285,1,2,assignment_conflict,4.88,True,4.74,True,5.55
286,2,3,candidate_gate_failure,6.66,False,9.55,True,9.16
287,1,2,assignment_conflict,4.68,True,3.68,True,4.68
288,2,3,assignment_conflict,4.09,True,6.34,True,6.44
289,1,2,assignment_conflict,4.66,True,4.25,True,6.17
290,2,4,assignment_conflict,4.95,True,4.55,True,9.04
291,1,3,assignment_conflict,4.86,True,2.75,True,1.42
292,2,4,candidate_gate_failure,5.36,True,5.2,True,3.44
293,4,6,assignment_conflict,3.7,True,7.94,True,7.24
294,5,7,candidate_gate_failure,8.72,True,7.76,True,7.96
295,3,5,assignment_conflict,4.76,True,3.21,True,9.84
296,2,4,candidate_gate_failure,5.1,True,4.84,True,1.47
297,3,5,candidate_gate_failure,5.27,True,4.16,True,3.85
298,2,4,candidate_gate_failure,6.33,True,8.4,True,5.73
299,2,4,candidate_gate_failure,5.46,True,3.32,True,2.28
300,2,4,candidate_gate_failure,7.23,True,6.62,True,4.52
301,2,4,assignment_conflict,4.87,True,3.06,True,5.35
302,2,4,assignment_conflict,3.35,True,6.35,True,3.25
303,12,14,assignment_conflict,4.73,True,4.22,True,8.72
304,4,6,candidate_gate_failure,8.79,True,4.25,True,8.24
305,5,7,assignment_conflict,1.99,True,3.51,True,5.17
306,1,3,assignment_conflict,3.92,True,6.36,True,6.93
307,4,6,assignment_conflict,4.77,True,6.36,True,8.07
308,3,5,candidate_gate_failure,5.34,True,6.21,True,3.76
309,3,5,assignment_conflict,2.08,True,1.87,True,4.15
310,2,4,assignment_conflict,4.48,True,6.86,True,3.37
311,3,5,assignment_conflict,3.69,True,3.72,True,4.01
312,4,6,candidate_gate_failure,5.4,False,9.38,True,8.67
313,2,4,assignment_conflict,3.27,True,4.92,True,6.98
314,1,3,candidate_gate_failure,7.19,True,5.74,True,2.54
315,3,5,candidate_gate_failure,7.04,False,10.33,False,10.57
316,2,4,assignment_conflict,4.67,True,5.95,True,4.37
317,3,5,candidate_gate_failure,5.09,True,5.35,True,1.51
318,2,4,assignment_conflict,3.64,True,3.63,True,3.12
319,3,5,candidate_gate_failure,7.37,True,4.91,True,3.07
320,1,3,candidate_gate_failure,5.33,True,3.69,True,4.37
321,1,3,candidate_gate_failure,8.44,True,1.15,True,4.72
322,3,5,candidate_gate_failure,8.3,False,10.34,False,11.34
323,1,3,candidate_gate_failure,7.5,True,4.5,True,0.98
324,3,5,assignment_conflict,4.42,True,7.81,True,7.8
325,1,3,assignment_conflict,3.84,True,3.68,True,7.55
326,3,5,candidate_gate_failure,6.49,True,4.04,True,2.48
327,1,3,candidate_gate_failure,6.65,True,4.47,True,4.49
328,2,4,assignment_conflict,4.72,True,4.27,True,9.26
329,7,9,candidate_gate_failure,5.1,True,4.17,True,4.24
330,1,3,assignment_conflict,4.5,True,3.27,True,1.86
331,3,5,candidate_gate_failure,5.43,True,7.35,True,4.34
332,3,6,candidate_gate_failure,5.14,True,3.76,True,3.05
333,1,4,candidate_gate_failure,5.01,True,6.35,True,3.55
334,3,6,candidate_gate_failure,8.92,False,9.49,True,7.41
335,3,6,candidate_gate_failure,6.83,True,6.74,True,6.75
336,2,5,assignment_conflict,4.63,True,1.92,True,4.15
337,1,4,candidate_gate_failure,5.17,True,5.85,True,4.92
338,1,4,assignment_conflict,4.73,True,5.48,True,2.55
339,2,5,assignment_conflict,4.48,True,4.42,True,2.52
340,2,5,assignment_conflict,3.98,True,2.3,True,1.76
341,10,13,candidate_gate_failure,5.36,True,5.36,True,4.72
342,2,5,assignment_conflict,3.82,True,5.11,True,4.79
343,3,6,candidate_gate_failure,5.29,True,7.12,True,3.79
344,10,13,assignment_conflict,3.24,True,8.17,True,4.8
345,3,6,candidate_gate_failure,6.64,True,3.99,True,5.61
346,8,11,candidate_gate_failure,9.79,False,9.46,False,11.41
347,1,4,candidate_gate_failure,5.23,True,3.53,True,1.35
348,3,6,assignment_conflict,3.55,True,0.94,True,2.32
349,5,8,assignment_conflict,4.83,True,6.88,True,4.38
350,4,7,assignment_conflict,3.69,True,6.88,True,4.04
351,2,5,assignment_conflict,3.61,True,2.19,True,3.77
352,6,9,candidate_gate_failure,5.87,True,6.56,True,6.6
353,3,6,candidate_gate_failure,6.61,True,3.85,True,4.76
354,2,5,candidate_gate_failure,5.58,True,4.15,True,6.83
355,6,9,candidate_gate_failure,7.74,True,5.72,True,6.19
356,3,6,assignment_conflict,4.71,True,4.72,True,4.86
357,1,4,assignment_conflict,4.37,True,6.74,True,5.51
358,1,4,candidate_gate_failure,5.07,True,6.44,True,3.38
359,6,9,assignment_conflict,3.39,True,6.88,True,3.81
360,2,5,assignment_conflict,3.76,True,4.79,True,8.22
361,2,5,candidate_gate_failure,5.77,True,3.61,True,0.89
362,7,10,assignment_conflict,4.69,True,2.84,True,2.84
363,3,6,candidate_gate_failure,8.85,True,7.02,True,5.44
364,4,7,assignment_conflict,4.31,True,3.02,True,3.66
365,11,14,candidate_gate_failure,6.57,True,2.6,True,5.65
366,2,5,candidate_gate_failure,7.17,True,4.72,True,2.81
367,1,4,candidate_gate_failure,6.06,True,8.16,True,3.93
368,8,11,assignment_conflict,1.66,True,6.17,True,5.57
369,2,5,candidate_gate_failure,5.34,True,1.88,True,9.41
370,4,7,candidate_gate_failure,7.8,True,7.65,True,5.31
371,3,6,candidate_gate_failure,7.11,True,4.94,True,1.55
372,2,5,candidate_gate_failure,5.1,True,2.01,True,3.55
373,2,5,candidate_gate_failure,7.67,True,3.28,True,3.6
374,1,4,candidate_gate_failure,5.38,True,6.35,True,5.34
375,2,5,candidate_gate_failure,7.5,True,7.0,True,6.74
376,4,7,assignment_conflict,4.82,True,3.63,True,3.48
377,5,8,assignment_conflict,4.85,True,4.95,True,6.22
378,1,4,assignment_conflict,4.79,True,1.52,True,3.71
379,5,8,candidate_gate_failure,7.28,True,5.89,True,6.2
380,1,4,assignment_conflict,3.69,True,6.2,True,6.15
381,3,6,candidate_gate_failure,5.4,True,7.72,True,6.55
382,1,4,candidate_gate_failure,5.9,True,6.66,True,6.04
383,6,9,assignment_conflict,4.11,True,7.07,True,4.95
384,4,7,candidate_gate_failure,5.8,True,5.13,True,7.16
385,7,10,candidate_gate_failure,5.4,True,3.42,True,3.5
386,3,6,assignment_conflict,4.27,True,3.07,False,10.53
387,2,5,assignment_conflict,3.49,True,3.38,True,3.64
388,6,9,assignment_conflict,4.5,False,9.4,True,8.63
389,3,6,candidate_gate_failure,6.12,True,7.2,True,3.95
390,4,7,candidate_gate_failure,5.66,True,5.65,True,5.53
391,3,7,candidate_gate_failure,8.96,False,9.44,True,10.35
392,2,6,assignment_conflict,4.33,True,6.44,True,6.68
393,3,7,candidate_gate_failure,9.25,False,10.28,False,13.65
394,2,6,candidate_gate_failure,5.28,True,7.15,True,3.01
395,4,8,assignment_conflict,3.66,True,3.85,True,6.59
396,2,6,candidate_gate_failure,8.52,True,6.03,True,4.94
397,5,9,assignment_conflict,3.47,True,4.61,True,3.12
398,2,6,assignment_conflict,4.48,True,1.92,True,1.95
399,1,5,assignment_conflict,3.81,True,2.7,True,2.6
400,4,8,candidate_gate_failure,5.9,True,2.22,True,6.08
401,2,6,assignment_conflict,4.82,True,3.36,True,1.6
402,3,7,assignment_conflict,2.91,True,6.1,True,5.37
403,2,6,candidate_gate_failure,5.06,True,6.2,True,5.16
404,3,7,assignment_conflict,4.55,True,2.79,True,1.49
405,2,6,candidate_gate_failure,7.52,True,5.65,True,5.69
406,5,9,candidate_gate_failure,5.47,True,7.37,True,5.88
407,5,9,candidate_gate_failure,6.66,True,7.92,True,8.67
408,3,7,candidate_gate_failure,5.88,True,6.4,True,6.34
409,7,11,assignment_conflict,4.86,True,3.9,True,2.01
410,10,14,candidate_gate_failure,5.69,True,3.61,True,3.26
411,3,7,candidate_gate_failure,6.04,True,5.82,True,4.99
412,6,10,candidate_gate_failure,5.7,False,8.9,True,7.03
413,2,6,candidate_gate_failure,6.5,True,6.83,True,7.22
414,6,10,candidate_gate_failure,5.89,True,4.28,True,1.01
415,1,5,assignment_conflict,3.89,True,2.71,True,4.58
416,2,6,candidate_gate_failure,9.49,True,7.69,True,6.51
417,10,14,assignment_conflict,3.93,True,2.96,True,5.59
418,1,5,assignment_conflict,4.01,True,2.62,True,3.8
419,7,11,candidate_gate_failure,7.41,True,8.09,True,3.92
420,6,10,assignment_conflict,4.42,True,1.57,True,2.04
421,5,9,assignment_conflict,4.44,True,5.75,True,5.21
422,2,6,candidate_gate_failure,5.53,True,5.78,True,3.47
423,2,6,candidate_gate_failure,5.57,True,7.98,True,7.55
424,5,9,candidate_gate_failure,5.36,True,3.19,True,3.26
425,13,17,candidate_gate_failure,6.49,True,3.34,False,
426,1,5,assignment_conflict,3.68,True,7.85,True,5.52
427,1,5,assignment_conflict,4.48,True,5.29,True,5.5
428,4,8,candidate_gate_failure,9.94,False,11.74,True,4.48
429,1,5,assignment_conflict,2.17,True,4.1,True,3.77
430,5,9,assignment_conflict,2.01,True,5.54,True,6.61
431,6,10,candidate_gate_failure,5.21,True,5.85,True,4.43
432,1,5,assignment_conflict,3.2,True,4.4,True,2.01
433,7,11,missing_detection,10.31,False,10.88,True,8.13
434,2,6,candidate_gate_failure,5.8,False,9.02,True,7.15
435,2,6,candidate_gate_failure,5.83,True,8.11,True,9.28
436,1,5,candidate_gate_failure,5.92,True,3.92,True,1.56
437,2,6,assignment_conflict,4.79,True,5.26,True,6.79
438,1,5,assignment_conflict,4.8,True,5.13,True,4.33
439,6,10,candidate_gate_failure,5.49,True,4.74,True,3.69
440,2,7,assignment_conflict,3.73,False,9.0,True,7.36
441,3,8,candidate_gate_failure,5.45,True,4.78,True,6.31
442,1,6,candidate_gate_failure,5.13,True,2.93,True,2.47
443,4,9,assignment_conflict,3.45,True,5.79,True,2.34
444,1,6,assignment_conflict,3.01,True,4.41,True,6.03
445,3,8,assignment_conflict,4.32,True,6.07,True,5.59
446,6,11,missing_detection,11.52,False,11.3,True,8.76
447,6,11,assignment_conflict,4.68,True,4.6,True,4.68
448,4,9,assignment_conflict,4.73,True,4.36,True,9.79
449,3,8,missing_detection,12.01,False,11.49,True,1.95
450,2,7,assignment_conflict,4.97,True,5.33,True,2.75
451,3,8,assignment_conflict,3.58,True,2.54,True,5.04
452,4,9,assignment_conflict,3.01,True,8.58,True,7.82
453,1,6,assignment_conflict,4.73,True,3.45,True,3.5
454,4,9,assignment_conflict,4.65,True,6.24,True,5.97
455,10,15,candidate_gate_failure,5.45,True,2.07,True,5.49
456,2,7,assignment_conflict,4.3,True,3.32,True,1.71
457,3,8,assignment_conflict,2.88,True,1.98,True,2.68
458,1,6,candidate_gate_failure,5.67,True,4.89,True,2.6
459,2,7,candidate_gate_failure,8.03,True,7.01,True,3.15
460,1,6,candidate_gate_failure,5.14,True,7.31,True,4.77
461,1,6,candidate_gate_failure,5.32,True,4.7,True,6.18
462,5,10,assignment_conflict,4.57,True,2.25,True,2.56
463,1,6,candidate_gate_failure,5.29,True,2.9,True,3.77
464,1,6,candidate_gate_failure,6.08,True,4.44,True,3.54
465,1,6,assignment_conflict,2.27,True,3.34,True,4.95
466,3,8,assignment_conflict,3.99,True,5.22,True,3.1
467,1,6,candidate_gate_failure,5.11,True,4.61,True,3.79
468,1,6,candidate_gate_failure,6.6,True,6.71,True,6.73
469,1,6,candidate_gate_failure,5.33,True,5.67,True,6.19
470,1,6,candidate_gate_failure,5.31,True,2.28,True,3.2
471,4,9,assignment_conflict,4.64,True,4.92,True,3.19
472,2,7,candidate_gate_failure,5.67,True,2.66,True,4.1
473,3,8,candidate_gate_failure,8.15,True,5.02,True,4.85
474,3,8,assignment_conflict,4.44,True,4.68,True,8.18
475,2,7,assignment_conflict,4.18,True,5.48,True,2.22
476,2,7,candidate_gate_failure,7.28,True,3.37,True,5.74
477,5,10,assignment_conflict,4.76,True,1.9,True,3.76
478,5,10,candidate_gate_failure,9.73,False,9.78,True,6.53
479,2,7,assignment_conflict,2.51,True,1.82,True,6.76
480,4,9,candidate_gate_failure,6.29,True,4.5,True,4.0
481,2,7,assignment_conflict,2.66,True,4.17,True,6.87
482,4,9,candidate_gate_failure,6.32,True,5.22,True,4.31
483,3,8,assignment_conflict,3.68,True,4.99,True,7.41
484,1,6,candidate_gate_failure,6.53,True,6.89,True,3.92
485,3,8,assignment_conflict,4.16,True,5.07,True,6.85
486,1,6,candidate_gate_failure,9.64,True,8.39,True,8.24
487,2,7,assignment_conflict,3.07,True,5.08,True,3.4
488,1,6,candidate_gate_failure,9.28,True,7.82,True,6.34
489,1,6,candidate_gate_failure,7.73,True,5.14,True,3.45
490,4,9,assignment_conflict,4.22,True,6.96,True,7.62
491,2,7,assignment_conflict,4.95,True,2.71,True,8.45
492,4,9,candidate_gate_failure,5.53,True,7.27,True,7.28
493,9,14,candidate_gate_failure,7.79,True,5.33,True,3.28
494,5,11,missing_detection,11.72,False,10.06,True,3.15
495,2,8,candidate_gate_failure,5.34,True,3.87,True,3.96
496,1,7,assignment_conflict,3.1,True,2.82,True,6.12
497,5,11,candidate_gate_failure,8.4,True,8.29,True,8.94
498,6,12,assignment_conflict,4.22,True,6.05,True,9.73
499,3,9,assignment_conflict,3.16,True,2.21,True,10.48
500,7,13,assignment_conflict,3.15,True,2.98,True,1.94
501,8,14,candidate_gate_failure,6.73,True,4.19,True,7.05
502,3,9,assignment_conflict,4.28,True,2.26,True,1.88
503,1,7,assignment_conflict,2.43,True,2.36,True,2.13
504,8,14,candidate_gate_failure,5.14,True,5.99,True,8.31
505,2,8,assignment_conflict,4.34,True,4.34,True,3.29
506,7,13,assignment_conflict,3.43,True,3.71,True,4.24
507,4,10,candidate_gate_failure,6.82,True,7.32,True,8.8
508,2,8,assignment_conflict,3.01,True,6.13,True,6.25
509,4,10,candidate_gate_failure,7.67,True,7.5,True,7.69
510,1,7,assignment_conflict,2.62,True,1.65,True,1.03
511,3,9,candidate_gate_failure,5.71,True,2.67,True,3.94
512,3,9,candidate_gate_failure,7.99,True,6.56,True,5.38
513,9,15,candidate_gate_failure,5.1,True,2.42,True,5.5
514,2,8,assignment_conflict,4.9,True,5.55,True,6.45
515,1,7,assignment_conflict,4.85,True,6.6,True,3.25
516,9,15,assignment_conflict,4.17,True,4.61,True,2.78
517,7,13,assignment_conflict,3.6,True,8.07,True,5.53
518,6,12,candidate_gate_failure,7.43,True,8.28,True,8.63
519,2,8,assignment_conflict,4.63,True,6.05,True,4.29
520,2,8,candidate_gate_failure,5.18,True,3.96,True,0.97
521,3,9,candidate_gate_failure,5.46,True,4.04,True,2.6
522,1,7,assignment_conflict,3.11,True,5.07,True,7.28
523,2,8,assignment_conflict,3.77,True,2.28,True,5.0
525,2,8,candidate_gate_failure,5.68,True,2.85,True,2.26
526,2,8,assignment_conflict,4.41,True,3.9,True,4.21
527,1,7,assignment_conflict,4.74,True,7.47,True,7.43
528,2,8,candidate_gate_failure,7.58,True,4.37,True,4.39
529,4,10,candidate_gate_failure,7.65,True,4.94,True,4.8
530,4,10,assignment_conflict,2.91,True,7.02,True,5.14
531,3,9,candidate_gate_failure,6.3,True,3.1,True,2.53
532,3,9,candidate_gate_failure,7.8,True,3.45,True,1.55
533,2,8,candidate_gate_failure,5.78,False,13.7,False,13.23
534,3,9,missing_detection,10.09,True,7.53,True,9.01
535,4,10,candidate_gate_failure,8.03,False,8.83,True,9.83
536,1,7,assignment_conflict,3.16,True,4.08,True,4.33
537,1,7,candidate_gate_failure,6.0,True,6.4,True,7.53
538,1,7,assignment_conflict,4.54,True,8.5,True,6.1
539,7,13,assignment_conflict,4.72,True,3.39,True,8.14
540,1,7,candidate_gate_failure,5.81,True,4.12,True,3.63
541,1,7,assignment_conflict,4.68,True,7.44,True,4.46
542,2,8,candidate_gate_failure,6.74,True,7.03,True,2.49
543,4,10,assignment_conflict,4.89,True,7.07,True,3.18
544,1,7,assignment_conflict,4.71,True,6.52,True,4.69
545,8,15,candidate_gate_failure,7.32,True,1.85,True,3.42
546,8,15,assignment_conflict,2.64,True,4.22,True,4.36
547,3,10,candidate_gate_failure,5.56,True,5.5,True,5.98
548,1,8,assignment_conflict,4.24,True,3.07,True,4.48
549,5,12,assignment_conflict,3.05,True,4.26,True,5.13
550,1,8,assignment_conflict,1.44,True,4.8,True,4.71
551,2,9,candidate_gate_failure,6.2,True,3.7,True,5.83
552,1,8,candidate_gate_failure,7.89,True,5.05,True,1.51
553,4,11,assignment_conflict,4.4,True,2.95,True,4.13
554,2,9,assignment_conflict,3.85,True,3.66,True,6.79
555,3,10,candidate_gate_failure,9.61,True,7.56,True,5.38
556,2,9,candidate_gate_failure,5.36,True,6.21,True,5.09
557,2,9,assignment_conflict,3.67,True,4.98,True,6.9
558,3,10,candidate_gate_failure,6.97,True,8.03,True,7.88
559,4,11,assignment_conflict,4.74,True,6.76,True,4.05
560,1,8,assignment_conflict,4.74,True,5.78,False,10.54
561,2,9,candidate_gate_failure,7.97,False,10.41,False,12.87
562,1,8,assignment_conflict,4.65,True,8.34,True,4.65
563,1,8,candidate_gate_failure,5.98,True,6.31,True,7.77
564,1,8,assignment_conflict,4.05,True,8.05,True,3.75
565,3,10,candidate_gate_failure,8.17,True,6.99,True,6.58
566,3,10,candidate_gate_failure,5.84,True,6.13,True,6.07
567,1,8,candidate_gate_failure,5.68,True,6.73,True,5.89
568,1,8,assignment_conflict,4.28,True,4.07,True,3.37
569,1,8,assignment_conflict,4.93,True,3.65,True,3.52
570,7,15,candidate_gate_failure,5.45,True,1.12,True,5.01
571,2,10,candidate_gate_failure,5.34,True,6.89,True,4.3
572,1,9,assignment_conflict,2.74,True,5.44,False,12.43
573,2,10,candidate_gate_failure,6.95,False,11.97,False,14.3
574,2,10,assignment_conflict,4.86,True,0.85,True,2.48
575,1,9,candidate_gate_failure,5.74,False,10.73,False,14.39
576,2,10,candidate_gate_failure,7.73,True,7.08,True,7.75
577,5,13,assignment_conflict,4.09,True,4.69,True,3.77
578,2,10,candidate_gate_failure,5.56,True,2.99,True,1.07
579,3,11,assignment_conflict,3.86,True,6.25,True,9.1
580,3,11,candidate_gate_failure,6.78,True,5.87,True,5.3
581,8,16,assignment_conflict,4.96,True,5.78,True,7.4
582,2,10,candidate_gate_failure,6.73,True,5.3,True,5.29
583,2,10,candidate_gate_failure,6.09,True,1.46,True,0.72
584,2,10,assignment_conflict,4.7,True,5.19,True,4.07
585,7,15,assignment_conflict,4.68,True,2.07,True,8.29
586,3,11,candidate_gate_failure,6.16,True,4.78,True,3.76
587,5,13,candidate_gate_failure,5.59,True,7.63,True,9.84
588,2,10,candidate_gate_failure,6.21,True,4.62,True,4.24
589,2,10,candidate_gate_failure,7.59,True,7.13,True,4.29
590,2,10,candidate_gate_failure,6.76,True,4.4,True,3.44
591,2,10,assignment_conflict,4.45,True,4.37,True,2.76
592,2,10,candidate_gate_failure,5.11,True,4.88,True,4.24
593,2,10,candidate_gate_failure,5.76,True,4.45,True,4.9
594,8,16,candidate_gate_failure,6.2,True,4.01,True,2.06
595,2,10,candidate_gate_failure,7.66,True,1.56,True,5.12
596,3,11,candidate_gate_failure,5.2,True,5.87,True,6.97
597,2,10,candidate_gate_failure,6.73,True,7.29,True,3.55
598,3,11,candidate_gate_failure,5.87,True,4.6,True,3.29
599,1,9,candidate_gate_failure,6.74,True,8.03,False,11.1
600,2,10,candidate_gate_failure,8.12,False,9.45,True,8.72
601,1,9,candidate_gate_failure,8.07,True,4.31,True,6.37
602,1,9,candidate_gate_failure,9.8,False,10.42,False,14.13
603,1,9,assignment_conflict,4.96,True,8.16,True,9.56
604,1,9,assignment_conflict,3.73,True,6.01,True,1.56
605,1,9,candidate_gate_failure,5.8,True,2.06,True,2.72
606,1,9,candidate_gate_failure,6.24,True,7.16,True,5.87
607,1,10,candidate_gate_failure,8.9,False,9.46,True,4.37
608,1,10,candidate_gate_failure,5.37,True,8.42,True,9.4
609,3,12,assignment_conflict,3.96,True,4.34,True,5.9
610,1,10,assignment_conflict,4.18,True,2.83,True,2.6
611,3,12,candidate_gate_failure,7.05,True,8.68,True,4.39
612,1,10,assignment_conflict,4.82,True,2.48,True,1.61
613,1,10,candidate_gate_failure,5.29,True,5.86,True,7.42
614,1,10,candidate_gate_failure,5.01,True,4.94,True,4.77
615,2,11,assignment_conflict,3.82,True,1.92,True,2.77
616,1,10,assignment_conflict,4.9,True,6.15,True,4.08
617,3,12,assignment_conflict,4.72,True,8.08,True,9.01
618,7,16,candidate_gate_failure,5.53,True,5.59,True,7.99
619,1,10,candidate_gate_failure,5.05,True,4.6,True,7.33
620,4,13,candidate_gate_failure,5.09,True,7.43,True,2.53
621,4,13,candidate_gate_failure,5.05,True,8.33,True,5.16
622,1,10,assignment_conflict,3.53,True,5.55,True,4.54
623,3,12,candidate_gate_failure,6.03,True,5.96,True,4.13
624,4,13,candidate_gate_failure,5.0,True,5.14,True,7.94
625,1,10,candidate_gate_failure,6.77,True,5.01,True,3.27
626,2,11,candidate_gate_failure,5.3,True,5.52,True,6.29
627,5,14,assignment_conflict,3.85,True,4.68,True,4.44
628,1,10,candidate_gate_failure,5.2,True,2.94,True,1.74
629,3,12,missing_detection,10.4,False,14.31,False,12.29
630,2,11,candidate_gate_failure,8.27,True,4.93,True,9.26
631,4,13,candidate_gate_failure,6.23,True,4.01,True,2.61
632,1,10,assignment_conflict,3.71,True,5.03,True,6.01
633,6,15,candidate_gate_failure,5.94,True,5.44,True,4.72
634,1,10,candidate_gate_failure,5.94,True,4.48,True,3.44
635,2,11,candidate_gate_failure,6.63,True,5.23,True,4.97
636,2,11,candidate_gate_failure,8.71,False,10.24,True,8.75
637,1,10,candidate_gate_failure,7.79,True,5.46,True,3.15
638,1,10,candidate_gate_failure,7.32,True,7.6,True,6.55
639,3,12,candidate_gate_failure,5.37,True,3.46,True,5.72
640,2,11,candidate_gate_failure,7.08,True,4.33,True,10.47
641,7,16,assignment_conflict,4.35,True,8.05,True,3.74
642,6,15,assignment_conflict,4.51,True,4.44,True,2.71
643,2,11,candidate_gate_failure,6.33,True,4.39,True,1.56
644,1,10,assignment_conflict,2.37,True,4.94,True,4.73
645,8,17,candidate_gate_failure,5.91,True,4.46,False,
646,2,11,candidate_gate_failure,6.41,True,5.74,True,5.2
647,2,11,assignment_conflict,4.88,True,3.12,True,6.03
648,2,11,candidate_gate_failure,6.14,True,6.09,True,3.96
649,3,12,assignment_conflict,4.78,True,3.89,True,2.36
650,1,10,candidate_gate_failure,5.07,True,3.67,True,3.28
651,1,10,assignment_conflict,4.07,True,7.55,True,4.22
652,5,15,candidate_gate_failure,9.42,False,13.22,False,11.52
653,1,11,assignment_conflict,3.11,True,6.35,True,6.15
654,2,12,candidate_gate_failure,5.35,True,6.18,True,4.28
655,6,16,assignment_conflict,4.48,True,5.42,True,3.57
656,4,14,candidate_gate_failure,5.54,True,2.48,True,3.7
657,4,14,candidate_gate_failure,8.39,True,4.43,True,1.82
658,4,14,assignment_conflict,3.5,True,4.98,True,7.32
659,3,13,candidate_gate_failure,6.55,True,7.88,True,5.11
660,6,16,candidate_gate_failure,5.5,True,4.31,True,5.91
661,4,14,candidate_gate_failure,8.88,True,6.86,True,6.0
662,4,14,assignment_conflict,4.03,True,8.49,True,5.53
663,5,15,missing_detection,10.26,False,9.3,True,6.02
664,5,15,candidate_gate_failure,6.15,True,5.09,True,6.51
665,4,14,assignment_conflict,3.59,True,3.41,True,3.41
666,6,16,assignment_conflict,4.46,True,1.41,True,2.04
667,4,14,assignment_conflict,4.88,True,3.23,True,1.28
668,3,13,assignment_conflict,2.91,True,8.53,True,5.17
669,1,11,assignment_conflict,3.45,True,5.44,True,4.7
670,1,11,assignment_conflict,4.41,True,2.43,True,8.51
671,1,11,assignment_conflict,3.59,True,2.82,True,8.48
672,8,18,candidate_gate_failure,6.59,False,,False,
673,4,14,assignment_conflict,3.53,True,2.47,True,2.55
674,1,11,assignment_conflict,4.52,True,1.87,True,7.52
675,3,13,candidate_gate_failure,5.09,True,5.49,True,3.55
676,2,12,candidate_gate_failure,5.25,True,5.18,True,3.43
677,6,16,candidate_gate_failure,5.23,True,5.54,True,7.05
678,1,11,candidate_gate_failure,5.62,False,9.12,True,9.31
679,8,18,candidate_gate_failure,5.32,False,,False,
680,3,13,assignment_conflict,2.95,True,2.18,True,5.09
681,4,14,assignment_conflict,2.83,True,6.25,True,3.2
682,6,16,candidate_gate_failure,5.53,True,4.49,True,3.43
683,1,11,assignment_conflict,4.94,True,6.07,True,1.46
684,1,11,candidate_gate_failure,5.74,True,3.46,True,2.34
685,5,15,candidate_gate_failure,5.27,False,11.45,True,8.3
686,1,11,assignment_conflict,2.48,True,5.64,True,6.93
687,1,11,candidate_gate_failure,5.97,True,7.38,True,1.99
688,1,11,assignment_conflict,3.91,True,6.45,True,8.16
689,1,11,candidate_gate_failure,9.42,False,9.3,True,5.39
690,6,16,assignment_conflict,4.84,True,1.63,True,2.3
691,3,13,candidate_gate_failure,6.0,True,5.61,True,4.1
692,3,13,candidate_gate_failure,5.08,True,4.65,True,4.75
693,1,11,candidate_gate_failure,6.47,True,6.32,True,1.92
694,2,12,assignment_conflict,2.79,True,3.41,True,1.44
695,4,14,candidate_gate_failure,5.42,True,7.16,True,9.07
696,4,14,assignment_conflict,4.71,True,4.1,True,2.22
698,3,13,candidate_gate_failure,6.61,True,7.49,True,4.5
699,1,11,assignment_conflict,3.51,True,1.42,True,5.16
700,4,14,candidate_gate_failure,5.22,True,3.84,True,6.15
701,3,13,candidate_gate_failure,5.89,True,5.3,True,3.99
702,3,13,candidate_gate_failure,5.91,True,3.67,True,3.6
703,7,17,missing_detection,10.55,True,6.82,False,
704,3,13,assignment_conflict,2.12,True,7.35,True,6.57
705,2,12,assignment_conflict,4.96,True,4.66,True,4.53
706,1,11,candidate_gate_failure,7.38,True,6.43,False,11.34
707,1,11,assignment_conflict,3.27,True,4.81,True,5.53
708,1,11,candidate_gate_failure,6.71,True,7.43,True,5.35
709,2,12,assignment_conflict,2.68,True,3.34,True,7.25
710,5,15,candidate_gate_failure,5.47,True,7.4,True,8.35
711,2,12,candidate_gate_failure,9.35,True,8.59,False,13.55
712,3,13,candidate_gate_failure,8.31,True,4.54,True,4.75
713,5,15,candidate_gate_failure,6.5,True,8.7,True,9.22
714,4,14,candidate_gate_failure,7.95,False,10.36,True,9.21
715,2,12,assignment_conflict,3.5,True,5.74,True,4.74
716,1,11,candidate_gate_failure,6.91,True,7.05,True,5.41
717,6,16,candidate_gate_failure,7.51,False,9.78,True,7.3
718,1,11,assignment_conflict,4.37,True,3.5,True,4.21
719,5,15,candidate_gate_failure,6.86,True,2.58,True,3.81
720,2,12,assignment_conflict,2.93,True,3.36,True,5.79
721,3,13,candidate_gate_failure,6.23,True,2.99,True,2.3
722,3,13,assignment_conflict,2.12,True,6.49,True,8.92
723,1,11,candidate_gate_failure,5.1,True,4.71,True,6.24
724,1,11,missing_detection,12.66,False,10.28,True,7.59
725,2,12,missing_detection,13.65,False,12.05,True,9.93
726,1,11,assignment_conflict,3.08,True,2.32,True,5.17
727,1,11,assignment_conflict,3.54,True,5.12,True,4.62
728,6,17,missing_detection,10.46,True,8.07,False,
729,3,14,candidate_gate_failure,9.36,True,4.71,True,2.32
730,3,14,assignment_conflict,3.82,True,6.34,True,4.29
731,2,13,assignment_conflict,1.91,False,9.44,True,6.32
732,3,14,assignment_conflict,4.14,True,5.37,True,2.68
733,4,15,assignment_conflict,3.16,True,5.92,True,4.09
734,4,15,candidate_gate_failure,7.09,True,7.7,True,9.37
736,2,13,candidate_gate_failure,8.05,True,1.62,True,1.9
737,1,12,assignment_conflict,1.73,True,1.82,True,3.34
738,4,15,candidate_gate_failure,5.66,True,6.47,True,4.49
739,3,14,assignment_conflict,4.3,True,3.0,True,3.65
740,4,15,candidate_gate_failure,5.29,True,5.38,True,3.16
741,1,12,candidate_gate_failure,5.35,True,4.14,True,4.66
742,4,15,candidate_gate_failure,6.19,True,8.36,False,13.9
743,4,15,candidate_gate_failure,8.01,True,5.64,True,10.15
744,1,12,candidate_gate_failure,6.54,True,7.83,True,4.31
745,1,12,candidate_gate_failure,5.89,True,7.4,True,4.0
746,1,12,assignment_conflict,3.17,True,4.76,True,4.3
747,4,15,candidate_gate_failure,7.14,False,9.44,False,10.96
748,3,14,assignment_conflict,4.71,True,8.17,True,10.39
749,4,15,candidate_gate_failure,5.17,True,6.58,True,8.9
750,7,18,candidate_gate_failure,9.43,False,,False,
751,1,12,assignment_conflict,4.24,True,3.43,True,4.61
752,6,17,missing_detection,10.08,True,7.32,False,
753,3,14,candidate_gate_failure,5.09,True,7.86,True,8.19
754,2,13,candidate_gate_failure,9.06,False,10.46,True,6.19
755,1,12,assignment_conflict,4.74,True,4.58,True,3.28
756,2,14,candidate_gate_failure,5.11,True,1.79,True,5.01
757,2,14,candidate_gate_failure,6.35,False,10.46,False,15.58
758,3,15,assignment_conflict,3.79,True,2.52,True,3.46
759,2,14,assignment_conflict,4.64,True,6.76,True,8.66
760,3,15,candidate_gate_failure,6.76,True,4.08,True,6.48
761,1,13,assignment_conflict,4.39,True,3.51,True,4.06
762,4,16,candidate_gate_failure,6.02,True,2.23,True,1.63
763,1,13,missing_detection,10.42,True,4.86,True,1.48
764,2,14,candidate_gate_failure,5.33,True,5.52,True,6.08
765,3,15,assignment_conflict,4.84,True,1.49,True,3.0
766,6,18,assignment_conflict,3.29,False,,False,
767,4,16,assignment_conflict,3.02,True,2.1,True,2.58
768,3,15,assignment_conflict,4.26,True,6.25,True,7.15
770,4,16,candidate_gate_failure,7.28,True,6.34,True,5.26
771,2,14,candidate_gate_failure,8.25,True,6.89,True,6.25
772,1,13,assignment_conflict,3.32,True,3.25,True,3.26
773,1,13,candidate_gate_failure,6.44,True,4.54,True,7.48
775,3,15,missing_detection,10.11,False,10.13,True,8.8
776,2,14,assignment_conflict,4.88,True,5.43,True,1.97
777,1,13,candidate_gate_failure,5.27,True,2.65,True,2.59
778,3,15,missing_detection,10.01,False,8.75,True,8.43
779,1,13,assignment_conflict,3.3,True,4.41,False,10.83
780,1,13,assignment_conflict,2.38,True,3.49,True,8.21
781,3,15,candidate_gate_failure,9.7,True,8.21,True,9.01
782,3,15,missing_detection,12.55,False,9.94,False,13.72
783,1,13,assignment_conflict,4.68,True,6.77,True,8.54
784,1,13,assignment_conflict,2.57,True,3.22,False,11.08
785,1,13,candidate_gate_failure,6.55,True,8.49,True,7.73
786,1,13,assignment_conflict,4.25,True,4.2,True,10.19
787,1,13,assignment_conflict,4.97,True,2.78,True,3.63
788,3,15,assignment_conflict,2.78,True,3.4,True,1.84
789,1,13,candidate_gate_failure,6.6,True,4.82,True,6.26
790,4,16,candidate_gate_failure,5.91,True,4.41,True,8.01
791,1,13,assignment_conflict,4.35,True,4.31,True,6.57
792,1,13,candidate_gate_failure,5.2,True,4.27,True,4.91
793,2,15,assignment_conflict,4.14,False,9.25,True,4.06
794,2,15,candidate_gate_failure,5.98,True,6.28,True,3.75
795,4,17,candidate_gate_failure,8.5,True,8.2,False,
796,1,14,assignment_conflict,4.95,True,5.73,True,5.51
797,3,16,candidate_gate_failure,5.09,True,2.62,True,1.88
798,5,18,assignment_conflict,4.54,False,,False,
799,4,17,assignment_conflict,3.63,True,5.06,False,
800,1,14,candidate_gate_failure,5.37,True,7.29,True,2.32
801,2,15,candidate_gate_failure,6.34,False,9.64,True,7.27
803,1,14,candidate_gate_failure,5.26,True,2.74,True,4.54
804,1,14,candidate_gate_failure,5.48,True,3.7,True,4.46
805,3,16,candidate_gate_failure,5.65,True,2.81,True,1.07
806,4,17,candidate_gate_failure,6.35,True,2.05,False,
807,4,17,candidate_gate_failure,5.59,True,5.37,False,
808,5,18,candidate_gate_failure,5.64,False,,False,
809,1,14,assignment_conflict,4.46,True,5.99,True,2.87
810,1,14,candidate_gate_failure,5.21,True,4.58,True,6.35
811,3,16,candidate_gate_failure,6.26,True,5.53,True,8.82
812,3,16,candidate_gate_failure,6.24,True,3.11,True,1.2
813,3,16,candidate_gate_failure,7.22,True,2.9,True,4.24
814,4,17,assignment_conflict,4.61,True,6.73,False,
815,1,14,assignment_conflict,4.91,True,5.85,True,2.82
816,2,15,assignment_conflict,3.32,True,8.17,True,9.59
818,1,14,assignment_conflict,4.65,True,7.41,True,8.82
819,1,14,candidate_gate_failure,7.82,False,9.88,True,3.27
820,2,15,candidate_gate_failure,7.19,True,5.67,True,10.36
821,2,15,candidate_gate_failure,5.27,True,7.85,False,13.32
822,1,14,candidate_gate_failure,5.12,False,11.04,False,10.88
823,5,18,assignment_conflict,5.0,False,,False,
824,3,16,assignment_conflict,4.52,True,7.45,True,8.7
825,4,17,candidate_gate_failure,5.52,True,3.75,False,
826,2,15,assignment_conflict,4.29,True,6.48,False,10.59
827,3,16,assignment_conflict,4.99,True,6.06,True,2.89
828,3,16,candidate_gate_failure,6.98,True,4.06,True,4.3
829,1,14,candidate_gate_failure,5.25,True,4.59,True,4.73
830,1,14,candidate_gate_failure,6.66,True,6.96,True,8.54
831,4,18,candidate_gate_failure,6.47,False,,False,
832,2,16,candidate_gate_failure,5.42,True,6.06,True,3.13
833,2,16,candidate_gate_failure,6.54,True,6.84,True,4.28
834,2,16,assignment_conflict,3.72,True,4.68,True,9.6
835,2,16,candidate_gate_failure,5.14,True,4.4,True,6.0
836,4,18,candidate_gate_failure,5.38,False,,False,
837,1,15,assignment_conflict,3.85,True,8.73,True,8.91
838,2,16,assignment_conflict,4.34,True,0.82,True,8.11
839,2,16,candidate_gate_failure,7.21,True,8.42,True,5.4
840,3,17,assignment_conflict,2.92,True,3.31,False,
841,2,16,candidate_gate_failure,6.03,True,3.84,True,2.28
842,2,16,candidate_gate_failure,6.45,True,5.02,True,3.51
843,2,16,candidate_gate_failure,6.71,True,8.15,True,5.04
844,1,15,candidate_gate_failure,5.59,True,2.69,True,1.98
845,4,18,candidate_gate_failure,9.07,False,,False,
846,3,17,candidate_gate_failure,8.39,True,4.79,False,
847,3,17,candidate_gate_failure,7.25,True,4.96,False,
848,1,15,candidate_gate_failure,5.16,False,12.02,False,13.37
849,1,15,candidate_gate_failure,5.03,False,11.71,False,13.17
850,1,15,assignment_conflict,3.5,True,4.87,True,2.89
851,3,17,candidate_gate_failure,5.4,True,3.22,False,
852,3,17,candidate_gate_failure,8.56,True,6.01,False,
853,2,16,candidate_gate_failure,6.79,True,2.55,True,4.01
854,3,17,candidate_gate_failure,7.48,True,4.63,False,
856,2,16,assignment_conflict,3.99,False,12.22,True,8.48
857,2,16,candidate_gate_failure,5.55,True,2.64,True,1.52
858,2,16,missing_detection,11.56,True,8.66,True,2.83
859,2,16,assignment_conflict,4.9,True,4.62,True,1.97
860,2,16,candidate_gate_failure,5.4,True,7.4,True,3.32
862,3,17,candidate_gate_failure,9.09,True,4.72,False,
863,1,15,candidate_gate_failure,5.28,True,4.43,True,8.54
864,4,18,candidate_gate_failure,5.52,False,,False,
865,2,16,candidate_gate_failure,5.05,True,3.59,True,7.14
866,3,17,candidate_gate_failure,7.79,True,4.82,False,
867,2,16,candidate_gate_failure,5.42,True,8.01,True,8.91
868,1,15,candidate_gate_failure,7.22,True,7.18,True,6.23
869,2,16,assignment_conflict,2.95,True,8.09,False,13.43
870,3,17,assignment_conflict,4.16,True,3.97,False,
872,1,15,assignment_conflict,4.73,True,6.45,True,8.28
873,4,18,candidate_gate_failure,6.55,False,,False,
874,3,17,candidate_gate_failure,5.66,False,12.62,False,
877,3,17,candidate_gate_failure,6.14,False,9.71,False,
878,4,18,candidate_gate_failure,5.37,False,,False,
879,1,15,candidate_gate_failure,9.46,True,5.57,True,4.72
880,1,15,candidate_gate_failure,9.11,True,8.02,True,6.37
881,2,17,assignment_conflict,4.31,True,2.01,False,
882,1,16,candidate_gate_failure,5.36,True,8.08,True,1.85
883,1,16,candidate_gate_failure,5.76,False,8.78,True,5.49
885,3,18,candidate_gate_failure,7.56,False,,False,
887,1,16,assignment_conflict,3.71,True,7.05,True,6.47
888,1,16,candidate_gate_failure,6.96,True,7.36,True,6.99
889,3,18,assignment_conflict,3.02,False,,False,
890,1,16,candidate_gate_failure,5.97,True,4.71,True,3.51
891,2,17,candidate_gate_failure,5.47,True,5.26,False,
893,1,16,candidate_gate_failure,7.11,True,6.53,True,3.2
894,3,18,candidate_gate_failure,5.34,False,,False,
895,1,16,candidate_gate_failure,7.28,True,8.19,True,10.04
896,1,16,assignment_conflict,3.51,True,3.57,True,2.87
898,3,18,candidate_gate_failure,5.04,False,,False,
899,3,18,candidate_gate_failure,9.73,False,,False,
900,1,16,missing_detection,10.68,True,6.96,True,1.73
901,2,17,assignment_conflict,4.62,True,5.34,False,
902,1,16,assignment_conflict,4.94,True,7.65,True,6.91
903,1,16,candidate_gate_failure,5.15,True,6.49,True,4.89
904,2,17,candidate_gate_failure,8.5,False,8.76,False,
905,1,16,candidate_gate_failure,5.56,True,6.87,True,3.92
906,1,16,candidate_gate_failure,7.71,True,6.42,True,6.11
907,3,18,candidate_gate_failure,7.57,False,,False,
908,2,17,missing_detection,10.97,True,6.02,False,
910,2,17,candidate_gate_failure,5.0,True,3.21,False,
911,3,18,candidate_gate_failure,5.98,False,,False,
912,2,17,assignment_conflict,3.39,True,5.16,False,
913,3,18,candidate_gate_failure,5.82,False,,False,
915,2,17,assignment_conflict,3.47,True,3.82,False,
916,1,16,candidate_gate_failure,5.2,True,7.53,True,8.16
917,3,18,candidate_gate_failure,5.29,False,,False,
918,1,16,candidate_gate_failure,6.11,True,7.06,True,9.76
920,3,18,assignment_conflict,4.52,False,,False,
921,1,16,candidate_gate_failure,6.85,True,5.46,True,5.52
923,1,16,assignment_conflict,4.2,True,6.55,True,4.16
924,2,18,candidate_gate_failure,6.23,False,,False,
925,2,18,candidate_gate_failure,5.56,False,,False,
929,2,18,candidate_gate_failure,6.79,False,,False,
930,1,17,candidate_gate_failure,5.26,True,8.4,False,
933,1,17,assignment_conflict,4.03,True,2.02,False,
934,2,18,candidate_gate_failure,5.44,False,,False,
935,1,17,candidate_gate_failure,5.13,True,6.02,False,
937,2,18,candidate_gate_failure,6.22,False,,False,
938,1,17,candidate_gate_failure,6.95,True,7.26,False,
939,2,18,assignment_conflict,4.19,False,,False,
940,2,18,candidate_gate_failure,6.5,False,,False,
942,2,18,candidate_gate_failure,5.81,False,,False,
948,1,17,assignment_conflict,2.97,True,3.25,False,
949,2,18,candidate_gate_failure,5.23,False,,False,
950,2,18,assignment_conflict,3.3,False,,False,
951,1,17,candidate_gate_failure,5.91,True,1.73,False,
952,1,17,candidate_gate_failure,7.04,True,5.53,False,
953,2,18,candidate_gate_failure,6.05,False,,False,
954,2,18,assignment_conflict,4.73,False,,False,
955,1,17,candidate_gate_failure,6.08,True,4.32,False,
957,1,17,candidate_gate_failure,10.0,True,5.42,False,
959,2,18,candidate_gate_failure,6.46,False,,False,
963,2,18,assignment_conflict,3.69,False,,False,
965,1,17,assignment_conflict,3.25,True,4.73,False,
966,2,18,candidate_gate_failure,6.18,False,,False,
968,1,17,assignment_conflict,3.6,True,7.29,False,
969,2,18,missing_detection,11.32,False,,False,
972,1,17,assignment_conflict,3.63,True,1.85,False,
973,1,17,candidate_gate_failure,9.42,True,5.37,False,
974,2,18,candidate_gate_failure,5.03,False,,False,
975,1,17,candidate_gate_failure,7.77,True,7.67,False,
976,2,18,assignment_conflict,4.22,False,,False,
977,2,18,candidate_gate_failure,8.34,False,,False,
978,1,17,candidate_gate_failure,5.22,True,3.2,False,
979,2,18,assignment_conflict,4.33,False,,False,
980,2,18,candidate_gate_failure,8.67,False,,False,
981,1,18,missing_detection,10.1,False,,False,
982,1,18,candidate_gate_failure,5.08,False,,False,
983,1,18,candidate_gate_failure,5.65,False,,False,
987,1,18,candidate_gate_failure,5.4,False,,False,
989,1,18,assignment_conflict,4.94,False,,False,
994,1,18,assignment_conflict,4.91,False,,False,
997,1,18,candidate_gate_failure,5.0,False,,False,
998,1,18,assignment_conflict,4.58,False,,False,
1000,1,18,candidate_gate_failure,8.63,False,,False,
1004,1,18,assignment_conflict,4.11,False,,False,
1006,1,18,candidate_gate_failure,6.43,False,,False,
1009,1,18,assignment_conflict,4.53,False,,False,
1012,1,18,candidate_gate_failure,6.74,False,,False,
1016,1,18,assignment_conflict,4.08,False,,False,
