gate_um,split,detector,sequences,total_gt_nodes,total_gt_edges,det_cov_2_0um,det_cov_3_0um,det_mean_peaks,det_loc_err_um,total_pred_edges,edge_tp,edge_fp,edge_fn,edge_precision,edge_recall,edge_f1,edge_jaccard,fail_endpoint_det,fail_gate_rejection,fail_competition
3.0,train,Classical_DoG,10,113,85,0.3186,0.3274,5.2,0.8774,137,25,2,60,0.9259,0.2941,0.4464,0.2874,52,8,0
3.0,train,Learned_UNet_N0,10,113,85,0.6903,0.7876,18.2,1.1262,473,51,2,34,0.9623,0.6,0.7391,0.5862,8,22,4
3.0,train,Learned_UNet_N1,10,113,85,0.6903,0.7876,18.7,1.1598,493,53,1,32,0.9815,0.6235,0.7626,0.6163,5,23,4
3.0,inner_val,Classical_DoG,20,136,105,0.3603,0.3971,4.1,1.0571,240,38,1,67,0.9744,0.3619,0.5278,0.3585,62,5,0
3.0,inner_val,Learned_UNet_N0,20,136,105,0.6544,0.7574,17.4,1.1486,846,61,6,44,0.9104,0.581,0.7093,0.5495,10,32,2
3.0,inner_val,Learned_UNet_N1,20,136,105,0.6103,0.7868,17.4,1.1341,921,69,6,36,0.92,0.6571,0.7667,0.6216,5,30,1
3.0,held_out_val,Classical_DoG,12,76,59,0.0526,0.1053,1.1,1.4045,21,8,3,51,0.7273,0.1356,0.2286,0.129,45,6,0
3.0,held_out_val,Learned_UNet_N0,12,76,59,0.1184,0.3289,9.9,1.6826,169,24,6,35,0.8,0.4068,0.5393,0.3692,6,29,0
3.0,held_out_val,Learned_UNet_N1,12,76,59,0.1316,0.2895,9.3,1.2272,154,20,6,39,0.7692,0.339,0.4706,0.3077,18,20,1
5.0,train,Classical_DoG,10,113,85,0.3186,0.3274,5.2,0.8774,157,29,3,56,0.9062,0.3412,0.4957,0.3295,52,4,0
5.0,train,Learned_UNet_N0,10,113,85,0.6903,0.7876,18.2,1.1262,605,65,4,20,0.942,0.7647,0.8442,0.7303,8,4,8
5.0,train,Learned_UNet_N1,10,113,85,0.6903,0.7876,18.7,1.1598,634,74,1,11,0.9867,0.8706,0.925,0.8605,5,2,4
5.0,inner_val,Classical_DoG,20,136,105,0.3603,0.3971,4.1,1.0571,254,40,3,65,0.9302,0.381,0.5405,0.3704,62,2,1
5.0,inner_val,Learned_UNet_N0,20,136,105,0.6544,0.7574,17.4,1.1486,1090,80,8,25,0.9091,0.7619,0.829,0.708,10,7,8
5.0,inner_val,Learned_UNet_N1,20,136,105,0.6103,0.7868,17.4,1.1341,1132,86,9,19,0.9053,0.819,0.86,0.7544,5,8,6
5.0,held_out_val,Classical_DoG,12,76,59,0.0526,0.1053,1.1,1.4045,34,9,4,50,0.6923,0.1525,0.25,0.1429,45,5,0
5.0,held_out_val,Learned_UNet_N0,12,76,59,0.1184,0.3289,9.9,1.6826,289,40,14,19,0.7407,0.678,0.708,0.5479,6,11,2
5.0,held_out_val,Learned_UNet_N1,12,76,59,0.1316,0.2895,9.3,1.2272,272,26,16,33,0.619,0.4407,0.5149,0.3467,18,14,1
