variant,patch_id,split,sample_id,t,category,threshold,num_gt,num_peaks,matched_1_0,matched_2_0,matched_3_0,mean_dist_all_um,median_dist_all_um,mean_dist_matched_2_0_um,count_matched_2_0,mean_dist_matched_3_0_um,count_matched_3_0,mean_conf,detected_coords,detected_scores
classical_dog,train_6bba_t15_p01_crowded,train,6bba_bb9f20c3,15,crowded,0.0,2,5,0,0,0,9.678592463149597,9.678592463149597,,0,,0,0.25651758909225464,"[[8.0, 46.0, 32.0], [5.0, 24.0, 39.0], [8.0, 45.0, 5.0], [17.0, 48.0, 23.0], [12.0, 53.0, 10.0]]","[0.3222005367279053, 0.25880739092826843, 0.25183963775634766, 0.23075802624225616, 0.21898218989372253]"
classical_dog,train_6bba_t35_p02_crowded,train,6bba_bb9f20c3,35,crowded,0.0,2,3,0,0,0,10.95685074478388,10.95685074478388,,0,,0,0.32294419407844543,"[[9.0, 51.0, 25.0], [13.0, 9.0, 39.0], [9.0, 36.0, 54.0]]","[0.4044254422187805, 0.3047850728034973, 0.25962206721305847]"
classical_dog,train_6bba_t40_p03_crowded,train,6bba_bb9f20c3,40,crowded,0.0,2,5,0,0,0,8.542022781417897,8.542022781417897,,0,,0,0.26210957765579224,"[[12.0, 35.0, 17.0], [8.0, 32.0, 55.0], [18.0, 45.0, 24.0], [10.0, 40.0, 34.0], [14.0, 29.0, 57.0]]","[0.3033924996852875, 0.2962719202041626, 0.24573026597499847, 0.24070361256599426, 0.22444967925548553]"
classical_dog,train_6bba_t45_p04_crowded,train,6bba_bb9f20c3,45,crowded,0.0,3,4,1,1,1,7.543311758525397,7.001185725468223,0.0,1,0.0,1,0.33824020624160767,"[[10.0, 46.0, 53.0], [14.0, 32.0, 32.0], [15.0, 22.0, 48.0], [16.0, 32.0, 13.0]]","[0.37943464517593384, 0.3539879024028778, 0.3154686987400055, 0.3040696084499359]"
classical_dog,train_6bba_t55_p05_crowded,train,6bba_bb9f20c3,55,crowded,0.0,2,3,0,1,1,9.495969558869604,9.495969558869604,1.6750116604071745,1,1.6750116604071745,1,0.26557859778404236,"[[8.0, 30.0, 20.0], [7.0, 51.0, 24.0], [3.0, 31.0, 32.0]]","[0.32056280970573425, 0.24249209463596344, 0.2336808443069458]"
classical_dog,train_6bba_t55_p06_crowded,train,6bba_bb9f20c3,55,crowded,0.0,3,5,0,1,1,8.607116157179798,11.497664504693986,1.86167137607581,1,1.86167137607581,1,0.2934108376502991,"[[9.0, 53.0, 35.0], [12.0, 17.0, 41.0], [15.0, 30.0, 33.0], [19.0, 22.0, 36.0], [16.0, 52.0, 51.0]]","[0.36115923523902893, 0.30563125014305115, 0.2975635528564453, 0.2586258351802826, 0.24407429993152618]"
classical_dog,train_6bba_t15_p07_crowded,train,6bba_bb9f20c3,15,crowded,0.0,3,6,1,1,1,8.659371893623808,10.756039364584902,0.5745242597140698,1,0.5745242597140698,1,0.27513810992240906,"[[16.0, 21.0, 48.0], [24.0, 37.0, 30.0], [10.0, 41.0, 15.0], [9.0, 31.0, 33.0], [6.0, 39.0, 53.0], [21.0, 27.0, 33.0]]","[0.3665812313556671, 0.2847459316253662, 0.28029191493988037, 0.2577982246875763, 0.23707498610019684, 0.22433647513389587]"
classical_dog,train_6bba_t25_p08_crowded,train,6bba_bb9f20c3,25,crowded,0.0,4,5,0,0,0,8.334234714895086,9.090337696569161,,0,,0,0.24646875262260437,"[[6.0, 40.0, 25.0], [12.0, 61.0, 28.0], [8.0, 39.0, 49.0], [19.0, 15.0, 48.0], [13.0, 33.0, 19.0]]","[0.30854344367980957, 0.24888990819454193, 0.2329743355512619, 0.22747491300106049, 0.21446117758750916]"
classical_dog,train_6bba_t10_p09_crowded,train,6bba_bb9f20c3,10,crowded,0.0,2,3,0,1,1,12.033648500129788,12.033648500129788,1.284675299443404,1,1.284675299443404,1,0.26963332295417786,"[[2.0, 31.0, 29.0], [1.0, 56.0, 5.0], [4.0, 10.0, 53.0]]","[0.3394947946071625, 0.25320589542388916, 0.21619929373264313]"
classical_dog,train_6bba_t40_p10_crowded,train,6bba_bb9f20c3,40,crowded,0.0,2,3,0,0,0,10.602692099236439,10.602692099236439,,0,,0,0.353122740983963,"[[7.0, 30.0, 53.0], [11.0, 13.0, 17.0], [6.0, 39.0, 35.0]]","[0.38937318325042725, 0.3618781566619873, 0.3081169128417969]"
classical_dog,train_6bba_t35_p11_crowded,train,6bba_bb9f20c3,35,crowded,0.0,3,8,0,1,1,5.603598970730108,5.984436194204096,1.625,1,1.625,1,0.25949934124946594,"[[21.0, 24.0, 11.0], [2.0, 40.0, 20.0], [2.0, 6.0, 43.0], [7.0, 16.0, 44.0], [11.0, 40.0, 25.0], [4.0, 18.0, 14.0], [11.0, 10.0, 19.0], [7.0, 44.0, 49.0]]","[0.347189337015152, 0.2844342589378357, 0.27804213762283325, 0.27426183223724365, 0.23339439928531647, 0.22304384410381317, 0.22193072736263275, 0.21369823813438416]"
classical_dog,train_6bba_t45_p12_crowded,train,6bba_bb9f20c3,45,crowded,0.0,3,5,0,1,1,5.449920799218415,3.9804208320226646,1.86167137607581,1,1.86167137607581,1,0.2793029844760895,"[[7.0, 42.0, 43.0], [22.0, 33.0, 7.0], [10.0, 10.0, 34.0], [14.0, 14.0, 14.0], [11.0, 45.0, 22.0]]","[0.3190362751483917, 0.3185071349143982, 0.2638767957687378, 0.26113608479499817, 0.23395855724811554]"
classical_dog,train_6bba_t20_p13_crowded,train,6bba_bb9f20c3,20,crowded,0.0,3,4,0,0,0,9.621920631743821,8.760317577719428,,0,,0,0.3118971586227417,"[[4.0, 21.0, 58.0], [4.0, 26.0, 27.0], [11.0, 59.0, 28.0], [2.0, 53.0, 12.0]]","[0.359552800655365, 0.3283165693283081, 0.2818954288959503, 0.277823805809021]"
classical_dog,train_6bba_t20_p14_crowded,train,6bba_bb9f20c3,20,crowded,0.0,3,5,0,2,2,6.094470607919175,1.86167137607581,1.7926220776090096,2,1.7926220776090096,2,0.24214406311511993,"[[2.0, 46.0, 12.0], [3.0, 4.0, 32.0], [5.0, 42.0, 37.0], [10.0, 37.0, 30.0], [15.0, 33.0, 8.0]]","[0.2782110273838043, 0.26630550622940063, 0.25526919960975647, 0.20857317745685577, 0.2023613303899765]"
classical_dog,train_6bba_t15_p15_crowded,train,6bba_bb9f20c3,15,crowded,0.0,2,3,0,0,0,21.214622080314566,21.214622080314566,,0,,0,0.32580363750457764,"[[6.0, 32.0, 27.0], [10.0, 12.0, 36.0], [10.0, 29.0, 7.0]]","[0.3656943142414093, 0.35626545548439026, 0.25545114278793335]"
classical_dog,train_6bba_t30_p16_crowded,train,6bba_bb9f20c3,30,crowded,0.0,2,3,0,0,0,14.296143731873853,14.296143731873853,,0,,0,0.34810006618499756,"[[9.0, 17.0, 33.0], [6.0, 42.0, 30.0], [9.0, 9.0, 51.0]]","[0.36302709579467773, 0.3576858639717102, 0.32358720898628235]"
classical_dog,train_6bba_t50_p17_crowded,train,6bba_bb9f20c3,50,crowded,0.0,3,3,0,1,1,8.973479264858533,12.194268953590454,1.625,1,1.625,1,0.32576367259025574,"[[10.0, 43.0, 29.0], [17.0, 32.0, 32.0], [9.0, 34.0, 49.0]]","[0.40174978971481323, 0.29262492060661316, 0.2829163670539856]"
classical_dog,train_6bba_t55_p18_crowded,train,6bba_bb9f20c3,55,crowded,0.0,2,3,0,0,0,7.407880441074486,7.407880441074486,,0,,0,0.28200817108154297,"[[4.0, 12.0, 59.0], [2.0, 42.0, 38.0], [5.0, 33.0, 21.0]]","[0.3205174207687378, 0.26602596044540405, 0.25948116183280945]"
classical_dog,train_6bba_t45_p19_crowded,train,6bba_bb9f20c3,45,crowded,0.0,2,2,0,1,1,14.588632010674473,14.588632010674473,1.86167137607581,1,1.86167137607581,1,0.2973267436027527,"[[4.0, 13.0, 14.0], [2.0, 25.0, 32.0]]","[0.3169567286968231, 0.27769672870635986]"
classical_dog,train_6bba_t15_p20_crowded,train,6bba_bb9f20c3,15,crowded,0.0,2,9,1,1,1,6.615287606221529,6.615287606221529,0.9084026158592896,1,0.9084026158592896,1,0.26513758301734924,"[[19.0, 49.0, 32.0], [14.0, 18.0, 8.0], [12.0, 12.0, 44.0], [23.0, 28.0, 29.0], [14.0, 55.0, 19.0], [14.0, 30.0, 33.0], [23.0, 15.0, 10.0], [9.0, 40.0, 42.0], [19.0, 11.0, 44.0]]","[0.3374309837818146, 0.2880886197090149, 0.286091148853302, 0.2788880467414856, 0.26150017976760864, 0.24197930097579956, 0.23532608151435852, 0.23065467178821564, 0.22627924382686615]"
classical_dog,train_6bba_t30_p21_crowded,train,6bba_bb9f20c3,30,crowded,0.0,3,8,0,0,0,11.571419947904488,9.758459871439754,,0,,0,0.23335500061511993,"[[4.0, 12.0, 50.0], [11.0, 35.0, 13.0], [8.0, 61.0, 32.0], [4.0, 45.0, 28.0], [7.0, 28.0, 48.0], [15.0, 41.0, 54.0], [13.0, 20.0, 45.0], [22.0, 56.0, 15.0]]","[0.2880178689956665, 0.25943875312805176, 0.23627081513404846, 0.22721727192401886, 0.22387821972370148, 0.22073228657245636, 0.20564277470111847, 0.205641970038414]"
classical_dog,train_6bba_t50_p22_crowded,train,6bba_bb9f20c3,50,crowded,0.0,2,6,0,1,1,12.344899327319927,12.344899327319927,1.8168052317185792,1,1.8168052317185792,1,0.3159651458263397,"[[12.0, 54.0, 13.0], [18.0, 10.0, 25.0], [12.0, 46.0, 34.0], [15.0, 32.0, 14.0], [13.0, 25.0, 49.0], [8.0, 50.0, 55.0]]","[0.3563481569290161, 0.33975932002067566, 0.3264680504798889, 0.31707632541656494, 0.2845218777656555, 0.2716168761253357]"
classical_dog,train_6bba_t10_p23_crowded,train,6bba_bb9f20c3,10,crowded,0.0,3,6,1,2,2,6.57931804424634,1.6750116604071745,1.0406308302035874,2,1.0406308302035874,2,0.28326383233070374,"[[7.0, 55.0, 19.0], [3.0, 47.0, 46.0], [7.0, 35.0, 34.0], [26.0, 14.0, 22.0], [10.0, 16.0, 33.0], [16.0, 31.0, 26.0]]","[0.3299136757850647, 0.3028305172920227, 0.2890101969242096, 0.27262428402900696, 0.25871798396110535, 0.24648641049861908]"
classical_dog,train_6bba_t10_p24_crowded,train,6bba_bb9f20c3,10,crowded,0.0,2,3,0,0,0,10.695535788549886,10.695535788549886,,0,,0,0.30297473073005676,"[[11.0, 24.0, 45.0], [4.0, 48.0, 39.0], [10.0, 33.0, 9.0]]","[0.33706897497177124, 0.3034193217754364, 0.2684359550476074]"
classical_dog,train_6bba_t10_p25_isolated,train,6bba_bb9f20c3,10,isolated,0.0,1,6,0,1,1,1.7235727791422095,1.7235727791422095,1.7235727791422095,1,1.7235727791422095,1,0.2796972692012787,"[[6.0, 31.0, 33.0], [5.0, 32.0, 53.0], [6.0, 42.0, 18.0], [15.0, 18.0, 13.0], [10.0, 40.0, 48.0], [10.0, 41.0, 19.0]]","[0.35198974609375, 0.2887389063835144, 0.2853884696960449, 0.26846954226493835, 0.24304811656475067, 0.24054893851280212]"
classical_dog,train_6bba_t20_p26_isolated,train,6bba_bb9f20c3,20,isolated,0.0,1,5,0,0,0,10.436751470165417,10.436751470165417,,0,,0,0.2831438481807709,"[[17.0, 29.0, 28.0], [3.0, 30.0, 12.0], [14.0, 11.0, 11.0], [15.0, 9.0, 57.0], [7.0, 53.0, 51.0]]","[0.313883513212204, 0.3132314383983612, 0.2754290699958801, 0.25873246788978577, 0.25444287061691284]"
classical_dog,train_6bba_t35_p27_isolated,train,6bba_bb9f20c3,35,isolated,0.0,1,3,0,1,1,1.7235727791422095,1.7235727791422095,1.7235727791422095,1,1.7235727791422095,1,0.29560616612434387,"[[12.0, 50.0, 3.0], [9.0, 33.0, 31.0], [4.0, 12.0, 26.0]]","[0.32833606004714966, 0.3102290630340576, 0.24825333058834076]"
classical_dog,train_6bba_t40_p28_isolated,train,6bba_bb9f20c3,40,isolated,0.0,1,3,0,0,0,11.272980001978182,11.272980001978182,,0,,0,0.2655724287033081,"[[5.0, 13.0, 32.0], [9.0, 43.0, 45.0], [20.0, 14.0, 33.0]]","[0.36619842052459717, 0.24117572605609894, 0.1893431842327118]"
classical_dog,train_6bba_t25_p29_isolated,train,6bba_bb9f20c3,25,isolated,0.0,1,6,0,0,0,6.5253412267099105,6.5253412267099105,,0,,0,0.26479801535606384,"[[5.0, 42.0, 19.0], [13.0, 48.0, 34.0], [3.0, 21.0, 56.0], [1.0, 48.0, 52.0], [13.0, 11.0, 19.0], [18.0, 31.0, 33.0]]","[0.3403856158256531, 0.2874184548854828, 0.2803022563457489, 0.23585198819637299, 0.22671112418174744, 0.21811866760253906]"
classical_dog,train_6bba_t25_p30_isolated,train,6bba_bb9f20c3,25,isolated,0.0,1,3,0,0,0,7.289895618251334,7.289895618251334,,0,,0,0.3598267138004303,"[[14.0, 29.0, 45.0], [11.0, 50.0, 40.0], [16.0, 5.0, 46.0]]","[0.39014288783073425, 0.3882279694080353, 0.30110934376716614]"
classical_dog,train_6bba_t45_p31_isolated,train,6bba_bb9f20c3,45,isolated,0.0,1,4,0,0,0,11.403980938689788,11.403980938689788,,0,,0,0.3041313588619232,"[[6.0, 47.0, 60.0], [8.0, 24.0, 58.0], [11.0, 14.0, 24.0], [8.0, 51.0, 2.0]]","[0.32592812180519104, 0.3150223195552826, 0.3142445683479309, 0.2613304555416107]"
classical_dog,train_6bba_t30_p32_isolated,train,6bba_bb9f20c3,30,isolated,0.0,1,4,0,1,1,1.86167137607581,1.86167137607581,1.86167137607581,1,1.86167137607581,1,0.309345006942749,"[[11.0, 41.0, 44.0], [15.0, 31.0, 28.0], [18.0, 27.0, 8.0], [19.0, 8.0, 33.0]]","[0.36257922649383545, 0.32680201530456543, 0.3200032114982605, 0.2279956042766571]"
classical_dog,train_6bba_t55_p33_isolated,train,6bba_bb9f20c3,55,isolated,0.0,1,2,0,0,0,19.58445253894017,19.58445253894017,,0,,0,0.35367050766944885,"[[6.0, 14.0, 11.0], [1.0, 19.0, 35.0]]","[0.381289005279541, 0.3260520100593567]"
classical_dog,train_6bba_t25_p34_isolated,train,6bba_bb9f20c3,25,isolated,0.0,1,2,0,1,1,1.4647552056572457,1.4647552056572457,1.4647552056572457,1,1.4647552056572457,1,0.3367515802383423,"[[11.0, 45.0, 37.0], [16.0, 29.0, 21.0]]","[0.3663027286529541, 0.30720043182373047]"
classical_dog,train_6bba_t25_p35_isolated,train,6bba_bb9f20c3,25,isolated,0.0,1,3,0,0,1,2.8726212985703494,2.8726212985703494,,0,2.8726212985703494,1,0.30095815658569336,"[[4.0, 49.0, 32.0], [6.0, 37.0, 33.0], [9.0, 13.0, 38.0]]","[0.33702898025512695, 0.32011330127716064, 0.2457321584224701]"
classical_dog,train_6bba_t15_p36_isolated,train,6bba_bb9f20c3,15,isolated,0.0,1,5,0,1,1,1.7235727791422095,1.7235727791422095,1.7235727791422095,1,1.7235727791422095,1,0.29446035623550415,"[[3.0, 17.0, 51.0], [8.0, 20.0, 40.0], [5.0, 19.0, 29.0], [18.0, 52.0, 23.0], [15.0, 31.0, 31.0]]","[0.3118174076080322, 0.3070591688156128, 0.306624174118042, 0.3017573356628418, 0.24504372477531433]"
classical_dog,train_6bba_t50_p37_isolated,train,6bba_bb9f20c3,50,isolated,0.0,1,4,0,0,0,9.95105208005666,9.95105208005666,,0,,0,0.32679104804992676,"[[5.0, 53.0, 38.0], [11.0, 22.0, 22.0], [5.0, 37.0, 54.0], [8.0, 31.0, 34.0]]","[0.37608662247657776, 0.33651652932167053, 0.30479946732521057, 0.28976160287857056]"
classical_dog,train_6bba_t50_p38_isolated,train,6bba_bb9f20c3,50,isolated,0.0,1,5,0,1,1,1.6750116604071745,1.6750116604071745,1.6750116604071745,1,1.6750116604071745,1,0.2982347011566162,"[[5.0, 31.0, 32.0], [18.0, 58.0, 31.0], [7.0, 7.0, 31.0], [7.0, 45.0, 6.0], [12.0, 18.0, 14.0]]","[0.3601415753364563, 0.35342180728912354, 0.3023853302001953, 0.24023501574993134, 0.23498980700969696]"
classical_dog,train_6bba_t30_p39_isolated,train,6bba_bb9f20c3,30,isolated,0.0,1,3,0,1,1,1.6750116604071745,1.6750116604071745,1.6750116604071745,1,1.6750116604071745,1,0.24364091455936432,"[[4.0, 46.0, 18.0], [11.0, 31.0, 32.0], [3.0, 23.0, 54.0]]","[0.2943183481693268, 0.223543182015419, 0.21306121349334717]"
classical_dog,train_6bba_t20_p40_boundary,train,6bba_bb9f20c3,20,boundary,0.0,1,2,0,1,1,1.86167137607581,1.86167137607581,1.86167137607581,1,1.86167137607581,1,0.34317588806152344,"[[15.0, 14.0, 15.0], [10.0, 35.0, 29.0]]","[0.35198986530303955, 0.33436188101768494]"
classical_dog,train_6bba_t55_p41_boundary,train,6bba_bb9f20c3,55,boundary,0.0,1,3,0,0,0,14.585449995200696,14.585449995200696,,0,,0,0.35072359442710876,"[[3.0, 24.0, 28.0], [4.0, 42.0, 9.0], [9.0, 6.0, 13.0]]","[0.3954457640647888, 0.38210925459861755, 0.2746158242225647]"
classical_dog,train_6bba_t15_p42_boundary,train,6bba_bb9f20c3,15,boundary,0.0,1,4,0,0,0,12.827468390625642,12.827468390625642,,0,,0,0.3273896276950836,"[[7.0, 50.0, 25.0], [10.0, 20.0, 37.0], [5.0, 50.0, 47.0], [7.0, 23.0, 56.0]]","[0.37062594294548035, 0.3327956795692444, 0.3312689960002899, 0.2748678922653198]"
classical_dog,train_6bba_t55_p43_boundary,train,6bba_bb9f20c3,55,boundary,0.0,1,3,0,1,1,1.7235727791422095,1.7235727791422095,1.7235727791422095,1,1.7235727791422095,1,0.30872902274131775,"[[2.0, 31.0, 31.0], [15.0, 44.0, 36.0], [3.0, 51.0, 4.0]]","[0.34547844529151917, 0.3300653398036957, 0.2506432831287384]"
classical_dog,train_44b6_t40_p01_crowded,train,44b6_d29c9ab2,40,crowded,0.0,2,5,0,1,1,8.380155820920566,8.380155820920566,1.7235727791422095,1,1.7235727791422095,1,0.32933714985847473,"[[28.0, 55.0, 46.0], [23.0, 17.0, 19.0], [28.0, 20.0, 21.0], [27.0, 28.0, 46.0], [24.0, 39.0, 27.0]]","[0.3909105360507965, 0.36001890897750854, 0.35225528478622437, 0.28443166613578796, 0.2590692937374115]"
classical_dog,train_44b6_t45_p02_crowded,train,44b6_d29c9ab2,45,crowded,0.0,2,6,1,1,1,4.958913218891817,4.958913218891817,0.0,1,0.0,1,0.32672062516212463,"[[24.0, 18.0, 37.0], [16.0, 49.0, 32.0], [29.0, 51.0, 42.0], [30.0, 41.0, 9.0], [14.0, 56.0, 7.0], [7.0, 13.0, 21.0]]","[0.38604000210762024, 0.36652201414108276, 0.3451456129550934, 0.30929285287857056, 0.2882905602455139, 0.26503267884254456]"
classical_dog,train_44b6_t55_p03_crowded,train,44b6_d29c9ab2,55,crowded,0.0,3,12,0,0,0,8.659780188794569,8.225935547097363,,0,,0,0.2788502871990204,"[[9.0, 52.0, 49.0], [7.0, 12.0, 48.0], [27.0, 48.0, 8.0], [18.0, 21.0, 47.0], [4.0, 23.0, 9.0], [5.0, 22.0, 26.0], [26.0, 20.0, 28.0], [22.0, 45.0, 17.0], [30.0, 10.0, 27.0], [21.0, 9.0, 40.0], [5.0, 49.0, 8.0], [6.0, 39.0, 21.0]]","[0.3380516469478607, 0.3367132246494293, 0.2948566675186157, 0.28126704692840576, 0.2777973711490631, 0.2754812240600586, 0.2725456655025482, 0.26338788866996765, 0.2570861577987671, 0.25642290711402893, 0.24728302657604218, 0.24531026184558868]"
classical_dog,train_44b6_t40_p04_crowded,train,44b6_d29c9ab2,40,crowded,0.0,3,5,1,1,1,6.1779002011930375,7.971200603579112,0.40625,1,0.40625,1,0.33300185203552246,"[[16.0, 33.0, 32.0], [7.0, 19.0, 44.0], [3.0, 32.0, 54.0], [12.0, 37.0, 11.0], [9.0, 50.0, 39.0]]","[0.41944336891174316, 0.33157894015312195, 0.3094369173049927, 0.303211510181427, 0.30133843421936035]"
classical_dog,train_44b6_t15_p05_crowded,train,44b6_d29c9ab2,15,crowded,0.0,3,7,1,1,1,8.436582678742434,7.803807664371284,0.5745242597140698,1,0.5745242597140698,1,0.3215198516845703,"[[23.0, 43.0, 30.0], [21.0, 10.0, 17.0], [29.0, 19.0, 54.0], [29.0, 37.0, 31.0], [10.0, 10.0, 21.0], [16.0, 31.0, 34.0], [28.0, 53.0, 56.0]]","[0.3986072242259979, 0.3800014555454254, 0.3470291197299957, 0.3400324285030365, 0.26426392793655396, 0.2620430290699005, 0.25866174697875977]"
classical_dog,train_44b6_t20_p06_crowded,train,44b6_d29c9ab2,20,crowded,0.0,2,6,0,0,0,10.820429433706291,10.820429433706291,,0,,0,0.2799551784992218,"[[13.0, 52.0, 29.0], [25.0, 43.0, 24.0], [25.0, 5.0, 8.0], [28.0, 38.0, 8.0], [18.0, 51.0, 45.0], [29.0, 4.0, 42.0]]","[0.30979210138320923, 0.2916852533817291, 0.2829197347164154, 0.2752268612384796, 0.26219385862350464, 0.2579133212566376]"
classical_dog,train_44b6_t40_p07_crowded,train,44b6_d29c9ab2,40,crowded,0.0,2,6,1,1,1,4.072643586326945,4.072643586326945,0.0,1,0.0,1,0.2805638015270233,"[[25.0, 12.0, 52.0], [21.0, 31.0, 33.0], [10.0, 41.0, 31.0], [24.0, 58.0, 10.0], [26.0, 26.0, 20.0], [11.0, 18.0, 45.0]]","[0.3143084943294525, 0.2968241572380066, 0.2911049425601959, 0.2850261330604553, 0.2562980353832245, 0.23982112109661102]"
classical_dog,train_44b6_t50_p08_crowded,train,44b6_d29c9ab2,50,crowded,0.0,3,6,1,1,1,7.520535755271491,9.587844273479831,0.40625,1,0.40625,1,0.30651363730430603,"[[25.0, 29.0, 20.0], [21.0, 16.0, 4.0], [3.0, 42.0, 21.0], [6.0, 43.0, 47.0], [21.0, 46.0, 27.0], [29.0, 31.0, 48.0]]","[0.3304693400859833, 0.32409846782684326, 0.3121955990791321, 0.305976003408432, 0.28417500853538513, 0.2821674346923828]"
classical_dog,train_44b6_t10_p09_crowded,train,44b6_d29c9ab2,10,crowded,0.0,2,4,1,1,1,5.222327553699117,5.222327553699117,0.0,1,0.0,1,0.36696791648864746,"[[19.0, 51.0, 15.0], [11.0, 18.0, 15.0], [27.0, 56.0, 43.0], [22.0, 21.0, 23.0]]","[0.39305028319358826, 0.3757154643535614, 0.36346155405044556, 0.33564436435699463]"
classical_dog,train_44b6_t30_p10_crowded,train,44b6_d29c9ab2,30,crowded,0.0,3,7,1,1,1,6.236264363453425,7.501887783251626,0.0,1,0.0,1,0.28693825006484985,"[[27.0, 31.0, 26.0], [25.0, 8.0, 28.0], [4.0, 18.0, 52.0], [30.0, 17.0, 37.0], [9.0, 49.0, 17.0], [21.0, 52.0, 14.0], [18.0, 16.0, 53.0]]","[0.3316051661968231, 0.3045501112937927, 0.29282626509666443, 0.2832798659801483, 0.2708285450935364, 0.26917606592178345, 0.25630179047584534]"
classical_dog,train_44b6_t35_p11_crowded,train,44b6_d29c9ab2,35,crowded,0.0,4,7,1,1,1,7.853420094197223,9.582697231773903,0.0,1,0.0,1,0.3474090099334717,"[[22.0, 15.0, 20.0], [24.0, 40.0, 19.0], [14.0, 33.0, 29.0], [5.0, 49.0, 50.0], [20.0, 53.0, 51.0], [11.0, 51.0, 39.0], [25.0, 29.0, 38.0]]","[0.4022831618785858, 0.3558477759361267, 0.3546313941478729, 0.3465867042541504, 0.34571149945259094, 0.32339945435523987, 0.3034031391143799]"
classical_dog,train_44b6_t45_p12_crowded,train,44b6_d29c9ab2,45,crowded,0.0,2,3,0,1,1,5.833720217429679,5.833720217429679,1.6750116604071745,1,1.6750116604071745,1,0.27087703347206116,"[[24.0, 36.0, 39.0], [29.0, 30.0, 19.0], [10.0, 34.0, 27.0]]","[0.2926056981086731, 0.2624938189983368, 0.25753164291381836]"
classical_dog,train_44b6_t25_p13_crowded,train,44b6_d29c9ab2,25,crowded,0.0,2,2,0,0,0,11.56738963776641,11.56738963776641,,0,,0,0.3218793570995331,"[[24.0, 48.0, 15.0], [14.0, 55.0, 19.0]]","[0.3582627475261688, 0.28549596667289734]"
classical_dog,train_44b6_t10_p14_crowded,train,44b6_d29c9ab2,10,crowded,0.0,2,6,1,1,1,5.752796898980729,5.752796898980729,0.5745242597140698,1,0.5745242597140698,1,0.30596962571144104,"[[28.0, 49.0, 26.0], [15.0, 36.0, 24.0], [28.0, 13.0, 12.0], [27.0, 20.0, 35.0], [20.0, 54.0, 9.0], [22.0, 12.0, 44.0]]","[0.3863929510116577, 0.3510389029979706, 0.2942015528678894, 0.29237085580825806, 0.25975465774536133, 0.25205883383750916]"
classical_dog,train_44b6_t25_p15_crowded,train,44b6_d29c9ab2,25,crowded,0.0,4,3,0,0,0,10.506852300632676,10.953462031547442,,0,,0,0.3680974245071411,"[[21.0, 17.0, 28.0], [20.0, 45.0, 21.0], [11.0, 29.0, 37.0]]","[0.38478073477745056, 0.36691829562187195, 0.35259321331977844]"
classical_dog,train_44b6_t30_p16_crowded,train,44b6_d29c9ab2,30,crowded,0.0,2,7,1,1,1,5.248645329027027,5.248645329027027,0.40625,1,0.40625,1,0.312479704618454,"[[27.0, 51.0, 25.0], [27.0, 24.0, 28.0], [19.0, 50.0, 5.0], [16.0, 33.0, 32.0], [8.0, 53.0, 15.0], [20.0, 21.0, 52.0], [28.0, 17.0, 47.0]]","[0.38107970356941223, 0.3734908401966095, 0.30223348736763, 0.2946646809577942, 0.2912100553512573, 0.2749447524547577, 0.26973435282707214]"
classical_dog,train_44b6_t15_p17_crowded,train,44b6_d29c9ab2,15,crowded,0.0,2,5,1,1,1,5.6875,5.6875,0.40625,1,0.40625,1,0.3013586401939392,"[[29.0, 28.0, 12.0], [24.0, 54.0, 33.0], [27.0, 33.0, 31.0], [22.0, 24.0, 44.0], [15.0, 50.0, 28.0]]","[0.3352668881416321, 0.30255991220474243, 0.3015042245388031, 0.30109116435050964, 0.2663709223270416]"
classical_dog,train_44b6_t55_p18_crowded,train,44b6_d29c9ab2,55,crowded,0.0,2,5,0,0,0,16.626388678420525,16.626388678420525,,0,,0,0.3157676160335541,"[[25.0, 11.0, 19.0], [27.0, 20.0, 40.0], [26.0, 48.0, 26.0], [22.0, 50.0, 21.0], [29.0, 33.0, 21.0]]","[0.35446950793266296, 0.32709062099456787, 0.3141472041606903, 0.3110777735710144, 0.27205297350883484]"
classical_dog,train_44b6_t35_p19_crowded,train,44b6_d29c9ab2,35,crowded,0.0,2,6,0,1,1,4.409212007624991,4.409212007624991,1.7235727791422095,1,1.7235727791422095,1,0.29458168148994446,"[[19.0, 5.0, 14.0], [24.0, 49.0, 9.0], [22.0, 37.0, 37.0], [27.0, 21.0, 59.0], [12.0, 39.0, 32.0], [28.0, 33.0, 22.0]]","[0.3369302451610565, 0.31133610010147095, 0.3112018406391144, 0.305854856967926, 0.2550300359725952, 0.2471371442079544]"
classical_dog,train_44b6_t35_p20_crowded,train,44b6_d29c9ab2,35,crowded,0.0,2,6,1,1,1,4.275768586326945,4.275768586326945,0.40625,1,0.40625,1,0.29630208015441895,"[[18.0, 35.0, 37.0], [28.0, 56.0, 17.0], [30.0, 34.0, 45.0], [10.0, 20.0, 23.0], [20.0, 12.0, 19.0], [17.0, 42.0, 7.0]]","[0.3482801616191864, 0.3109453618526459, 0.29278039932250977, 0.29199713468551636, 0.27490872144699097, 0.2589006721973419]"
classical_dog,train_44b6_t20_p21_crowded,train,44b6_d29c9ab2,20,crowded,0.0,2,3,0,0,0,10.739562124401024,10.739562124401024,,0,,0,0.31527629494667053,"[[24.0, 37.0, 41.0], [29.0, 51.0, 10.0], [26.0, 20.0, 18.0]]","[0.35433441400527954, 0.32094240188598633, 0.2705520689487457]"
classical_dog,train_44b6_t30_p22_crowded,train,44b6_d29c9ab2,30,crowded,0.0,2,6,0,1,1,4.637281940217346,4.637281940217346,1.8168052317185792,1,1.8168052317185792,1,0.2975235879421234,"[[11.0, 11.0, 20.0], [17.0, 25.0, 39.0], [28.0, 53.0, 23.0], [24.0, 48.0, 46.0], [29.0, 25.0, 51.0], [20.0, 6.0, 24.0]]","[0.3094765841960907, 0.30411386489868164, 0.30300596356391907, 0.2969735860824585, 0.2958031892776489, 0.2757682800292969]"
classical_dog,train_44b6_t50_p23_crowded,train,44b6_d29c9ab2,50,crowded,0.0,2,6,0,0,1,7.236875457203494,7.236875457203494,,0,2.0714766773970688,1,0.29935312271118164,"[[29.0, 34.0, 39.0], [29.0, 28.0, 12.0], [16.0, 46.0, 15.0], [19.0, 21.0, 32.0], [16.0, 27.0, 31.0], [6.0, 20.0, 36.0]]","[0.3799629509449005, 0.3645886480808258, 0.26779624819755554, 0.26735618710517883, 0.2599276602268219, 0.2564871311187744]"
classical_dog,train_44b6_t40_p24_crowded,train,44b6_d29c9ab2,40,crowded,0.0,2,5,0,0,0,14.559342511414455,14.559342511414455,,0,,0,0.32767796516418457,"[[17.0, 11.0, 11.0], [24.0, 26.0, 14.0], [25.0, 38.0, 44.0], [9.0, 45.0, 3.0], [24.0, 6.0, 47.0]]","[0.4014113247394562, 0.3678779602050781, 0.3132231533527374, 0.2868664264678955, 0.2690110504627228]"
classical_dog,train_44b6_t55_p25_isolated,train,44b6_d29c9ab2,55,isolated,0.0,1,4,0,0,0,11.640320885289203,11.640320885289203,,0,,0,0.2731776237487793,"[[29.0, 31.0, 4.0], [28.0, 34.0, 39.0], [29.0, 13.0, 20.0], [20.0, 46.0, 17.0]]","[0.3067169487476349, 0.2994939088821411, 0.2537164092063904, 0.232783243060112]"
classical_dog,train_44b6_t50_p26_isolated,train,44b6_d29c9ab2,50,isolated,0.0,1,5,1,1,1,0.0,0.0,0.0,1,0.0,1,0.33667272329330444,"[[19.0, 39.0, 53.0], [18.0, 22.0, 39.0], [16.0, 32.0, 32.0], [12.0, 59.0, 25.0], [5.0, 2.0, 38.0]]","[0.40279287099838257, 0.34618571400642395, 0.342152863740921, 0.3289449214935303, 0.26328736543655396]"
classical_dog,train_44b6_t15_p27_isolated,train,44b6_d29c9ab2,15,isolated,0.0,1,6,1,1,1,0.40625,0.40625,0.40625,1,0.40625,1,0.279594749212265,"[[18.0, 33.0, 32.0], [12.0, 36.0, 38.0], [11.0, 18.0, 5.0], [2.0, 54.0, 46.0], [5.0, 20.0, 43.0], [16.0, 21.0, 51.0]]","[0.30477815866470337, 0.29612892866134644, 0.2821001708507538, 0.27779483795166016, 0.2615092098712921, 0.2552572190761566]"
classical_dog,train_44b6_t30_p28_isolated,train,44b6_d29c9ab2,30,isolated,0.0,1,8,1,1,1,0.0,0.0,0.0,1,0.0,1,0.320334792137146,"[[16.0, 32.0, 32.0], [13.0, 56.0, 42.0], [9.0, 26.0, 10.0], [13.0, 37.0, 47.0], [4.0, 11.0, 39.0], [6.0, 2.0, 11.0], [3.0, 52.0, 51.0], [17.0, 24.0, 56.0]]","[0.4021711051464081, 0.3751848042011261, 0.3291984796524048, 0.3010658323764801, 0.2938978672027588, 0.28822067379951477, 0.28780820965766907, 0.2851315140724182]"
classical_dog,train_44b6_t30_p29_isolated,train,44b6_d29c9ab2,30,isolated,0.0,1,6,1,1,1,0.40625,0.40625,0.40625,1,0.40625,1,0.34359803795814514,"[[13.0, 32.0, 31.0], [17.0, 19.0, 42.0], [6.0, 52.0, 32.0], [5.0, 32.0, 42.0], [6.0, 26.0, 17.0], [12.0, 58.0, 44.0]]","[0.38170912861824036, 0.37134259939193726, 0.3532145917415619, 0.34135082364082336, 0.3208043575286865, 0.2931666374206543]"
classical_dog,train_44b6_t20_p30_isolated,train,44b6_d29c9ab2,20,isolated,0.0,1,6,0,1,1,1.625,1.625,1.625,1,1.625,1,0.32225877046585083,"[[3.0, 50.0, 41.0], [10.0, 51.0, 33.0], [17.0, 32.0, 32.0], [8.0, 42.0, 7.0], [12.0, 31.0, 41.0], [11.0, 17.0, 15.0]]","[0.40421831607818604, 0.36872923374176025, 0.33581092953681946, 0.2798837423324585, 0.2739761769771576, 0.27093419432640076]"
classical_dog,train_44b6_t20_p31_isolated,train,44b6_d29c9ab2,20,isolated,0.0,1,5,1,1,1,0.40625,0.40625,0.40625,1,0.40625,1,0.33214715123176575,"[[10.0, 45.0, 32.0], [18.0, 36.0, 58.0], [16.0, 33.0, 32.0], [8.0, 19.0, 12.0], [4.0, 23.0, 43.0]]","[0.3522273898124695, 0.3489989936351776, 0.34164994955062866, 0.31403669714927673, 0.30382275581359863]"
classical_dog,train_44b6_t10_p32_isolated,train,44b6_d29c9ab2,10,isolated,0.0,1,6,1,1,1,0.5745242597140698,0.5745242597140698,0.5745242597140698,1,0.5745242597140698,1,0.31602707505226135,"[[9.0, 44.0, 57.0], [8.0, 11.0, 39.0], [2.0, 57.0, 38.0], [3.0, 4.0, 56.0], [2.0, 29.0, 35.0], [8.0, 33.0, 31.0]]","[0.3462199866771698, 0.34151414036750793, 0.333737313747406, 0.30487942695617676, 0.29971927404403687, 0.27009227871894836]"
classical_dog,train_44b6_t45_p33_isolated,train,44b6_d29c9ab2,45,isolated,0.0,1,4,0,1,1,1.1490485194281397,1.1490485194281397,1.1490485194281397,1,1.1490485194281397,1,0.38288503885269165,"[[19.0, 15.0, 45.0], [19.0, 46.0, 48.0], [14.0, 4.0, 24.0], [16.0, 34.0, 32.0]]","[0.42394715547561646, 0.39564603567123413, 0.38258177042007446, 0.3293652832508087]"
classical_dog,train_44b6_t25_p34_isolated,train,44b6_d29c9ab2,25,isolated,0.0,1,8,1,1,1,0.40625,0.40625,0.40625,1,0.40625,1,0.32532572746276855,"[[11.0, 54.0, 37.0], [18.0, 7.0, 38.0], [16.0, 33.0, 32.0], [7.0, 53.0, 11.0], [7.0, 9.0, 48.0], [12.0, 36.0, 42.0], [10.0, 17.0, 7.0], [2.0, 8.0, 20.0]]","[0.3868294954299927, 0.3767680525779724, 0.3585289418697357, 0.33584290742874146, 0.2948252260684967, 0.2892148494720459, 0.28588879108428955, 0.27470746636390686]"
classical_dog,train_44b6_t10_p35_isolated,train,44b6_d29c9ab2,10,isolated,0.0,1,4,0,0,0,14.317070776698703,14.317070776698703,,0,,0,0.2973345220088959,"[[23.0, 54.0, 28.0], [21.0, 17.0, 11.0], [24.0, 34.0, 28.0], [23.0, 8.0, 45.0]]","[0.3543420433998108, 0.31963884830474854, 0.2643864154815674, 0.2509708106517792]"
classical_dog,train_44b6_t25_p36_isolated,train,44b6_d29c9ab2,25,isolated,0.0,1,6,0,1,1,1.7235727791422095,1.7235727791422095,1.7235727791422095,1,1.7235727791422095,1,0.3185887634754181,"[[15.0, 41.0, 12.0], [9.0, 24.0, 14.0], [25.0, 37.0, 43.0], [27.0, 8.0, 48.0], [21.0, 26.0, 32.0], [15.0, 26.0, 33.0]]","[0.3537853956222534, 0.3528963029384613, 0.3523332178592682, 0.31400367617607117, 0.28218358755111694, 0.2563304007053375]"
classical_dog,train_44b6_t25_p37_isolated,train,44b6_d29c9ab2,25,isolated,0.0,1,7,1,1,1,0.5745242597140698,0.5745242597140698,0.5745242597140698,1,0.5745242597140698,1,0.32588300108909607,"[[18.0, 9.0, 36.0], [16.0, 33.0, 31.0], [9.0, 54.0, 31.0], [9.0, 21.0, 14.0], [18.0, 40.0, 59.0], [6.0, 31.0, 37.0], [9.0, 13.0, 42.0]]","[0.3569111227989197, 0.34140029549598694, 0.3377062976360321, 0.3311781883239746, 0.3266579806804657, 0.296023964881897, 0.29130318760871887]"
classical_dog,train_44b6_t55_p38_isolated,train,44b6_d29c9ab2,55,isolated,0.0,1,8,0,0,0,16.436816763366927,16.436816763366927,,0,,0,0.2654339373111725,"[[27.0, 33.0, 17.0], [2.0, 35.0, 53.0], [23.0, 15.0, 14.0], [27.0, 8.0, 25.0], [30.0, 38.0, 52.0], [25.0, 6.0, 52.0], [27.0, 48.0, 35.0], [5.0, 51.0, 39.0]]","[0.3343653678894043, 0.30001285672187805, 0.2922472655773163, 0.25513845682144165, 0.2549685537815094, 0.23204876482486725, 0.2291082739830017, 0.22558195888996124]"
classical_dog,train_44b6_t15_p39_isolated,train,44b6_d29c9ab2,15,isolated,0.0,1,5,0,0,0,7.845990715805111,7.845990715805111,,0,,0,0.3118363320827484,"[[23.0, 48.0, 33.0], [21.0, 27.0, 21.0], [29.0, 39.0, 48.0], [30.0, 10.0, 35.0], [17.0, 23.0, 38.0]]","[0.3336172103881836, 0.32643282413482666, 0.3194955289363861, 0.2991485595703125, 0.2804874777793884]"
classical_dog,train_44b6_t40_p40_isolated,train,44b6_d29c9ab2,40,isolated,0.0,1,6,1,1,1,0.5745242597140698,0.5745242597140698,0.5745242597140698,1,0.5745242597140698,1,0.370098739862442,"[[19.0, 50.0, 52.0], [19.0, 19.0, 42.0], [13.0, 5.0, 14.0], [7.0, 10.0, 36.0], [16.0, 33.0, 33.0], [3.0, 23.0, 33.0]]","[0.42078861594200134, 0.39019355177879333, 0.38958457112312317, 0.3490149974822998, 0.33770817518234253, 0.3333026170730591]"
classical_dog,train_44b6_t15_p41_boundary,train,44b6_d29c9ab2,15,boundary,0.0,1,3,0,0,1,2.1877232028983924,2.1877232028983924,,0,2.1877232028983924,1,0.3356327712535858,"[[3.0, 21.0, 20.0], [3.0, 46.0, 29.0], [6.0, 38.0, 44.0]]","[0.3875587284564972, 0.3124222457408905, 0.30691730976104736]"
classical_dog,train_44b6_t45_p42_boundary,train,44b6_d29c9ab2,45,boundary,0.0,1,6,0,0,0,10.539036438996689,10.539036438996689,,0,,0,0.3572174310684204,"[[17.0, 18.0, 48.0], [13.0, 32.0, 35.0], [13.0, 52.0, 36.0], [19.0, 41.0, 52.0], [8.0, 26.0, 28.0], [5.0, 32.0, 15.0]]","[0.4388171136379242, 0.3570697605609894, 0.34904757142066956, 0.3384685814380646, 0.3314231336116791, 0.3284783661365509]"
classical_dog,train_44b6_t10_p43_boundary,train,44b6_d29c9ab2,10,boundary,0.0,1,4,1,1,1,0.5745242597140698,0.5745242597140698,0.5745242597140698,1,0.5745242597140698,1,0.3765539228916168,"[[5.0, 13.0, 20.0], [9.0, 35.0, 54.0], [2.0, 40.0, 10.0], [5.0, 33.0, 31.0]]","[0.39904651045799255, 0.3827407658100128, 0.3647328317165375, 0.35969555377960205]"
classical_dog,inner_val_6bba_t85_p01_crowded,inner_val,6bba_bb9f20c3,85,crowded,0.0,5,0,0,0,0,,,,0,,0,,[],[]
classical_dog,inner_val_6bba_t75_p02_crowded,inner_val,6bba_bb9f20c3,75,crowded,0.0,2,6,0,1,1,4.231226289921263,4.231226289921263,1.86167137607581,1,1.86167137607581,1,0.27950647473335266,"[[5.0, 50.0, 22.0], [13.0, 30.0, 31.0], [7.0, 19.0, 28.0], [21.0, 54.0, 17.0], [16.0, 5.0, 12.0], [9.0, 59.0, 45.0]]","[0.35101035237312317, 0.3380555212497711, 0.274060994386673, 0.24441877007484436, 0.23883609473705292, 0.23065714538097382]"
classical_dog,inner_val_6bba_t85_p03_crowded,inner_val,6bba_bb9f20c3,85,crowded,0.0,2,3,0,0,0,11.132229466533065,11.132229466533065,,0,,0,0.34081563353538513,"[[5.0, 48.0, 52.0], [10.0, 25.0, 20.0], [8.0, 19.0, 44.0]]","[0.3534355163574219, 0.34721970558166504, 0.32179170846939087]"
classical_dog,inner_val_6bba_t80_p04_crowded,inner_val,6bba_bb9f20c3,80,crowded,0.0,3,2,0,0,1,11.916999115700753,15.864569654185392,,0,2.1877232028983924,1,0.29901599884033203,"[[4.0, 57.0, 53.0], [9.0, 27.0, 38.0]]","[0.3414881229400635, 0.2565438449382782]"
classical_dog,inner_val_6bba_t75_p05_isolated,inner_val,6bba_bb9f20c3,75,isolated,0.0,1,3,0,1,1,1.7235727791422095,1.7235727791422095,1.7235727791422095,1,1.7235727791422095,1,0.3012706935405731,"[[18.0, 5.0, 36.0], [15.0, 33.0, 31.0], [13.0, 18.0, 56.0]]","[0.30506521463394165, 0.30257144570350647, 0.29617542028427124]"
classical_dog,inner_val_6bba_t75_p06_isolated,inner_val,6bba_bb9f20c3,75,isolated,0.0,1,4,0,0,0,10.41300456460574,10.41300456460574,,0,,0,0.26192793250083923,"[[6.0, 16.0, 15.0], [8.0, 23.0, 32.0], [2.0, 49.0, 33.0], [10.0, 45.0, 2.0]]","[0.2832512855529785, 0.2620791792869568, 0.26074767112731934, 0.2416335493326187]"
classical_dog,inner_val_6bba_t90_p07_isolated,inner_val,6bba_bb9f20c3,90,isolated,0.0,1,1,0,0,0,17.086664436410636,17.086664436410636,,0,,0,0.29003697633743286,"[[6.0, 44.0, 27.0]]",[0.29003697633743286]
classical_dog,inner_val_6bba_t90_p08_boundary,inner_val,6bba_bb9f20c3,90,boundary,0.0,1,4,0,0,1,2.1877232028983924,2.1877232028983924,,0,2.1877232028983924,1,0.32836034893989563,"[[15.0, 33.0, 13.0], [17.0, 11.0, 30.0], [12.0, 49.0, 26.0], [12.0, 36.0, 53.0]]","[0.38433340191841125, 0.33703792095184326, 0.2978454530239105, 0.2942246198654175]"
classical_dog,inner_val_6bba_t90_p09_zero_annotation,inner_val,6bba_bb9f20c3,90,zero_annotation,0.0,0,0,0,0,0,,,,0,,0,,[],[]
classical_dog,inner_val_6bba_t90_p10_zero_annotation,inner_val,6bba_bb9f20c3,90,zero_annotation,0.0,0,0,0,0,0,,,,0,,0,,[],[]
classical_dog,inner_val_44b6_t80_p01_crowded,inner_val,44b6_d29c9ab2,80,crowded,0.0,3,5,0,0,0,10.9080572021146,11.809234006170763,,0,,0,0.2293616533279419,"[[19.0, 18.0, 48.0], [14.0, 47.0, 30.0], [6.0, 49.0, 22.0], [29.0, 13.0, 9.0], [29.0, 32.0, 18.0]]","[0.25639185309410095, 0.24396726489067078, 0.22000451385974884, 0.21816162765026093, 0.2082829624414444]"
classical_dog,inner_val_44b6_t85_p02_crowded,inner_val,44b6_d29c9ab2,85,crowded,0.0,3,8,0,1,1,8.690584331460684,10.033634841123131,1.6750116604071745,1,1.6750116604071745,1,0.2067461609840393,"[[29.0, 54.0, 12.0], [16.0, 28.0, 6.0], [19.0, 15.0, 46.0], [7.0, 45.0, 25.0], [29.0, 7.0, 7.0], [22.0, 21.0, 15.0], [24.0, 52.0, 49.0], [13.0, 27.0, 53.0]]","[0.2760058641433716, 0.23325467109680176, 0.2202088087797165, 0.19378022849559784, 0.18931297957897186, 0.18087387084960938, 0.18066510558128357, 0.17986774444580078]"
classical_dog,inner_val_44b6_t90_p03_crowded,inner_val,44b6_d29c9ab2,90,crowded,0.0,2,5,1,1,2,1.21875,1.21875,0.40625,1,1.21875,2,0.3451043665409088,"[[18.0, 37.0, 15.0], [24.0, 32.0, 29.0], [26.0, 58.0, 44.0], [27.0, 30.0, 45.0], [13.0, 29.0, 39.0]]","[0.37711241841316223, 0.3631688058376312, 0.35752061009407043, 0.3470141589641571, 0.28070586919784546]"
classical_dog,inner_val_44b6_t70_p04_crowded,inner_val,44b6_d29c9ab2,70,crowded,0.0,2,6,0,0,0,14.266929701383036,14.266929701383036,,0,,0,0.3085404932498932,"[[24.0, 10.0, 21.0], [24.0, 32.0, 39.0], [28.0, 28.0, 61.0], [16.0, 12.0, 6.0], [15.0, 53.0, 53.0], [25.0, 52.0, 55.0]]","[0.3843471109867096, 0.3514885902404785, 0.31193041801452637, 0.2871556878089905, 0.26024916768074036, 0.2560719847679138]"
classical_dog,inner_val_44b6_t90_p05_isolated,inner_val,44b6_d29c9ab2,90,isolated,0.0,1,6,1,1,1,0.0,0.0,0.0,1,0.0,1,0.33927425742149353,"[[16.0, 11.0, 35.0], [16.0, 32.0, 32.0], [9.0, 31.0, 16.0], [10.0, 48.0, 28.0], [4.0, 37.0, 45.0], [20.0, 35.0, 54.0]]","[0.39067843556404114, 0.38847076892852783, 0.37750062346458435, 0.32750049233436584, 0.28178828954696655, 0.2697068452835083]"
classical_dog,inner_val_44b6_t75_p06_isolated,inner_val,44b6_d29c9ab2,75,isolated,0.0,1,8,1,1,1,0.0,0.0,0.0,1,0.0,1,0.29216521978378296,"[[21.0, 32.0, 32.0], [26.0, 26.0, 27.0], [29.0, 21.0, 51.0], [25.0, 40.0, 15.0], [14.0, 32.0, 44.0], [13.0, 57.0, 12.0], [20.0, 7.0, 15.0], [5.0, 8.0, 54.0]]","[0.35426685214042664, 0.3282459080219269, 0.31450071930885315, 0.28845125436782837, 0.2820103168487549, 0.26679039001464844, 0.25716695189476013, 0.24588921666145325]"
classical_dog,inner_val_44b6_t70_p07_isolated,inner_val,44b6_d29c9ab2,70,isolated,0.0,1,4,1,1,1,0.40625,0.40625,0.40625,1,0.40625,1,0.3972981572151184,"[[18.0, 50.0, 43.0], [16.0, 32.0, 31.0], [12.0, 25.0, 14.0], [17.0, 11.0, 35.0]]","[0.4392772316932678, 0.4074932932853699, 0.40469515323638916, 0.33772701025009155]"
classical_dog,inner_val_44b6_t70_p08_boundary,inner_val,44b6_d29c9ab2,70,boundary,0.0,1,12,1,1,1,0.40625,0.40625,0.40625,1,0.40625,1,0.26831039786338806,"[[24.0, 41.0, 7.0], [19.0, 55.0, 58.0], [19.0, 35.0, 11.0], [5.0, 36.0, 14.0], [17.0, 50.0, 31.0], [16.0, 10.0, 31.0], [25.0, 51.0, 52.0], [26.0, 27.0, 39.0], [10.0, 22.0, 24.0], [28.0, 3.0, 9.0], [21.0, 11.0, 7.0], [12.0, 39.0, 15.0]]","[0.30590134859085083, 0.2899511158466339, 0.2898561954498291, 0.2882879376411438, 0.2802676856517792, 0.278291255235672, 0.2689250111579895, 0.257918119430542, 0.24562297761440277, 0.23871545493602753, 0.23852089047431946, 0.23746682703495026]"
classical_dog,inner_val_44b6_t90_p09_zero_annotation,inner_val,44b6_d29c9ab2,90,zero_annotation,0.0,0,6,0,0,0,,,,0,,0,0.28887394070625305,"[[15.0, 43.0, 28.0], [29.0, 50.0, 44.0], [3.0, 34.0, 15.0], [27.0, 44.0, 13.0], [11.0, 20.0, 21.0], [18.0, 8.0, 9.0]]","[0.31471315026283264, 0.3052617609500885, 0.30279049277305603, 0.29082778096199036, 0.2641383707523346, 0.2555122971534729]"
classical_dog,inner_val_44b6_t70_p10_zero_annotation,inner_val,44b6_d29c9ab2,70,zero_annotation,0.0,0,0,0,0,0,,,,0,,0,,[],[]
classical_dog,held_out_val_6bba_t20_p01_crowded,held_out_val,6bba_43fea39d,20,crowded,0.0,3,1,1,1,1,13.473558450015142,19.58445253894017,0.40625,1,0.40625,1,0.23663365840911865,"[[26.0, 52.0, 14.0]]",[0.23663365840911865]
classical_dog,held_out_val_6bba_t35_p02_crowded,held_out_val,6bba_43fea39d,35,crowded,0.0,3,4,0,0,0,13.528872533374413,13.889948310288991,,0,,0,0.30317169427871704,"[[27.0, 40.0, 29.0], [22.0, 51.0, 11.0], [19.0, 45.0, 52.0], [12.0, 57.0, 15.0]]","[0.3503456711769104, 0.3266364336013794, 0.2852466106414795, 0.25045812129974365]"
classical_dog,held_out_val_6bba_t50_p03_crowded,held_out_val,6bba_43fea39d,50,crowded,0.0,2,0,0,0,0,,,,0,,0,,[],[]
classical_dog,held_out_val_6bba_t20_p04_crowded,held_out_val,6bba_43fea39d,20,crowded,0.0,2,0,0,0,0,,,,0,,0,,[],[]
classical_dog,held_out_val_6bba_t80_p05_isolated,held_out_val,6bba_43fea39d,80,isolated,0.0,1,2,0,0,0,5.296851954227152,5.296851954227152,,0,,0,0.3147937059402466,"[[19.0, 37.0, 23.0], [12.0, 30.0, 45.0]]","[0.3263465464115143, 0.30324089527130127]"
classical_dog,held_out_val_6bba_t35_p06_isolated,held_out_val,6bba_43fea39d,35,isolated,0.0,1,3,0,0,0,16.194044285245734,16.194044285245734,,0,,0,0.3093816041946411,"[[22.0, 26.0, 47.0], [29.0, 30.0, 20.0], [17.0, 38.0, 9.0]]","[0.3608379065990448, 0.28593772649765015, 0.28136923909187317]"
classical_dog,held_out_val_6bba_t35_p07_isolated,held_out_val,6bba_43fea39d,35,isolated,0.0,1,2,0,0,0,11.640320885289203,11.640320885289203,,0,,0,0.36126431822776794,"[[25.0, 45.0, 42.0], [11.0, 47.0, 46.0]]","[0.37824520468711853, 0.34428343176841736]"
classical_dog,held_out_val_6bba_t80_p08_isolated,held_out_val,6bba_43fea39d,80,isolated,0.0,1,0,0,0,0,,,,0,,0,,[],[]
classical_dog,held_out_val_6bba_t20_p09_boundary,held_out_val,6bba_43fea39d,20,boundary,0.0,1,0,0,0,0,,,,0,,0,,[],[]
classical_dog,held_out_val_6bba_t50_p10_boundary,held_out_val,6bba_43fea39d,50,boundary,0.0,1,1,0,0,1,2.632800908728193,2.632800908728193,,0,2.632800908728193,1,0.3031621277332306,"[[27.0, 33.0, 37.0]]",[0.3031621277332306]
classical_dog,held_out_val_6bba_t35_p11_zero_annotation,held_out_val,6bba_43fea39d,35,zero_annotation,0.0,0,0,0,0,0,,,,0,,0,,[],[]
classical_dog,held_out_val_6bba_t65_p12_zero_annotation,held_out_val,6bba_43fea39d,65,zero_annotation,0.0,0,0,0,0,0,,,,0,,0,,[],[]
