variant,step,train_step_loss,val_loss,best_val_loss,grad_norm,val_pred_mean,val_pred_median,val_pred_std,val_frac_below_0_01,val_pos_mean,val_unlabeled_mean
F1_N0,10,0.2772454619407654,0.25112685561180115,0.25112685561180115,1.6521484098505832,0.0292790699750185,0.013516858220100403,0.06244215741753578,0.1584000587463379,0.25551295280456543,0.028443075716495514
F1_N0,20,0.17430944740772247,0.2201353758573532,0.2201353758573532,1.4700835734709337,0.03758808597922325,0.012276490218937397,0.08981824666261673,0.015400409698486328,0.36684301495552063,0.03637140244245529
F1_N0,30,0.15762211382389069,0.20816656947135925,0.20816656947135925,1.055914614607857,0.03746621310710907,0.011249112896621227,0.07319483160972595,0.19552230834960938,0.2928292453289032,0.036522578448057175
F1_N0,40,0.17596286535263062,0.20100446045398712,0.20100446045398712,1.8412893174544738,0.04278675466775894,0.011588100343942642,0.09721208363771439,0.03511190414428711,0.35433879494667053,0.041635483503341675
F1_N0,50,0.1873452514410019,0.18808765709400177,0.18808765709400177,0.3773072878832019,0.04398656636476517,0.011318327859044075,0.0955372080206871,0.08269453048706055,0.3793467879295349,0.04274732246994972
F1_N0,60,0.1997372806072235,0.17576606571674347,0.17576606571674347,0.37028694338461976,0.046901073306798935,0.011167462915182114,0.10059653967618942,0.1395397186279297,0.38308772444725037,0.04565877467393875
F1_N0,70,0.1482078582048416,0.1735883355140686,0.1735883355140686,0.5706009474114024,0.04742685705423355,0.01109590195119381,0.09266594052314758,0.35040807723999023,0.34551987051963806,0.04632532224059105
F1_N0,80,0.13816633820533752,0.16885177791118622,0.16885177791118622,0.3903381333342013,0.05016494169831276,0.010916606523096561,0.100364550948143,0.35176849365234375,0.37711188197135925,0.04895678535103798
F1_N0,90,0.16839848458766937,0.16008295118808746,0.16008295118808746,0.39189311848628855,0.05216603726148605,0.010676966980099678,0.10342557728290558,0.40891361236572266,0.39828813076019287,0.05088702589273453
F1_N0,100,0.1156407967209816,0.1575627475976944,0.1575627475976944,0.4000366309647706,0.054334960877895355,0.010510861873626709,0.1059727892279625,0.41161298751831055,0.41148045659065247,0.05301521345973015
F1_N0,110,0.23605908453464508,0.1714196652173996,0.1575627475976944,0.9423493350621553,0.057002052664756775,0.010936610400676727,0.11629704385995865,0.27562427520751953,0.46449941396713257,0.05549623817205429
F1_N0,120,0.12659239768981934,0.15710614621639252,0.15710614621639252,0.3476466401793213,0.056865014135837555,0.010236214846372604,0.1048412099480629,0.48252201080322266,0.38820475339889526,0.055640626698732376
F1_N0,130,0.1506192684173584,0.16657519340515137,0.15710614621639252,0.322779030735086,0.06081197410821915,0.010571952909231186,0.11943250149488449,0.403653621673584,0.45228928327560425,0.05936536192893982
F1_N0,140,0.17819280922412872,0.15764904022216797,0.15710614621639252,0.6982922329201606,0.061036139726638794,0.010061006061732769,0.11358892172574997,0.4956216812133789,0.4219350814819336,0.05970252677798271
F1_N0,150,0.15229590237140656,0.14928998053073883,0.14928998053073883,0.6401410894174773,0.06285959482192993,0.010132390074431896,0.11607105284929276,0.49260950088500977,0.43030694127082825,0.06150177866220474
F1_N0,160,0.13189475238323212,0.14497677981853485,0.14497677981853485,0.31884915945561143,0.06333418190479279,0.010146103799343109,0.11236488074064255,0.4929509162902832,0.41086605191230774,0.06204996258020401
F1_N0,170,0.11183402687311172,0.15330883860588074,0.14497677981853485,1.4114741159506676,0.06349286437034607,0.01093858852982521,0.10927266627550125,0.4710373878479004,0.36777737736701965,0.06236845254898071
F1_N0,180,0.13163010776042938,0.14070744812488556,0.14070744812488556,0.8299714347023223,0.06563913077116013,0.010825196281075478,0.11685749888420105,0.4277458190917969,0.42713794112205505,0.06430330127477646
F1_N0,190,0.1554284244775772,0.13565266132354736,0.13565266132354736,0.21522434696720996,0.0670052170753479,0.010603346861898899,0.11427456885576248,0.4591832160949707,0.39466002583503723,0.0657944530248642
F1_N0,200,0.12239322066307068,0.141623392701149,0.13565266132354736,0.579164126208826,0.06689292192459106,0.011294178664684296,0.1114182248711586,0.47091150283813477,0.4052792489528656,0.06564249843358994
F1_N0,210,0.12172164767980576,0.13604724407196045,0.13565266132354736,0.2660347226280819,0.0698166936635971,0.010551003739237785,0.11713504046201706,0.4810967445373535,0.3959747552871704,0.06861145794391632
F1_N0,220,0.11084834486246109,0.13204608857631683,0.13204608857631683,0.3344292453556869,0.0699295848608017,0.010726005770266056,0.11499331891536713,0.4746866226196289,0.3867300748825073,0.06875892728567123
F1_N0,230,0.11235995590686798,0.13828256726264954,0.13204608857631683,0.21511352779320853,0.06992087513208389,0.011109376326203346,0.11577218770980835,0.4637737274169922,0.38505053520202637,0.06875638663768768
F1_N0,240,0.16932141780853271,0.14068789780139923,0.13204608857631683,0.5840572028243208,0.06864267587661743,0.012077960185706615,0.10775799304246902,0.45130300521850586,0.3604457378387451,0.06756439059972763
F1_N0,250,0.1531534492969513,0.13870956003665924,0.13204608857631683,0.4253285763389105,0.07234776765108109,0.01208643987774849,0.12382512539625168,0.4325442314147949,0.4369794428348541,0.0710003525018692
F1_N0,260,0.11815812438726425,0.13632747530937195,0.13204608857631683,0.4376463980472786,0.07437450438737869,0.010964513756334782,0.12887248396873474,0.4497833251953125,0.447598397731781,0.07299534231424332
F1_N0,270,0.12628936767578125,0.13344718515872955,0.13204608857631683,0.34145550455262846,0.07413569837808609,0.01114483643323183,0.12490888684988022,0.4345846176147461,0.4388260245323181,0.07278807461261749
F1_N0,280,0.12669157981872559,0.1396392285823822,0.13204608857631683,0.24916169238751582,0.07439578324556351,0.011857874691486359,0.12407764792442322,0.4402613639831543,0.4279278814792633,0.07308939099311829
F1_N0,290,0.14330628514289856,0.1325300931930542,0.13204608857631683,1.153366621186622,0.07525983452796936,0.011483332142233849,0.12342514097690582,0.4431576728820801,0.4091242849826813,0.07402611523866653
F1_N0,300,0.12691575288772583,0.13042417168617249,0.13042417168617249,0.3321308515641318,0.07528959959745407,0.011022483929991722,0.11747225373983383,0.4609675407409668,0.3926071524620056,0.0741170197725296
F1_N0,310,0.11820759624242783,0.13277579843997955,0.13042417168617249,0.33382225679015354,0.07645384967327118,0.01284680888056755,0.12481024861335754,0.41625070571899414,0.40998348593711853,0.07522136718034744
F1_N0,320,0.12188037484884262,0.13028664886951447,0.13028664886951447,0.6357054792899994,0.07529842853546143,0.012206626124680042,0.11423800885677338,0.454221248626709,0.38241836428642273,0.0741635337471962
F1_N0,330,0.13232165575027466,0.12713178992271423,0.12713178992271423,0.9537954491315516,0.07713311165571213,0.011606433428823948,0.12052712589502335,0.4616551399230957,0.4036919176578522,0.07592640072107315
F1_N0,340,0.12833093106746674,0.1268688589334488,0.1268688589334488,0.28154974382365333,0.07801322638988495,0.011870438233017921,0.1256057620048523,0.44174861907958984,0.4274057149887085,0.07672213017940521
F1_N0,350,0.10826703906059265,0.1373801827430725,0.1268688589334488,0.34951035393483276,0.07764260470867157,0.011547977104783058,0.12442559748888016,0.4496340751647949,0.42726945877075195,0.076350636780262
F1_N0,360,0.09882178902626038,0.1354454606771469,0.1268688589334488,1.1608390364399146,0.07782047241926193,0.013189250603318214,0.1263061910867691,0.40471458435058594,0.4272918403148651,0.07652907073497772
F1_N0,370,0.11945923417806625,0.12911291420459747,0.1268688589334488,0.22156826095669904,0.07929638773202896,0.011604360304772854,0.12552271783351898,0.4462146759033203,0.4165666401386261,0.07805008441209793
F1_N0,380,0.10388147830963135,0.1256924271583557,0.1256924271583557,0.32831562253329477,0.08013385534286499,0.01185175497084856,0.12799392640590668,0.43819713592529297,0.43417084217071533,0.07882560044527054
F1_N0,390,0.1038651391863823,0.13178497552871704,0.1256924271583557,0.36329376157321785,0.07810834795236588,0.01385180838406086,0.12487141042947769,0.396120548248291,0.43105632066726685,0.07680410146713257
F1_N0,400,0.1334734410047531,0.139234721660614,0.1256924271583557,0.46353740407854066,0.08023145794868469,0.012011217884719372,0.12937958538532257,0.44788408279418945,0.4454592168331146,0.07888185232877731
F1_N0,410,0.1062086671590805,0.13215257227420807,0.1256924271583557,0.29218170250305225,0.07937739789485931,0.012856659479439259,0.12687291204929352,0.39312267303466797,0.4150664508342743,0.07813694328069687
F1_N0,420,0.11740022897720337,0.13415221869945526,0.1256924271583557,0.46187139416361145,0.07765479385852814,0.014136569574475288,0.12039557099342346,0.3650784492492676,0.39999645948410034,0.07646365463733673
F1_N0,430,0.1041652262210846,0.13468383252620697,0.1256924271583557,0.2969765080642476,0.07937759906053543,0.012830635532736778,0.11911401897668839,0.43958187103271484,0.38343608379364014,0.07825402915477753
F1_N1,10,0.29363343119621277,0.27270984649658203,0.27270984649658203,1.6336071797249936,0.028818707913160324,0.013187705539166927,0.061695583164691925,0.10274934768676758,0.22813716530799866,0.02808217704296112
F1_N1,20,0.1774827241897583,0.21386967599391937,0.21386967599391937,1.0481768704407048,0.03731319308280945,0.012005746364593506,0.0850660651922226,0.024602413177490234,0.32615897059440613,0.03624582663178444
F1_N1,30,0.16042694449424744,0.20223157107830048,0.20223157107830048,2.0485305397686138,0.039339348673820496,0.011570287868380547,0.08325331658124924,0.07700109481811523,0.31840547919273376,0.038308124989271164
F1_N1,40,0.15204201638698578,0.19294407963752747,0.19294407963752747,1.2994909239474224,0.04202655702829361,0.011210568249225616,0.08806442469358444,0.11324071884155273,0.3383415639400482,0.040931589901447296
F1_N1,50,0.17771127820014954,0.1860382854938507,0.1860382854938507,0.3148787658719145,0.045345842838287354,0.011459723114967346,0.0983784943819046,0.11246585845947266,0.3976396918296814,0.044044025242328644
F1_N1,60,0.19077958166599274,0.17581669986248016,0.17581669986248016,0.675313554887241,0.04762730374932289,0.011087960563600063,0.09775649756193161,0.2931704521179199,0.3658687174320221,0.04645131900906563
F1_N1,70,0.16757075488567352,0.17526160180568695,0.17526160180568695,1.275887506034454,0.048987384885549545,0.011316116899251938,0.09446080029010773,0.39539575576782227,0.3321455121040344,0.047941043972969055
F1_N1,80,0.13872632384300232,0.1614178717136383,0.1614178717136383,0.5571555694194824,0.05221385508775711,0.01075674407184124,0.10151752084493637,0.4018850326538086,0.3625940680503845,0.051066916435956955
F1_N1,90,0.1560768187046051,0.1562684029340744,0.1562684029340744,0.5025009763766609,0.05447893589735031,0.010670348070561886,0.1057804599404335,0.43509960174560547,0.3894343376159668,0.05324118956923485
F1_N1,100,0.1117018312215805,0.15437684953212738,0.15437684953212738,0.3658230735505232,0.057741932570934296,0.010609556920826435,0.1154753789305687,0.3927907943725586,0.4218183159828186,0.05639657378196716
F1_N1,110,0.2486899048089981,0.17053531110286713,0.15437684953212738,1.2560207048358627,0.05979515612125397,0.010761283338069916,0.12141237407922745,0.3242506980895996,0.4726479649543762,0.05826955661177635
F1_N1,120,0.12714482843875885,0.1545112282037735,0.15437684953212738,0.6967805887294011,0.05998240038752556,0.010091648437082767,0.11296319216489792,0.4832296371459961,0.41185060143470764,0.0586821548640728
F1_N1,130,0.14935241639614105,0.15830880403518677,0.15437684953212738,0.4798134543697134,0.06270292401313782,0.010550225153565407,0.12358376383781433,0.3766036033630371,0.4478645920753479,0.061279647052288055
F1_N1,140,0.17347681522369385,0.14891625940799713,0.14891625940799713,0.6029721782490319,0.0621228888630867,0.010078614577651024,0.11279284209012985,0.49068403244018555,0.40485528111457825,0.060856401920318604
F1_N1,150,0.15767791867256165,0.14585533738136292,0.14585533738136292,0.8156548699219006,0.06363078951835632,0.010190784931182861,0.11417748779058456,0.491058349609375,0.4114406406879425,0.06234554573893547
F1_N1,160,0.12977935373783112,0.1468968391418457,0.14585533738136292,0.3589478098992153,0.062901072204113,0.01055038720369339,0.10481635481119156,0.4785952568054199,0.3629274070262909,0.06179239973425865
F1_N1,170,0.11551079154014587,0.14559440314769745,0.14559440314769745,1.3610997004266052,0.06660529971122742,0.011372905224561691,0.1209992915391922,0.4335012435913086,0.39548754692077637,0.06538999080657959
F1_N1,180,0.13549748063087463,0.13904018700122833,0.13904018700122833,1.4556920391355053,0.0678991973400116,0.010777732357382774,0.12306205183267593,0.4561500549316406,0.431986540555954,0.06655379384756088
F1_N1,190,0.1488029509782791,0.13702483475208282,0.13702483475208282,0.20466837755520317,0.0670706033706665,0.010810031555593014,0.1136704608798027,0.46871280670166016,0.3841230869293213,0.06589901447296143
F1_N1,200,0.12356150895357132,0.14015249907970428,0.13702483475208282,0.4100139485888414,0.06617778539657593,0.01204755436629057,0.10804347693920135,0.4478583335876465,0.3820001780986786,0.06501074135303497
F1_N1,210,0.12254274636507034,0.13243842124938965,0.13243842124938965,0.24715253814716348,0.07046280056238174,0.010723084211349487,0.11899010837078094,0.46488332748413086,0.38977357745170593,0.06928285956382751
F1_N1,220,0.11044240742921829,0.13100309669971466,0.13100309669971466,0.3755465788017612,0.07096917927265167,0.010874805971980095,0.11976165324449539,0.44817304611206055,0.3987632393836975,0.06975789368152618
F1_N1,230,0.12086834758520126,0.13604532182216644,0.13100309669971466,0.49340761118722865,0.071880042552948,0.01159808412194252,0.12326643615961075,0.4216904640197754,0.4172906279563904,0.07060365378856659
F1_N1,240,0.16695882380008698,0.13891078531742096,0.13100309669971466,0.6718273682159736,0.07210956513881683,0.011908819898962975,0.12117623537778854,0.4262371063232422,0.4259197413921356,0.07080212980508804
F1_N1,250,0.15000656247138977,0.1318904310464859,0.13100309669971466,0.31877562638530865,0.07171246409416199,0.0134782325476408,0.11866474151611328,0.39243078231811523,0.40378639101982117,0.07048536092042923
F1_N1,260,0.12559878826141357,0.1348627358675003,0.13100309669971466,0.6635172578984149,0.07399921864271164,0.01294862013310194,0.12524481117725372,0.38744688034057617,0.40930306911468506,0.07276017963886261
F1_N1,270,0.12802018225193024,0.14960046112537384,0.13100309669971466,0.486995888084383,0.07747462391853333,0.011969328857958317,0.1360298991203308,0.38280296325683594,0.4796966016292572,0.07598830759525299
F1_N1,280,0.12898264825344086,0.1342877745628357,0.13100309669971466,0.7107973953448451,0.07624490559101105,0.011419937014579773,0.12489021569490433,0.4113430976867676,0.4324597716331482,0.07492859661579132
F1_N1,290,0.13156083226203918,0.12891516089439392,0.12891516089439392,1.2512410997951187,0.07640845328569412,0.012078370898962021,0.12473396956920624,0.42682647705078125,0.41252201795578003,0.07516642659902573
F1_N1,300,0.11688189953565598,0.12803050875663757,0.12803050875663757,0.23209747903275837,0.07740248739719391,0.012097647413611412,0.12441638112068176,0.4261746406555176,0.4181385934352875,0.07614336907863617
F1_N1,310,0.11390366405248642,0.12781000137329102,0.12781000137329102,0.4105361385927978,0.0780983716249466,0.01235798466950655,0.1258503496646881,0.4092116355895996,0.41959407925605774,0.07683645188808441
F1_N1,320,0.12282955646514893,0.12918971478939056,0.12781000137329102,0.5427335310094823,0.07621943950653076,0.012754127383232117,0.11730711907148361,0.4249582290649414,0.37960582971572876,0.07509834319353104
F1_N1,330,0.12730537354946136,0.12837372720241547,0.12781000137329102,0.47093586099769297,0.07844062149524689,0.013153009116649628,0.12832054495811462,0.4082331657409668,0.44269299507141113,0.07709461450576782
F1_N1,340,0.15112201869487762,0.12614069879055023,0.12614069879055023,0.9646566633824599,0.07854587584733963,0.013118619099259377,0.12665267288684845,0.3982672691345215,0.42387500405311584,0.0772697925567627
F1_N1,350,0.108028843998909,0.13169337809085846,0.12614069879055023,0.28671801528271085,0.07693104445934296,0.013523809611797333,0.12014137953519821,0.38234853744506836,0.38889339566230774,0.07577825337648392
F1_N1,360,0.09133242070674896,0.1371563822031021,0.12614069879055023,0.5134965366887327,0.07916763424873352,0.013115184381604195,0.12572810053825378,0.41986083984375,0.41518741846084595,0.07792595773935318
F1_N1,370,0.12616366147994995,0.13094688951969147,0.12614069879055023,0.5725826866954282,0.0829763263463974,0.011897314339876175,0.13277004659175873,0.4338874816894531,0.44468969106674194,0.08163969218730927
F1_N1,380,0.10810501873493195,0.13409185409545898,0.12614069879055023,0.17449217002149486,0.08471637964248657,0.011809166520833969,0.1392151415348053,0.42588043212890625,0.4658927321434021,0.08330783247947693
F1_N1,390,0.10807005316019058,0.13396486639976501,0.12614069879055023,0.5368117646200885,0.084038645029068,0.012684036046266556,0.13885857164859772,0.41608428955078125,0.4624635577201843,0.08264026790857315
F1_N1,400,0.12843695282936096,0.13685272634029388,0.12614069879055023,0.5056050530842188,0.08604880422353745,0.01202512625604868,0.1382373720407486,0.41256237030029297,0.4627090096473694,0.08465694636106491
F1_N1,410,0.12818658351898193,0.13403703272342682,0.12614069879055023,0.699895735515367,0.0857364609837532,0.011538689956068993,0.13844572007656097,0.41426563262939453,0.45160576701164246,0.08438447117805481
F1_N1,420,0.12033611536026001,0.13319197297096252,0.12614069879055023,0.4941356945437724,0.08213995397090912,0.012811590917408466,0.12620525062084198,0.37005138397216797,0.4173320233821869,0.08090133219957352
F1_N1,430,0.110420823097229,0.12735430896282196,0.12614069879055023,0.24015606638153875,0.083184614777565,0.012936912477016449,0.12629219889640808,0.41675519943237305,0.40638571977615356,0.08199029415845871
F1_N2,10,0.2893826961517334,0.2474350780248642,0.2474350780248642,1.6374645455093164,0.029525427147746086,0.012827304191887379,0.06020662561058998,0.14029407501220703,0.2536969482898712,0.028697052970528603
F1_N2,20,0.17503172159194946,0.2224140763282776,0.2224140763282776,0.9343454241017056,0.03621150180697441,0.011855684220790863,0.07900115102529526,0.03945350646972656,0.31633737683296204,0.035176366567611694
F1_N2,30,0.14073890447616577,0.2076086699962616,0.2076086699962616,1.5394116085818483,0.038193803280591965,0.011421078816056252,0.07999999821186066,0.06454944610595703,0.3109111487865448,0.037186041474342346
F1_N2,40,0.153178870677948,0.19707223773002625,0.19707223773002625,0.8480677247418547,0.041819993406534195,0.011431428603827953,0.09214811772108078,0.06287050247192383,0.3645555377006531,0.04062740132212639
F1_N2,50,0.18478143215179443,0.18436174094676971,0.18436174094676971,0.4295265105650313,0.044732026755809784,0.01148830447345972,0.09787089377641678,0.09150409698486328,0.3925830125808716,0.043446626514196396
F1_N2,60,0.19151578843593597,0.17735227942466736,0.17735227942466736,0.5080238458366052,0.046540483832359314,0.010916554369032383,0.09519366174936295,0.308349609375,0.37722253799438477,0.04531852900981903
F1_N2,70,0.15386086702346802,0.175006702542305,0.175006702542305,0.776617211307616,0.04850809648633003,0.010837950743734837,0.09326210618019104,0.3869047164916992,0.3307109773159027,0.047465283423662186
F1_N2,80,0.1402324140071869,0.16528372466564178,0.16528372466564178,0.586059427569298,0.0521085262298584,0.010763052850961685,0.10422838479280472,0.36667394638061523,0.39221981167793274,0.0508517250418663
F1_N2,90,0.1632748246192932,0.15840712189674377,0.15840712189674377,0.5826260021073607,0.054472416639328,0.010800501331686974,0.10614082217216492,0.38904523849487305,0.4122966229915619,0.05315016210079193
F1_N2,100,0.11544229835271835,0.15108801424503326,0.15108801424503326,0.28891461885390757,0.057071708142757416,0.010704662650823593,0.10960039496421814,0.42315101623535156,0.42496004700660706,0.0557122603058815
F1_N2,110,0.20498299598693848,0.16219276189804077,0.15108801424503326,1.0658458625935012,0.05932827293872833,0.010505693033337593,0.11729445308446884,0.4217958450317383,0.4469243288040161,0.057895999401807785
F1_N2,120,0.1303502321243286,0.15215526521205902,0.15108801424503326,0.47324919619620415,0.05959704518318176,0.010665489360690117,0.10976926982402802,0.45560169219970703,0.40086936950683594,0.05833595618605614
F1_N2,130,0.14288602769374847,0.14923015236854553,0.14923015236854553,0.33857255597869856,0.06121997535228729,0.010534845292568207,0.11218762397766113,0.4739985466003418,0.4138859808444977,0.05991677567362785
F1_N2,140,0.16409775614738464,0.14840418100357056,0.14840418100357056,0.6911803300539898,0.06273087859153748,0.009931567125022411,0.10953864455223083,0.5036706924438477,0.39059579372406006,0.06151933595538139
F1_N2,150,0.14704130589962006,0.14207151532173157,0.14207151532173157,1.0181796359485544,0.06518850475549698,0.010125875473022461,0.11623146384954453,0.49137258529663086,0.42716625332832336,0.06385090947151184
F1_N2,160,0.1349947452545166,0.14269879460334778,0.14207151532173157,0.8235380318528197,0.06482395529747009,0.010022493079304695,0.10720612108707428,0.49892663955688477,0.36045101284980774,0.06373153626918793
F1_N2,170,0.11758670210838318,0.14345574378967285,0.14207151532173157,1.5548579199244523,0.06753622740507126,0.011000966653227806,0.11886244267225266,0.4547138214111328,0.4115109145641327,0.06626515835523605
F1_N2,180,0.12980830669403076,0.13395637273788452,0.13395637273788452,1.160318830851848,0.06877092272043228,0.010951054282486439,0.1192050576210022,0.46128368377685547,0.42949557304382324,0.06743794679641724
F1_N2,190,0.15099579095840454,0.13289974629878998,0.13289974629878998,0.33073665527213975,0.06941262632608414,0.01079457625746727,0.11715832352638245,0.4678330421447754,0.3926056921482086,0.06821834295988083
F1_N2,200,0.11979904025793076,0.13576173782348633,0.13289974629878998,0.2243861906345848,0.06780114769935608,0.01178562268614769,0.10753168165683746,0.46030569076538086,0.3784312605857849,0.0666532814502716
F1_N2,210,0.12644168734550476,0.12674538791179657,0.12674538791179657,0.44171009344503775,0.07169994711875916,0.01048201508820057,0.11781001091003418,0.47823238372802734,0.4029831886291504,0.07047577202320099
F1_N2,220,0.11303598433732986,0.12707887589931488,0.12674538791179657,0.39932418964444766,0.0734611451625824,0.010321317240595818,0.12436604499816895,0.48016977310180664,0.4177883565425873,0.07218876481056213
F1_N2,230,0.10959616303443909,0.13496404886245728,0.12674538791179657,0.21312458772099555,0.07179485261440277,0.011107390746474266,0.11967498064041138,0.45798492431640625,0.41550764441490173,0.07052474468946457
F1_N2,240,0.14525234699249268,0.13529875874519348,0.12674538791179657,0.642226240720709,0.07067033648490906,0.011834715493023396,0.1124676838517189,0.45206403732299805,0.3875424265861511,0.0694994181394577
F1_N2,250,0.12956160306930542,0.1339956670999527,0.12674538791179657,0.4996304636686426,0.07352302968502045,0.012059058994054794,0.12592343986034393,0.4212226867675781,0.4464045464992523,0.07214513421058655
F1_N2,260,0.11211024224758148,0.13531748950481415,0.12674538791179657,0.3999963655585746,0.07388616353273392,0.011048699729144573,0.1211787685751915,0.4617142677307129,0.3995167016983032,0.07268287241458893
F1_N2,270,0.1205122098326683,0.12745381891727448,0.12674538791179657,0.2840817382391304,0.07674296200275421,0.010383467189967632,0.1259346455335617,0.48227787017822266,0.4237658381462097,0.07546061277389526
F1_N2,280,0.13255302608013153,0.1305421143770218,0.12674538791179657,0.49691775550803696,0.07619370520114899,0.011144273914396763,0.12290175259113312,0.46667909622192383,0.4178784489631653,0.07493109256029129
F1_N2,290,0.12854085862636566,0.12652547657489777,0.12652547657489777,0.6979011656662292,0.07713519036769867,0.011361708864569664,0.12643100321292877,0.4611349105834961,0.43317705392837524,0.07581951469182968
F1_N2,300,0.11202702671289444,0.12454525381326675,0.12454525381326675,0.30590651084335313,0.07649896293878555,0.01190525759011507,0.12224571406841278,0.43758440017700195,0.4086040258407593,0.07527174800634384
F1_N2,310,0.10738395899534225,0.1283544898033142,0.12454525381326675,0.1737094718368281,0.07614791393280029,0.012251115404069424,0.12132997065782547,0.4404621124267578,0.41350042819976807,0.07490129768848419
F1_N2,320,0.11826977133750916,0.12981972098350525,0.12454525381326675,0.5730525654106212,0.07467374950647354,0.012620251625776291,0.11549074202775955,0.44323301315307617,0.40010514855384827,0.07347119599580765
F1_N2,330,0.10386181622743607,0.13142088055610657,0.12454525381326675,0.8640104821754981,0.07693258672952652,0.011934848502278328,0.12619541585445404,0.44511985778808594,0.4342511296272278,0.07561219483613968
F1_N2,340,0.1399633288383484,0.13394783437252045,0.12454525381326675,0.4281232811767588,0.07459340989589691,0.012891503050923347,0.11439234018325806,0.4297356605529785,0.3760206997394562,0.0734795555472374
F1_N2,350,0.11357368528842926,0.13361826539039612,0.12454525381326675,0.7169549022489423,0.0753834992647171,0.011725184507668018,0.11600646376609802,0.4512968063354492,0.3737485408782959,0.07428096979856491
F1_N2,360,0.0884924829006195,0.13301792740821838,0.12454525381326675,0.3349718796487123,0.07926219701766968,0.011435812339186668,0.12648621201515198,0.46744728088378906,0.42951473593711853,0.07796791940927505
F1_N2,370,0.12352161109447479,0.1315157562494278,0.12454525381326675,0.18343837679858216,0.08021937310695648,0.011556416749954224,0.1265573650598526,0.4615325927734375,0.418697714805603,0.07896861433982849
F1_N2,380,0.1006481721997261,0.12695784866809845,0.12454525381326675,0.24921952605934736,0.08072888851165771,0.011613421142101288,0.1269136667251587,0.4547853469848633,0.4263218343257904,0.07945183664560318
F1_N2,390,0.0956571102142334,0.13269269466400146,0.12454525381326675,0.29785215586517877,0.07936123013496399,0.012679560109972954,0.12541760504245758,0.43260765075683594,0.42300930619239807,0.07809135317802429
F1_N2,400,0.11710608750581741,0.13029448688030243,0.12454525381326675,0.3444031072714238,0.07885964214801788,0.012793781235814095,0.1196872815489769,0.42624473571777344,0.4056801497936249,0.07765195518732071
F1_N2,410,0.11835239827632904,0.12914107739925385,0.12454525381326675,0.6745386917962765,0.0803394690155983,0.010740581899881363,0.12111478298902512,0.48436880111694336,0.4021538496017456,0.07915027439594269
F1_N2,420,0.12144376337528229,0.13463987410068512,0.12454525381326675,0.545055488376063,0.07796292752027512,0.011924494989216328,0.11692512780427933,0.4448518753051758,0.3713715076446533,0.07687870413064957
F1_N2,430,0.11329957842826843,0.13401393592357635,0.12454525381326675,0.26638753340882565,0.08045613765716553,0.012022831477224827,0.12157441675662994,0.46022844314575195,0.387525737285614,0.07932143658399582
F1_N3,10,0.24616460502147675,0.2446763962507248,0.2446763962507248,0.49762945663919134,0.03184812515974045,0.013440966606140137,0.07400652021169662,0.13784360885620117,0.2904025912284851,0.03089269809424877
F1_N3,20,0.16875296831130981,0.22820532321929932,0.22820532321929932,0.39674775946106994,0.03648890554904938,0.012462824583053589,0.08337964117527008,0.12847042083740234,0.3212413191795349,0.03543667495250702
F1_N3,30,0.15195241570472717,0.225225567817688,0.225225567817688,0.37533710158375677,0.038186222314834595,0.012165368534624577,0.08218874782323837,0.17827653884887695,0.3102818429470062,0.03718075528740883
F1_N3,40,0.14929167926311493,0.1984083652496338,0.1984083652496338,0.7190654867220658,0.040121614933013916,0.011808790266513824,0.07992324233055115,0.21575403213500977,0.3084014058113098,0.03913024812936783
F1_N3,50,0.1740131378173828,0.19295468926429749,0.19295468926429749,0.3601579914873142,0.0443432442843914,0.013057414442300797,0.1004054844379425,0.21138477325439453,0.39406129717826843,0.043050941079854965
F1_N3,60,0.1653359979391098,0.18421031534671783,0.18421031534671783,0.3729673056319058,0.047407276928424835,0.01179889589548111,0.10260815173387527,0.19328880310058594,0.39077484607696533,0.04613844305276871
F1_N3,70,0.15347404778003693,0.17851828038692474,0.17851828038692474,0.6128522522073542,0.04821391776204109,0.01134333573281765,0.0941726565361023,0.33065128326416016,0.33525973558425903,0.047153208404779434
F1_N3,80,0.12714938819408417,0.1632869690656662,0.1632869690656662,0.26055424187314474,0.05222038924694061,0.012168403714895248,0.10828506201505661,0.31121015548706055,0.41268637776374817,0.05088837072253227
F1_N3,90,0.16530488431453705,0.15536963939666748,0.15536963939666748,0.3986975896394301,0.05446333438158035,0.011955898255109787,0.11096400022506714,0.30887937545776367,0.4063589572906494,0.05316298454999924
F1_N3,100,0.11290429532527924,0.1500474065542221,0.1500474065542221,0.7653020971343166,0.05523786321282387,0.011627276428043842,0.10706610977649689,0.3019742965698242,0.39852041006088257,0.05396933853626251
F1_N3,110,0.1550108790397644,0.1520046591758728,0.1500474065542221,0.26857235306224053,0.054832927882671356,0.014061342924833298,0.10296247154474258,0.33023643493652344,0.38762903213500977,0.0536031574010849
F1_N3,120,0.1158670037984848,0.15363265573978424,0.1500474065542221,0.1402655528524526,0.05775516480207443,0.013341657817363739,0.11145740002393723,0.33072948455810547,0.40741559863090515,0.056463077664375305
F1_N3,130,0.11654441803693771,0.1512761265039444,0.1500474065542221,0.3465390407971034,0.06086750328540802,0.0122847193852067,0.12217418849468231,0.3400459289550781,0.43478140234947205,0.0594857893884182
F1_N3,140,0.14999951422214508,0.14852148294448853,0.14852148294448853,0.3119850286455682,0.061011090874671936,0.011475440114736557,0.11825814098119736,0.3985710144042969,0.43137747049331665,0.0596424899995327
F1_N3,150,0.12775489687919617,0.1504300832748413,0.14852148294448853,0.3009019991318789,0.0624505952000618,0.011692449450492859,0.11822111904621124,0.3887667655944824,0.41280853748321533,0.061155930161476135
F1_N3,160,0.11835970729589462,0.14528021216392517,0.14528021216392517,0.26027702755080306,0.06137679144740105,0.011377498507499695,0.1073356419801712,0.4167661666870117,0.36076030135154724,0.06027049198746681
F1_N3,170,0.09689095616340637,0.14269694685935974,0.14269694685935974,0.2789860053578407,0.06292659044265747,0.010819850489497185,0.11207842081785202,0.4526052474975586,0.37372177839279175,0.06177812069654465
F1_N3,180,0.11313773691654205,0.13791696727275848,0.13791696727275848,0.42683631444000975,0.06498133391141891,0.01108519732952118,0.11744464188814163,0.4201216697692871,0.39543548226356506,0.06376022100448608
F1_N3,190,0.12757591903209686,0.14701363444328308,0.13791696727275848,0.33184301008794015,0.06455868482589722,0.01114566344767809,0.11282587796449661,0.42426013946533203,0.35717859864234924,0.06347738206386566
F1_N3,200,0.11803094297647476,0.14349381625652313,0.13791696727275848,0.3491678381037406,0.06407706439495087,0.011371868662536144,0.10729829221963882,0.4172673225402832,0.3525155186653137,0.06301121413707733
F1_N3,210,0.12788499891757965,0.13727807998657227,0.13727807998657227,0.19223769654527323,0.06580930203199387,0.011584213003516197,0.11448762565851212,0.40169429779052734,0.39318984746932983,0.06459954380989075
F1_N3,220,0.11222163587808609,0.1383948177099228,0.13727807998657227,0.32103779264923765,0.06636711955070496,0.011700315400958061,0.11536679416894913,0.38106822967529297,0.38851451873779297,0.06517670303583145
F1_N3,230,0.11682537943124771,0.13678927719593048,0.13678927719593048,0.4232032814226072,0.06755833327770233,0.01201607659459114,0.11843013763427734,0.3547024726867676,0.4043167531490326,0.06631392985582352
F1_N3,240,0.12090512365102768,0.13869459927082062,0.13678927719593048,0.5216679289488327,0.06638361513614655,0.011705051176249981,0.10898932814598083,0.39240503311157227,0.35440313816070557,0.06531930714845657
F1_N3,250,0.12917369604110718,0.1317976862192154,0.1317976862192154,0.5559031678998667,0.0681343674659729,0.012170828878879547,0.11751333624124527,0.34867048263549805,0.4038377106189728,0.06689385324716568
F1_N3,260,0.10167776048183441,0.1317729651927948,0.1317729651927948,0.14080787477753448,0.06850117444992065,0.011836310848593712,0.11658468842506409,0.3911404609680176,0.3997713625431061,0.06727705150842667
F1_N3,270,0.1039072647690773,0.1357281357049942,0.1317729651927948,0.13955830206899866,0.07007873058319092,0.011860609985888004,0.12325616925954819,0.38562822341918945,0.4282969832420349,0.06875500828027725
F1_N3,280,0.11662076413631439,0.1374036818742752,0.1317729651927948,0.22733571613750062,0.06809684634208679,0.011300547048449516,0.11320554465055466,0.42512989044189453,0.3727264404296875,0.06697115302085876
F1_N3,290,0.10637638717889786,0.13034099340438843,0.13034099340438843,0.2596692055048908,0.0695292130112648,0.011810682713985443,0.1181037575006485,0.39050722122192383,0.4054983854293823,0.06828771531581879
F1_N3,300,0.11333268135786057,0.13117899000644684,0.13034099340438843,0.23400624371001438,0.06978705525398254,0.01218442339450121,0.117765411734581,0.3663444519042969,0.39965540170669556,0.06856811046600342
F1_N3,310,0.1017443835735321,0.13185365498065948,0.13034099340438843,0.13252366460335444,0.06970079243183136,0.012384834699332714,0.11959819495677948,0.3697824478149414,0.4144952595233917,0.06842668354511261
F1_N3,320,0.11920947581529617,0.13155606389045715,0.13034099340438843,0.32381426508818856,0.06856554001569748,0.012291456572711468,0.11392650008201599,0.3879528045654297,0.39992234110832214,0.06734108924865723
F1_N3,330,0.09550660848617554,0.13413006067276,0.13034099340438843,0.41339064916808155,0.06999428570270538,0.011827255599200726,0.11726673692464828,0.3829216957092285,0.40084582567214966,0.06877170503139496
F1_N3,340,0.12882211804389954,0.13897261023521423,0.13034099340438843,0.21078014043891785,0.0703548938035965,0.012124027125537395,0.1187426820397377,0.37069177627563477,0.40655937790870667,0.06911252439022064
F1_N3,350,0.09976186603307724,0.1407109797000885,0.13034099340438843,0.4239570924791126,0.07202556729316711,0.012315654195845127,0.12539809942245483,0.3495321273803711,0.4371403455734253,0.07067637145519257
F1_N3,360,0.0888969823718071,0.1312464326620102,0.13034099340438843,0.5796576176568302,0.07136070728302002,0.012278325855731964,0.120500348508358,0.3667168617248535,0.41588643193244934,0.07008758187294006
F1_N3,370,0.114608995616436,0.13366404175758362,0.13034099340438843,0.15730812348198753,0.07072527706623077,0.01214100606739521,0.11776085942983627,0.36508846282958984,0.40113258361816406,0.06950432807207108
F1_N3,380,0.09531792998313904,0.1340094655752182,0.13034099340438843,0.43934987934796865,0.07142730057239532,0.011940603144466877,0.12000016868114471,0.3765554428100586,0.4036112129688263,0.07019979506731033
F1_N3,390,0.0885898545384407,0.13259372115135193,0.13034099340438843,0.23733631292839233,0.07092712819576263,0.011722223833203316,0.11629967391490936,0.3990187644958496,0.39764705300331116,0.06971980631351471
F1_N3,400,0.10988637804985046,0.13952293992042542,0.13034099340438843,0.2980409001125671,0.07132510840892792,0.011415306478738785,0.11969047039747238,0.42058610916137695,0.41319024562835693,0.07006184011697769
F1_N3,410,0.10404398292303085,0.1349613517522812,0.13034099340438843,0.3577784485799999,0.0709860622882843,0.011876830831170082,0.11625567078590393,0.4065718650817871,0.39394596219062805,0.06979264318943024
F1_N3,420,0.11202389746904373,0.1387023627758026,0.13034099340438843,0.23350681992724193,0.07231983542442322,0.011841531842947006,0.12259578704833984,0.397550106048584,0.4221927225589752,0.07102697342634201
F1_N3,430,0.10629964619874954,0.1409645825624466,0.13034099340438843,0.4159876460582904,0.06989924609661102,0.011836081743240356,0.11158788204193115,0.4227423667907715,0.3737536668777466,0.06877641379833221
