metric,matched_mean,matched_median,matched_std,missed_mean,missed_median,missed_std,difference_mean
raw_center_intensity,517.8,527.5,120.25044041937073,465.0,475.0,90.67965593229829,52.799999999999955
raw_local_max,687.95,680.0,140.91597907226398,560.7272727272727,519.0,98.44093753016669,127.2227272727273
raw_local_mean,360.40074483497096,344.2566137566138,82.81278862384482,308.0703716792152,319.5938523557571,60.02326958464985,52.33037315575575
raw_local_std,122.20894679837492,121.275622934116,28.120950507987303,97.47291022065407,100.02031590662874,19.366955993126556,24.736036577720853
local_contrast,0.22769831482954203,0.21949678743129303,0.10438140005055296,0.25753883042923337,0.22034517595873374,0.13350929294760175,-0.029840515599691336
signal_background_ratio,1.2373875475458835,1.241525913094909,0.0909669248500329,1.2576188717616419,1.228806581111329,0.16210385376946274,-0.02023132421575835
dog_at_gt,0.05410235218005255,0.05574196204543114,0.02934736887044342,0.052396590620363975,0.057482268661260605,0.023496983537037424,0.0017057615596885733
dog_local_max,0.0930580569896847,0.1024308018386364,0.03381893286883968,0.08624280176379463,0.07741858065128326,0.02334795537499823,0.006815255225890063
dog_local_max_distance_um,2.917491615988605,2.6632385345174816,1.0146239979660583,2.5481713412374356,2.632800908728193,1.2732161309125134,0.36932027475116946
dog_threshold_ratio,0.8751895498748548,0.9762688561941362,0.321680724283447,0.8150058735511749,0.7484652923825407,0.22672102113855264,0.060183676323679824
