anchor_gt_id,anchor_t,anchor_class,offset_dt,frame_t,gt_node_id,gt_present,detection_available,raw_center_intensity,local_contrast,dog_at_gt,dog_local_max,dog_local_max_distance_um,dog_threshold_ratio
1000004,0,detected_matched,0,0,1000004.0,True,True,452.0,0.20879067530545078,0.043309975415468216,0.010654826648533344,4.0625,0.10112064824422543
1000004,0,detected_matched,1,1,2000011.0,True,False,445.0,0.2046146068133997,0.04578063637018204,0.05803550034761429,2.9575446425202108,0.5439003267216665
1000004,0,detected_matched,2,2,3000020.0,True,False,513.0,0.2892311727173682,0.06516779214143753,0.08894950151443481,2.1877232028983924,0.8208505001502876
1000007,0,detectable_but_thresholded_out,0,0,1000007.0,True,False,365.0,0.1950234524651337,0.030503172427415848,0.0717705488204956,2.7252078475778685,0.681145236893305
1000007,0,detectable_but_thresholded_out,1,1,2000013.0,True,True,325.0,0.05869978973185403,0.007205307018011808,0.1086176410317421,5.008586377412294,1.0179488432260886
1000007,0,detectable_but_thresholded_out,2,2,3000022.0,True,True,307.0,-0.007949977867644077,-0.0018595654983073473,0.021866634488105774,4.021669817998489,0.20179132598345514
2000011,1,detectable_but_thresholded_out,-1,0,1000004.0,True,True,452.0,0.20879067530545078,0.043309975415468216,0.010654826648533344,4.0625,0.10112064824422543
2000011,1,detectable_but_thresholded_out,0,1,2000011.0,True,False,445.0,0.2046146068133997,0.04578063637018204,0.05803550034761429,2.9575446425202108,0.5439003267216665
2000011,1,detectable_but_thresholded_out,1,2,3000020.0,True,False,513.0,0.2892311727173682,0.06516779214143753,0.08894950151443481,2.1877232028983924,0.8208505001502876
2000011,1,detectable_but_thresholded_out,2,3,4000030.0,True,False,561.0,0.3249835892000946,0.07932841777801514,0.09730606526136398,0.8125,0.8794753828729567
2000013,1,detected_matched,-1,0,1000007.0,True,False,365.0,0.1950234524651337,0.030503172427415848,0.0717705488204956,2.7252078475778685,0.681145236893305
2000013,1,detected_matched,0,1,2000013.0,True,True,325.0,0.05869978973185403,0.007205307018011808,0.1086176410317421,5.008586377412294,1.0179488432260886
2000013,1,detected_matched,1,2,3000022.0,True,True,307.0,-0.007949977867644077,-0.0018595654983073473,0.021866634488105774,4.021669817998489,0.20179132598345514
2000013,1,detected_matched,2,3,4000032.0,True,True,396.0,0.07675805197194799,0.011317083612084389,0.07254217565059662,2.333728575156074,0.6556534531879543
3000018,2,detected_matched,-2,0,,False,False,,,,,,
3000018,2,detected_matched,-1,1,,False,False,,,,,,
3000018,2,detected_matched,0,2,3000018.0,True,True,547.0,0.2047354901055416,0.048547882586717606,0.08078912645578384,1.625,0.7455443114222873
3000018,2,detected_matched,1,3,4000028.0,True,True,676.0,0.2688149254659431,0.07431745529174805,0.09008575975894928,2.1877232028983924,0.8142165428495771
3000018,2,detected_matched,2,4,5000038.0,True,True,595.0,0.1973468829543344,0.054133232682943344,0.11803696304559708,1.8168052317185792,1.1062323205478068
3000020,2,detectable_but_thresholded_out,-2,0,1000004.0,True,True,452.0,0.20879067530545078,0.043309975415468216,0.010654826648533344,4.0625,0.10112064824422543
3000020,2,detectable_but_thresholded_out,-1,1,2000011.0,True,False,445.0,0.2046146068133997,0.04578063637018204,0.05803550034761429,2.9575446425202108,0.5439003267216665
3000020,2,detectable_but_thresholded_out,0,2,3000020.0,True,False,513.0,0.2892311727173682,0.06516779214143753,0.08894950151443481,2.1877232028983924,0.8208505001502876
3000020,2,detectable_but_thresholded_out,1,3,4000030.0,True,False,561.0,0.3249835892000946,0.07932841777801514,0.09730606526136398,0.8125,0.8794753828729567
3000020,2,detectable_but_thresholded_out,2,4,5000040.0,True,True,623.0,0.373675614831817,0.10087062418460846,0.12971022725105286,2.9575446425202108,1.2156331541272056
3000022,2,detected_matched,-2,0,1000007.0,True,False,365.0,0.1950234524651337,0.030503172427415848,0.0717705488204956,2.7252078475778685,0.681145236893305
3000022,2,detected_matched,-1,1,2000013.0,True,True,325.0,0.05869978973185403,0.007205307018011808,0.1086176410317421,5.008586377412294,1.0179488432260886
3000022,2,detected_matched,0,2,3000022.0,True,True,307.0,-0.007949977867644077,-0.0018595654983073473,0.021866634488105774,4.021669817998489,0.20179132598345514
3000022,2,detected_matched,1,3,4000032.0,True,True,396.0,0.07675805197194799,0.011317083612084389,0.07254217565059662,2.333728575156074,0.6556534531879543
3000022,2,detected_matched,2,4,5000042.0,True,True,338.0,0.15527475110771521,0.02596725896000862,0.06348252296447754,4.021669817998489,0.5949527748023754
4000028,3,detected_matched,-2,1,,False,False,,,,,,
4000028,3,detected_matched,-1,2,3000018.0,True,True,547.0,0.2047354901055416,0.048547882586717606,0.08078912645578384,1.625,0.7455443114222873
4000028,3,detected_matched,0,3,4000028.0,True,True,676.0,0.2688149254659431,0.07431745529174805,0.09008575975894928,2.1877232028983924,0.8142165428495771
4000028,3,detected_matched,1,4,5000038.0,True,True,595.0,0.1973468829543344,0.054133232682943344,0.11803696304559708,1.8168052317185792,1.1062323205478068
4000028,3,detected_matched,2,5,6000046.0,True,True,660.0,0.18357373379727732,0.05735069140791893,0.13803699612617493,3.350023320814349,1.3002617172779194
4000030,3,detectable_but_thresholded_out,-2,1,2000011.0,True,False,445.0,0.2046146068133997,0.04578063637018204,0.05803550034761429,2.9575446425202108,0.5439003267216665
4000030,3,detectable_but_thresholded_out,-1,2,3000020.0,True,False,513.0,0.2892311727173682,0.06516779214143753,0.08894950151443481,2.1877232028983924,0.8208505001502876
4000030,3,detectable_but_thresholded_out,0,3,4000030.0,True,False,561.0,0.3249835892000946,0.07932841777801514,0.09730606526136398,0.8125,0.8794753828729567
4000030,3,detectable_but_thresholded_out,1,4,5000040.0,True,True,623.0,0.373675614831817,0.10087062418460846,0.12971022725105286,2.9575446425202108,1.2156331541272056
4000030,3,detectable_but_thresholded_out,2,5,6000048.0,True,True,519.0,0.2848036661192976,0.0660533681511879,0.10170523822307587,2.6012692214570947,0.9580288721091648
4000032,3,detected_matched,-2,1,2000013.0,True,True,325.0,0.05869978973185403,0.007205307018011808,0.1086176410317421,5.008586377412294,1.0179488432260886
4000032,3,detected_matched,-1,2,3000022.0,True,True,307.0,-0.007949977867644077,-0.0018595654983073473,0.021866634488105774,4.021669817998489,0.20179132598345514
4000032,3,detected_matched,0,3,4000032.0,True,True,396.0,0.07675805197194799,0.011317083612084389,0.07254217565059662,2.333728575156074,0.6556534531879543
4000032,3,detected_matched,1,4,5000042.0,True,True,338.0,0.15527475110771521,0.02596725896000862,0.06348252296447754,4.021669817998489,0.5949527748023754
4000032,3,detected_matched,2,5,6000050.0,True,True,450.0,0.2234742804182319,0.047710586339235306,0.07145702838897705,2.333728575156074,0.6731009877938801
5000038,4,detected_matched,-2,2,3000018.0,True,True,547.0,0.2047354901055416,0.048547882586717606,0.08078912645578384,1.625,0.7455443114222873
5000038,4,detected_matched,-1,3,4000028.0,True,True,676.0,0.2688149254659431,0.07431745529174805,0.09008575975894928,2.1877232028983924,0.8142165428495771
5000038,4,detected_matched,0,4,5000038.0,True,True,595.0,0.1973468829543344,0.054133232682943344,0.11803696304559708,1.8168052317185792,1.1062323205478068
5000038,4,detected_matched,1,5,6000046.0,True,True,660.0,0.18357373379727732,0.05735069140791893,0.13803699612617493,3.350023320814349,1.3002617172779194
5000038,4,detected_matched,2,6,7000054.0,True,True,641.0,0.24255011464788895,0.07675091177225113,0.06899450719356537,4.958913218891817,0.6485558426075222
5000040,4,detected_matched,-2,2,3000020.0,True,False,513.0,0.2892311727173682,0.06516779214143753,0.08894950151443481,2.1877232028983924,0.8208505001502876
5000040,4,detected_matched,-1,3,4000030.0,True,False,561.0,0.3249835892000946,0.07932841777801514,0.09730606526136398,0.8125,0.8794753828729567
5000040,4,detected_matched,0,4,5000040.0,True,True,623.0,0.373675614831817,0.10087062418460846,0.12971022725105286,2.9575446425202108,1.2156331541272056
5000040,4,detected_matched,1,5,6000048.0,True,True,519.0,0.2848036661192976,0.0660533681511879,0.10170523822307587,2.6012692214570947,0.9580288721091648
5000040,4,detected_matched,2,6,7000056.0,True,True,622.0,0.38489644023468356,0.09835997968912125,0.12065668404102325,1.9902104160113323,1.1341859021460403
5000042,4,detected_matched,-2,2,3000022.0,True,True,307.0,-0.007949977867644077,-0.0018595654983073473,0.021866634488105774,4.021669817998489,0.20179132598345514
5000042,4,detected_matched,-1,3,4000032.0,True,True,396.0,0.07675805197194799,0.011317083612084389,0.07254217565059662,2.333728575156074,0.6556534531879543
5000042,4,detected_matched,0,4,5000042.0,True,True,338.0,0.15527475110771521,0.02596725896000862,0.06348252296447754,4.021669817998489,0.5949527748023754
5000042,4,detected_matched,1,5,6000050.0,True,True,450.0,0.2234742804182319,0.047710586339235306,0.07145702838897705,2.333728575156074,0.6731009877938801
5000042,4,detected_matched,2,6,7000058.0,True,False,475.0,0.20494821478572367,0.044061291962862015,0.07608175277709961,2.632800908728193,0.7151767189375755
6000046,5,detected_matched,-2,3,4000028.0,True,True,676.0,0.2688149254659431,0.07431745529174805,0.09008575975894928,2.1877232028983924,0.8142165428495771
6000046,5,detected_matched,-1,4,5000038.0,True,True,595.0,0.1973468829543344,0.054133232682943344,0.11803696304559708,1.8168052317185792,1.1062323205478068
6000046,5,detected_matched,0,5,6000046.0,True,True,660.0,0.18357373379727732,0.05735069140791893,0.13803699612617493,3.350023320814349,1.3002617172779194
6000046,5,detected_matched,1,6,7000054.0,True,True,641.0,0.24255011464788895,0.07675091177225113,0.06899450719356537,4.958913218891817,0.6485558426075222
6000046,5,detected_matched,2,7,8000062.0,True,True,676.0,0.2643967346573143,0.07153461128473282,0.11881301552057266,2.7252078475778685,1.1113477942541539
6000048,5,detected_matched,-2,3,4000030.0,True,False,561.0,0.3249835892000946,0.07932841777801514,0.09730606526136398,0.8125,0.8794753828729567
6000048,5,detected_matched,-1,4,5000040.0,True,True,623.0,0.373675614831817,0.10087062418460846,0.12971022725105286,2.9575446425202108,1.2156331541272056
6000048,5,detected_matched,0,5,6000048.0,True,True,519.0,0.2848036661192976,0.0660533681511879,0.10170523822307587,2.6012692214570947,0.9580288721091648
6000048,5,detected_matched,1,6,7000056.0,True,True,622.0,0.38489644023468356,0.09835997968912125,0.12065668404102325,1.9902104160113323,1.1341859021460403
6000048,5,detected_matched,2,7,8000064.0,True,True,519.0,0.31735773469861217,0.07728755474090576,0.11306364834308624,2.333728575156074,1.0575696243873147
6000050,5,detected_matched,-2,3,4000032.0,True,True,396.0,0.07675805197194799,0.011317083612084389,0.07254217565059662,2.333728575156074,0.6556534531879543
6000050,5,detected_matched,-1,4,5000042.0,True,True,338.0,0.15527475110771521,0.02596725896000862,0.06348252296447754,4.021669817998489,0.5949527748023754
6000050,5,detected_matched,0,5,6000050.0,True,True,450.0,0.2234742804182319,0.047710586339235306,0.07145702838897705,2.333728575156074,0.6731009877938801
6000050,5,detected_matched,1,6,7000058.0,True,False,475.0,0.20494821478572367,0.044061291962862015,0.07608175277709961,2.632800908728193,0.7151767189375755
6000050,5,detected_matched,2,7,8000068.0,True,False,478.0,0.25025172477688884,0.057482268661260605,0.06506720930337906,1.6750116604071745,0.608622710405517
7000054,6,detected_matched,-2,4,5000038.0,True,True,595.0,0.1973468829543344,0.054133232682943344,0.11803696304559708,1.8168052317185792,1.1062323205478068
7000054,6,detected_matched,-1,5,6000046.0,True,True,660.0,0.18357373379727732,0.05735069140791893,0.13803699612617493,3.350023320814349,1.3002617172779194
7000054,6,detected_matched,0,6,7000054.0,True,True,641.0,0.24255011464788895,0.07675091177225113,0.06899450719356537,4.958913218891817,0.6485558426075222
7000054,6,detected_matched,1,7,8000062.0,True,True,676.0,0.2643967346573143,0.07153461128473282,0.11881301552057266,2.7252078475778685,1.1113477942541539
7000054,6,detected_matched,2,8,9000072.0,True,True,602.0,0.20754882886864864,0.042986273765563965,0.12305159866809845,2.6012692214570947,1.1840621253016037
7000056,6,detected_matched,-2,4,5000040.0,True,True,623.0,0.373675614831817,0.10087062418460846,0.12971022725105286,2.9575446425202108,1.2156331541272056
7000056,6,detected_matched,-1,5,6000048.0,True,True,519.0,0.2848036661192976,0.0660533681511879,0.10170523822307587,2.6012692214570947,0.9580288721091648
7000056,6,detected_matched,0,6,7000056.0,True,True,622.0,0.38489644023468356,0.09835997968912125,0.12065668404102325,1.9902104160113323,1.1341859021460403
7000056,6,detected_matched,1,7,8000064.0,True,True,519.0,0.31735773469861217,0.07728755474090576,0.11306364834308624,2.333728575156074,1.0575696243873147
7000056,6,detected_matched,2,8,9000074.0,True,True,536.0,0.37511353918597884,0.08955806493759155,0.10315636545419693,1.6750116604071745,0.9926205481290629
7000058,6,detectable_but_thresholded_out,-2,4,5000042.0,True,True,338.0,0.15527475110771521,0.02596725896000862,0.06348252296447754,4.021669817998489,0.5949527748023754
7000058,6,detectable_but_thresholded_out,-1,5,6000050.0,True,True,450.0,0.2234742804182319,0.047710586339235306,0.07145702838897705,2.333728575156074,0.6731009877938801
7000058,6,detectable_but_thresholded_out,0,6,7000058.0,True,False,475.0,0.20494821478572367,0.044061291962862015,0.07608175277709961,2.632800908728193,0.7151767189375755
7000058,6,detectable_but_thresholded_out,1,7,8000068.0,True,False,478.0,0.25025172477688884,0.057482268661260605,0.06506720930337906,1.6750116604071745,0.608622710405517
7000058,6,detectable_but_thresholded_out,2,8,9000077.0,True,False,406.0,0.19633067865248402,0.03999099135398865,0.06866340339183807,2.7252078475778685,0.6607125484803545
8000062,7,detected_matched,-2,5,6000046.0,True,True,660.0,0.18357373379727732,0.05735069140791893,0.13803699612617493,3.350023320814349,1.3002617172779194
8000062,7,detected_matched,-1,6,7000054.0,True,True,641.0,0.24255011464788895,0.07675091177225113,0.06899450719356537,4.958913218891817,0.6485558426075222
8000062,7,detected_matched,0,7,8000062.0,True,True,676.0,0.2643967346573143,0.07153461128473282,0.11881301552057266,2.7252078475778685,1.1113477942541539
8000062,7,detected_matched,1,8,9000072.0,True,True,602.0,0.20754882886864864,0.042986273765563965,0.12305159866809845,2.6012692214570947,1.1840621253016037
8000062,7,detected_matched,2,9,10000080.0,True,False,624.0,0.22034517595873374,0.06529539823532104,0.1392802596092224,3.6336104634371584,1.34652998485067
8000064,7,detected_matched,-2,5,6000048.0,True,True,519.0,0.2848036661192976,0.0660533681511879,0.10170523822307587,2.6012692214570947,0.9580288721091648
8000064,7,detected_matched,-1,6,7000056.0,True,True,622.0,0.38489644023468356,0.09835997968912125,0.12065668404102325,1.9902104160113323,1.1341859021460403
8000064,7,detected_matched,0,7,8000064.0,True,True,519.0,0.31735773469861217,0.07728755474090576,0.11306364834308624,2.333728575156074,1.0575696243873147
8000064,7,detected_matched,1,8,9000074.0,True,True,536.0,0.37511353918597884,0.08955806493759155,0.10315636545419693,1.6750116604071745,0.9926205481290629
8000064,7,detected_matched,2,9,10000081.0,True,False,537.0,0.3274605292075814,0.0803811326622963,0.10316520184278488,1.6750116604071745,0.9973777911114922
8000068,7,detectable_but_thresholded_out,-2,5,6000050.0,True,True,450.0,0.2234742804182319,0.047710586339235306,0.07145702838897705,2.333728575156074,0.6731009877938801
8000068,7,detectable_but_thresholded_out,-1,6,7000058.0,True,False,475.0,0.20494821478572367,0.044061291962862015,0.07608175277709961,2.632800908728193,0.7151767189375755
8000068,7,detectable_but_thresholded_out,0,7,8000068.0,True,False,478.0,0.25025172477688884,0.057482268661260605,0.06506720930337906,1.6750116604071745,0.608622710405517
8000068,7,detectable_but_thresholded_out,1,8,9000077.0,True,False,406.0,0.19633067865248402,0.03999099135398865,0.06866340339183807,2.7252078475778685,0.6607125484803545
8000068,7,detectable_but_thresholded_out,2,9,10000084.0,True,False,323.0,0.038142707883582316,0.0006630519637838006,0.07741858065128326,5.540511314400504,0.7484652923825407
8000070,7,detectable_but_thresholded_out,-2,5,,False,False,,,,,,
8000070,7,detectable_but_thresholded_out,-1,6,,False,False,,,,,,
8000070,7,detectable_but_thresholded_out,0,7,8000070.0,True,False,388.0,0.5815952822605767,0.0677083432674408,0.10293279588222504,1.4647552056572457,0.9628081162565588
8000070,7,detectable_but_thresholded_out,1,8,9000079.0,True,True,404.0,0.21551929444435414,0.027639368548989296,0.10714977234601974,2.8726212985703494,1.0310470448402482
8000070,7,detectable_but_thresholded_out,2,9,10000086.0,True,True,468.0,0.3185857259115938,0.06300637871026993,0.0992904081940651,2.8726212985703494,0.9599171642592096
9000072,8,detected_matched,-2,6,7000054.0,True,True,641.0,0.24255011464788895,0.07675091177225113,0.06899450719356537,4.958913218891817,0.6485558426075222
9000072,8,detected_matched,-1,7,8000062.0,True,True,676.0,0.2643967346573143,0.07153461128473282,0.11881301552057266,2.7252078475778685,1.1113477942541539
9000072,8,detected_matched,0,8,9000072.0,True,True,602.0,0.20754882886864864,0.042986273765563965,0.12305159866809845,2.6012692214570947,1.1840621253016037
9000072,8,detected_matched,1,9,10000080.0,True,False,624.0,0.22034517595873374,0.06529539823532104,0.1392802596092224,3.6336104634371584,1.34652998485067
9000074,8,detected_matched,-2,6,7000056.0,True,True,622.0,0.38489644023468356,0.09835997968912125,0.12065668404102325,1.9902104160113323,1.1341859021460403
9000074,8,detected_matched,-1,7,8000064.0,True,True,519.0,0.31735773469861217,0.07728755474090576,0.11306364834308624,2.333728575156074,1.0575696243873147
9000074,8,detected_matched,0,8,9000074.0,True,True,536.0,0.37511353918597884,0.08955806493759155,0.10315636545419693,1.6750116604071745,0.9926205481290629
9000074,8,detected_matched,1,9,10000081.0,True,False,537.0,0.3274605292075814,0.0803811326622963,0.10316520184278488,1.6750116604071745,0.9973777911114922
9000077,8,detectable_but_thresholded_out,-2,6,7000058.0,True,False,475.0,0.20494821478572367,0.044061291962862015,0.07608175277709961,2.632800908728193,0.7151767189375755
9000077,8,detectable_but_thresholded_out,-1,7,8000068.0,True,False,478.0,0.25025172477688884,0.057482268661260605,0.06506720930337906,1.6750116604071745,0.608622710405517
9000077,8,detectable_but_thresholded_out,0,8,9000077.0,True,False,406.0,0.19633067865248402,0.03999099135398865,0.06866340339183807,2.7252078475778685,0.6607125484803545
9000077,8,detectable_but_thresholded_out,1,9,10000084.0,True,False,323.0,0.038142707883582316,0.0006630519637838006,0.07741858065128326,5.540511314400504,0.7484652923825407
9000079,8,detected_matched,-2,6,,False,False,,,,,,
9000079,8,detected_matched,-1,7,8000070.0,True,False,388.0,0.5815952822605767,0.0677083432674408,0.10293279588222504,1.4647552056572457,0.9628081162565588
9000079,8,detected_matched,0,8,9000079.0,True,True,404.0,0.21551929444435414,0.027639368548989296,0.10714977234601974,2.8726212985703494,1.0310470448402482
9000079,8,detected_matched,1,9,10000086.0,True,True,468.0,0.3185857259115938,0.06300637871026993,0.0992904081940651,2.8726212985703494,0.9599171642592096
10000080,9,detectable_but_suppressed,-2,7,8000062.0,True,True,676.0,0.2643967346573143,0.07153461128473282,0.11881301552057266,2.7252078475778685,1.1113477942541539
10000080,9,detectable_but_suppressed,-1,8,9000072.0,True,True,602.0,0.20754882886864864,0.042986273765563965,0.12305159866809845,2.6012692214570947,1.1840621253016037
10000080,9,detectable_but_suppressed,0,9,10000080.0,True,False,624.0,0.22034517595873374,0.06529539823532104,0.1392802596092224,3.6336104634371584,1.34652998485067
10000081,9,detectable_but_thresholded_out,-2,7,8000064.0,True,True,519.0,0.31735773469861217,0.07728755474090576,0.11306364834308624,2.333728575156074,1.0575696243873147
10000081,9,detectable_but_thresholded_out,-1,8,9000074.0,True,True,536.0,0.37511353918597884,0.08955806493759155,0.10315636545419693,1.6750116604071745,0.9926205481290629
10000081,9,detectable_but_thresholded_out,0,9,10000081.0,True,False,537.0,0.3274605292075814,0.0803811326622963,0.10316520184278488,1.6750116604071745,0.9973777911114922
10000084,9,no_clear_local_evidence,-2,7,8000068.0,True,False,478.0,0.25025172477688884,0.057482268661260605,0.06506720930337906,1.6750116604071745,0.608622710405517
10000084,9,no_clear_local_evidence,-1,8,9000077.0,True,False,406.0,0.19633067865248402,0.03999099135398865,0.06866340339183807,2.7252078475778685,0.6607125484803545
10000084,9,no_clear_local_evidence,0,9,10000084.0,True,False,323.0,0.038142707883582316,0.0006630519637838006,0.07741858065128326,5.540511314400504,0.7484652923825407
10000086,9,detected_matched,-2,7,8000070.0,True,False,388.0,0.5815952822605767,0.0677083432674408,0.10293279588222504,1.4647552056572457,0.9628081162565588
10000086,9,detected_matched,-1,8,9000079.0,True,True,404.0,0.21551929444435414,0.027639368548989296,0.10714977234601974,2.8726212985703494,1.0310470448402482
10000086,9,detected_matched,0,9,10000086.0,True,True,468.0,0.3185857259115938,0.06300637871026993,0.0992904081940651,2.8726212985703494,0.9599171642592096
