threshold,split,cov_2_0um,num_peaks
0.1,held_out_val,0.25,71.5
0.1,inner_val,0.54,81.0
0.1,train,0.9583349999999999,74.1
0.2,held_out_val,0.25,71.5
0.2,inner_val,0.54,81.0
0.2,train,0.9583349999999999,74.1
0.3,held_out_val,0.25,71.5
0.3,inner_val,0.54,81.0
0.3,train,0.9583349999999999,74.1
0.4,held_out_val,0.25,71.5
0.4,inner_val,0.54,80.7
0.4,train,0.9583349999999999,73.95
0.5,held_out_val,0.25,70.0
0.5,inner_val,0.54,77.4
0.5,train,0.9583349999999999,72.0
0.6,held_out_val,0.25,65.83333333333333
0.6,inner_val,0.54,71.4
0.6,train,0.9583349999999999,66.0
0.7,held_out_val,0.25,43.833333333333336
0.7,inner_val,0.49000000000000005,50.3
0.7,train,0.9583349999999999,50.7
