variant,step,train_loss,val_loss,grad_norm,elapsed_sec,output_mean,output_median,output_std,frac_below_0_01,positive_neighborhood_mean,unlabeled_region_mean
variant_F1,10,0.262711,0.255595,1.6391,3.13,0.0292,0.0136,0.0623,0.1563,0.2502,0.0283
variant_F1,20,0.219053,0.216395,1.3584,6.06,0.0371,0.0122,0.085,0.0353,0.3482,0.0359
variant_F1,30,0.195392,0.196864,1.1302,9.02,0.0395,0.0114,0.0828,0.1267,0.3167,0.0385
variant_F1,40,0.183777,0.190246,1.4235,11.88,0.0428,0.0112,0.0885,0.2955,0.3454,0.0416
variant_F1,50,0.183712,0.174616,0.5236,14.74,0.0464,0.0111,0.0984,0.2388,0.3915,0.0451
variant_F1,60,0.17068,0.175852,0.434,17.61,0.0497,0.0108,0.1039,0.368,0.4139,0.0484
variant_F1,70,0.160326,0.162977,0.8316,20.44,0.0509,0.0107,0.0969,0.4468,0.3487,0.0498
variant_F1,80,0.154271,0.160812,0.6843,23.33,0.0533,0.0102,0.1004,0.4847,0.3657,0.0521
variant_F1,90,0.150837,0.155079,0.803,26.29,0.0549,0.0102,0.0999,0.4916,0.3799,0.0537
variant_F1,100,0.14786,0.154252,0.4669,29.16,0.0593,0.0101,0.1138,0.4901,0.4302,0.0579
variant_F1,110,0.159203,0.163555,1.1357,32.02,0.0626,0.0101,0.1213,0.4776,0.4702,0.0611
variant_F1,120,0.140957,0.14491,0.6026,34.92,0.063,0.0099,0.1138,0.5056,0.423,0.0617
variant_F1,130,0.136257,0.147442,0.3957,37.82,0.0646,0.0101,0.1173,0.4949,0.4168,0.0633
variant_F1,140,0.133142,0.140071,0.58,40.74,0.0647,0.0098,0.1115,0.5072,0.3964,0.0634
variant_F1,150,0.131443,0.140837,0.6889,43.72,0.0651,0.0104,0.1098,0.4892,0.3964,0.0639
variant_F1,160,0.140553,0.149864,0.6032,46.64,0.0652,0.0103,0.1014,0.4914,0.3371,0.0641
variant_F1,170,0.130578,0.142046,0.9297,49.63,0.0691,0.0111,0.118,0.4685,0.4093,0.0678
variant_F1,180,0.137026,0.142817,1.4872,52.63,0.0725,0.0108,0.1285,0.4617,0.4602,0.071
variant_F1,190,0.126453,0.132771,0.5301,55.6,0.0715,0.0108,0.1171,0.4757,0.3904,0.0703
variant_F1,200,0.124171,0.134818,0.3427,58.45,0.071,0.0113,0.1129,0.4678,0.3885,0.0698
variant_F1,210,0.120357,0.130387,0.1586,61.34,0.0746,0.0105,0.123,0.4807,0.408,0.0734
variant_F1,220,0.121921,0.129481,0.4232,64.21,0.0745,0.0105,0.1202,0.4821,0.3912,0.0733
variant_F1,230,0.119775,0.135088,0.3181,67.11,0.0759,0.0114,0.1293,0.4492,0.4476,0.0745
variant_F1,240,0.122139,0.13227,0.3935,69.98,0.0725,0.0132,0.1125,0.4344,0.3845,0.0714
variant_F1,250,0.118261,0.128183,0.4912,72.89,0.0745,0.0119,0.1171,0.4515,0.4076,0.0733
variant_F1,260,0.122789,0.137717,0.9468,75.8,0.0762,0.012,0.1232,0.4427,0.402,0.075
variant_F1,270,0.131594,0.14444,0.5042,78.69,0.0805,0.0111,0.1372,0.4467,0.4833,0.079
variant_F1,280,0.115953,0.131708,0.7035,81.58,0.0797,0.0112,0.129,0.4606,0.447,0.0783
variant_F1,290,0.109753,0.127508,0.8051,84.49,0.0786,0.012,0.1235,0.457,0.4241,0.0773
variant_F1,300,0.107997,0.123227,0.2355,87.42,0.0786,0.0122,0.123,0.4529,0.4174,0.0774
variant_F1,310,0.10816,0.129965,0.3635,90.33,0.0796,0.012,0.1272,0.4546,0.44,0.0783
variant_F1,320,0.104871,0.126888,0.4859,93.21,0.0765,0.0136,0.1162,0.436,0.4089,0.0753
variant_F1,330,0.103083,0.130937,0.8454,96.13,0.0771,0.0137,0.1197,0.4233,0.4142,0.0759
variant_F1,340,0.108269,0.12919,0.4135,99.05,0.0768,0.0142,0.1165,0.4081,0.3941,0.0757
variant_F1,350,0.106747,0.128725,0.448,101.98,0.0801,0.0125,0.1272,0.4404,0.4385,0.0788
variant_F1,360,0.102205,0.129314,0.792,104.91,0.079,0.0127,0.1223,0.4402,0.4143,0.0777
variant_F1,370,0.103399,0.129323,1.1804,107.85,0.0802,0.0124,0.1213,0.4531,0.4089,0.079
variant_F1,380,0.106282,0.130482,0.6825,110.8,0.0823,0.0117,0.13,0.4608,0.448,0.0809
variant_F1,390,0.101134,0.132956,0.8041,113.71,0.0777,0.0147,0.1188,0.4011,0.3902,0.0765
variant_F1,400,0.101558,0.133838,0.4534,116.65,0.0803,0.0129,0.119,0.4518,0.3744,0.0792
variant_F1,410,0.103517,0.129581,0.5197,122.14,0.0815,0.0122,0.1195,0.4587,0.3867,0.0803
variant_F1,420,0.098392,0.133939,0.7001,127.54,0.0803,0.0145,0.1236,0.4171,0.4074,0.0791
variant_F1,430,0.103538,0.13588,0.6746,132.82,0.081,0.0141,0.1151,0.4411,0.3597,0.08
variant_F2,10,0.124587,0.125217,0.2733,5.2,0.4946,0.5062,0.0989,0.0,0.4139,0.4949
variant_F2,20,0.12564,0.125274,0.2412,10.35,0.4915,0.4905,0.1044,0.0,0.4234,0.4917
variant_F2,30,0.12425,0.123585,0.3466,15.45,0.4918,0.4637,0.1207,0.0,0.4253,0.492
variant_F2,40,0.12363,0.127609,0.4127,20.49,0.4913,0.4867,0.1228,0.0,0.3911,0.4917
variant_F2,50,0.119776,0.120957,0.21,25.51,0.4887,0.4898,0.1102,0.0,0.4197,0.4889
variant_F2,60,0.121205,0.127327,0.2753,30.47,0.4885,0.477,0.1169,0.0,0.4532,0.4886
variant_F2,70,0.117947,0.121391,0.138,35.37,0.4887,0.4593,0.1239,0.0,0.4351,0.4889
variant_F2,80,0.116931,0.119479,0.4072,40.25,0.4876,0.4497,0.1317,0.0,0.428,0.4878
variant_F2,90,0.120094,0.120873,0.2528,45.11,0.4856,0.4436,0.1408,0.0,0.4316,0.4858
variant_F2,100,0.114703,0.122962,0.453,49.95,0.4854,0.4414,0.1465,0.0,0.4407,0.4855
variant_F2,110,0.116535,0.12476,0.2281,54.8,0.4844,0.4451,0.1496,0.0,0.43,0.4846
variant_F2,120,0.112007,0.126294,0.2198,59.65,0.4861,0.45,0.1392,0.0,0.4384,0.4862
variant_F2,130,0.110291,0.122622,0.1664,64.47,0.4843,0.4412,0.14,0.0,0.4437,0.4844
variant_F2,140,0.112543,0.123215,0.337,69.28,0.4829,0.4394,0.1465,0.0,0.442,0.483
variant_F2,150,0.106594,0.119029,0.3275,74.07,0.4837,0.4353,0.1433,0.0,0.4437,0.4839
variant_F2,160,0.110987,0.124055,0.2662,78.87,0.4828,0.4314,0.1436,0.0,0.4467,0.4829
variant_F2,170,0.107804,0.128691,0.8255,83.65,0.4831,0.4507,0.1402,0.0,0.4466,0.4832
variant_F2,180,0.109541,0.122046,0.4549,88.4,0.4821,0.4299,0.1462,0.0,0.4185,0.4824
variant_F2,190,0.100112,0.11484,0.3978,93.17,0.4825,0.4347,0.1383,0.0,0.4222,0.4828
variant_F2,200,0.108197,0.117361,0.2975,97.9,0.4805,0.4222,0.1407,0.0,0.4176,0.4808
variant_F2,210,0.103321,0.123238,0.1743,102.65,0.4764,0.4192,0.152,0.0,0.4267,0.4766
variant_F2,220,0.098873,0.117259,0.4494,107.38,0.4761,0.4184,0.1426,0.0,0.4366,0.4762
variant_F2,230,0.104646,0.12191,0.2833,112.09,0.4749,0.4216,0.1432,0.0,0.4205,0.4751
variant_F2,240,0.11542,0.125325,0.5972,116.79,0.4746,0.4277,0.1452,0.0,0.4078,0.4748
variant_F2,250,0.099845,0.116248,0.7003,121.48,0.474,0.4307,0.1398,0.0,0.4361,0.4742
variant_F2,260,0.096831,0.118688,0.6758,126.17,0.4722,0.4325,0.1477,0.0,0.4302,0.4724
variant_F2,270,0.100794,0.117855,0.3713,130.85,0.4723,0.4213,0.1442,0.0,0.4442,0.4724
variant_F2,280,0.101515,0.123886,0.4338,135.5,0.4715,0.4281,0.1493,0.0,0.4145,0.4717
variant_F2,290,0.095903,0.123164,0.521,140.18,0.4716,0.4293,0.1378,0.0,0.4258,0.4718
variant_F2,300,0.092223,0.118422,0.3579,144.84,0.4711,0.4247,0.1437,0.0,0.4248,0.4713
variant_F2,310,0.090101,0.123578,0.2028,149.52,0.4702,0.4327,0.1491,0.0,0.4379,0.4703
variant_F2,320,0.087197,0.117595,0.5525,154.17,0.4694,0.4197,0.1501,0.0,0.4441,0.4695
variant_F2,330,0.092024,0.112523,0.4728,158.86,0.4696,0.4164,0.1496,0.0,0.4177,0.4698
variant_F2,340,0.10145,0.123794,0.4274,163.51,0.4695,0.4351,0.1423,0.0,0.3912,0.4698
variant_F2,350,0.089131,0.114819,0.6504,168.18,0.467,0.4259,0.1439,0.0,0.4254,0.4672
variant_F2,360,0.087648,0.118542,0.5334,172.83,0.4682,0.4292,0.139,0.0,0.4397,0.4683
variant_F2,370,0.084549,0.113114,0.4344,177.46,0.4687,0.4279,0.1403,0.0,0.4118,0.4689
variant_F2,380,0.082371,0.108434,0.349,182.11,0.468,0.4281,0.149,0.0,0.4118,0.4682
variant_F2,390,0.082442,0.112474,0.498,186.73,0.4655,0.4216,0.1501,0.0,0.4288,0.4657
variant_F2,400,0.087855,0.124009,0.9224,191.38,0.4655,0.4299,0.141,0.0,0.4787,0.4655
variant_F2,410,0.082765,0.115245,0.6039,196.01,0.4624,0.4172,0.143,0.0,0.4686,0.4623
variant_F2,420,0.084114,0.115081,0.5213,200.64,0.4617,0.4164,0.1426,0.0,0.4546,0.4617
variant_F2,430,0.083802,0.118286,0.3857,205.29,0.4603,0.4206,0.1448,0.0,0.4445,0.4603
variant_F3,10,0.260227,0.247903,1.6241,4.67,0.0289,0.0137,0.0635,0.133,0.2604,0.0281
variant_F3,20,0.212865,0.203904,0.9574,9.38,0.0365,0.012,0.083,0.0166,0.3262,0.0354
variant_F3,30,0.191725,0.188657,1.2341,14.05,0.0386,0.0113,0.0779,0.0914,0.3073,0.0376
variant_F3,40,0.183159,0.193329,0.5576,18.71,0.0413,0.0111,0.0807,0.3038,0.3016,0.0403
variant_F3,50,0.183255,0.166029,0.5096,23.36,0.0461,0.0115,0.1018,0.089,0.4025,0.0448
variant_F3,60,0.168426,0.165409,0.9311,27.99,0.0484,0.0108,0.0988,0.2587,0.3569,0.0472
variant_F3,70,0.164764,0.168248,1.2987,32.63,0.0504,0.0108,0.0991,0.4257,0.3618,0.0493
variant_F3,80,0.154154,0.154464,0.5622,37.25,0.0524,0.0107,0.1017,0.4508,0.3828,0.0512
variant_F3,90,0.154175,0.150568,0.9796,41.89,0.0536,0.0108,0.0991,0.4626,0.374,0.0524
variant_F3,100,0.147006,0.138936,0.4045,46.51,0.0575,0.0105,0.1085,0.4664,0.395,0.0563
variant_F3,110,0.171807,0.170274,1.2602,51.12,0.0603,0.0103,0.1208,0.4689,0.4779,0.0587
variant_F3,120,0.154155,0.154376,1.1474,55.73,0.0611,0.0104,0.1155,0.458,0.4276,0.0598
variant_F3,130,0.145973,0.14145,0.5245,60.33,0.0626,0.0103,0.1181,0.4449,0.4171,0.0613
variant_F3,140,0.137721,0.139929,0.679,64.92,0.0631,0.0102,0.1151,0.4859,0.3975,0.0618
variant_F3,150,0.134862,0.136608,1.085,69.52,0.0632,0.0111,0.11,0.4681,0.3849,0.062
variant_F3,160,0.142237,0.146454,1.9491,74.12,0.0639,0.0107,0.104,0.4812,0.3424,0.0629
variant_F3,170,0.146526,0.149926,2.5374,78.73,0.0653,0.0108,0.1086,0.4763,0.354,0.0642
variant_F3,180,0.133439,0.134541,0.4602,83.33,0.0692,0.0105,0.1219,0.4727,0.4265,0.0679
variant_F3,190,0.130298,0.134237,0.3022,87.95,0.0708,0.0113,0.125,0.4337,0.431,0.0694
variant_F3,200,0.129933,0.13375,1.0146,92.55,0.0687,0.0117,0.1096,0.4629,0.3782,0.0675
variant_F3,210,0.126968,0.128415,0.3441,97.15,0.0733,0.0107,0.1254,0.4641,0.4136,0.072
variant_F3,220,0.125607,0.126196,0.5778,101.74,0.0738,0.011,0.1249,0.4562,0.4064,0.0726
variant_F3,230,0.122375,0.130125,0.4616,106.34,0.074,0.0112,0.1223,0.4574,0.3903,0.0728
variant_F3,240,0.122308,0.126591,0.5427,110.92,0.0754,0.0108,0.1224,0.4731,0.4133,0.0741
variant_F3,250,0.122553,0.129483,0.6563,115.51,0.0751,0.0117,0.1264,0.4407,0.4388,0.0738
variant_F3,260,0.12181,0.131855,0.5318,120.1,0.0746,0.012,0.1207,0.44,0.3924,0.0734
variant_F3,270,0.134656,0.141878,0.6795,124.66,0.0794,0.0107,0.1345,0.4647,0.4592,0.078
variant_F3,280,0.123921,0.129123,0.4293,129.25,0.0781,0.011,0.1222,0.4627,0.3865,0.0769
variant_F3,290,0.118264,0.128845,0.8342,133.83,0.079,0.0122,0.1263,0.4516,0.4089,0.0777
variant_F3,300,0.121296,0.130244,0.2807,138.41,0.0785,0.0123,0.1169,0.4468,0.3708,0.0774
variant_F3,310,0.110321,0.128441,0.5151,142.99,0.0827,0.0123,0.1338,0.4153,0.4319,0.0814
variant_F3,320,0.106134,0.122224,0.7934,147.56,0.0809,0.0117,0.1245,0.4558,0.4139,0.0797
variant_F3,330,0.109612,0.128771,0.9814,152.15,0.0828,0.0114,0.1312,0.4574,0.4428,0.0815
variant_F3,340,0.11277,0.12529,0.6609,156.71,0.0817,0.0118,0.1249,0.4463,0.3897,0.0806
variant_F3,350,0.111327,0.127742,0.5058,161.28,0.0809,0.0116,0.1215,0.4565,0.3865,0.0797
variant_F3,360,0.107035,0.12814,0.5341,165.85,0.0808,0.0127,0.1242,0.4166,0.4119,0.0795
variant_F3,370,0.109763,0.124027,0.6411,170.43,0.0821,0.0122,0.125,0.4224,0.4037,0.0809
variant_F3,380,0.115159,0.132205,0.3432,175.0,0.0858,0.0121,0.1375,0.4335,0.4466,0.0844
variant_F3,390,0.107819,0.128794,0.7719,179.59,0.0842,0.0126,0.1302,0.4323,0.4249,0.0829
variant_F3,400,0.109131,0.138602,0.6719,184.18,0.086,0.0128,0.1374,0.4073,0.4585,0.0846
variant_F3,410,0.103499,0.127483,0.483,188.76,0.085,0.0118,0.1282,0.4363,0.4061,0.0838
variant_F3,420,0.103897,0.130095,0.9861,193.33,0.083,0.013,0.1233,0.4081,0.3911,0.0818
variant_F3,430,0.103625,0.131866,0.3587,197.89,0.0833,0.0141,0.1244,0.3845,0.3934,0.0821
