configuration,detector,association,gt_source_id,gt_target_id,true_displacement_um,pred_displacement_um,pred_dz_um,pred_dxy_um,normalized_anisotropic_dist
D0_A1,D0,A1,4000032,5000042,1.8617,2.6013,1.625,2.0312,0.8671
D0_A1,D0,A1,6000048,7000056,3.3746,2.0312,1.625,1.2188,0.6771
D0_A1,D0,A1,7000054,8000062,3.2753,0.9084,0.0,0.9084,0.3028
D0_A1,D0,A1,9000079,10000086,0.5745,2.6013,1.625,2.0312,0.8671
D0_A2,D0,A2,4000032,5000042,1.8617,2.6013,1.625,2.0312,0.6503
D0_A2,D0,A2,6000048,7000056,3.3746,2.0312,1.625,1.2188,0.5078
D0_A2,D0,A2,7000054,8000062,3.2753,0.9084,0.0,0.9084,0.2271
D0_A2,D0,A2,9000079,10000086,0.5745,2.6013,1.625,2.0312,0.6503
D0_A3,D0,A3,4000032,5000042,1.8617,2.6013,1.625,2.0312,0.5203
D0_A3,D0,A3,6000048,7000056,3.3746,2.0312,1.625,1.2188,0.4062
D0_A3,D0,A3,7000054,8000062,3.2753,0.9084,0.0,0.9084,0.1817
D0_A3,D0,A3,9000079,10000086,0.5745,2.6013,1.625,2.0312,0.5203
D0_A4,D0,A4,4000032,5000042,1.8617,2.6013,1.625,2.0312,0.4335
D0_A4,D0,A4,6000048,7000056,3.3746,2.0312,1.625,1.2188,0.3385
D0_A4,D0,A4,7000054,8000062,3.2753,0.9084,0.0,0.9084,0.1514
D0_A4,D0,A4,9000079,10000086,0.5745,2.6013,1.625,2.0312,0.4335
D0_A5,D0,A5,3000018,4000028,3.3746,3.8326,3.25,2.0312,0.9386
D0_A5,D0,A5,4000032,5000042,1.8617,2.6013,1.625,2.0312,0.751
D0_A5,D0,A5,6000048,7000056,3.3746,2.0312,1.625,1.2188,0.5203
D0_A5,D0,A5,7000054,8000062,3.2753,0.9084,0.0,0.9084,0.3028
D0_A5,D0,A5,9000079,10000086,0.5745,2.6013,1.625,2.0312,0.751
D0_A6,D0,A6,3000018,4000028,3.3746,3.8326,3.25,2.0312,0.821
D0_A6,D0,A6,4000032,5000042,1.8617,2.6013,1.625,2.0312,0.7158
D0_A6,D0,A6,6000046,7000054,0.5745,3.1729,1.625,2.7252,0.9376
D0_A6,D0,A6,6000048,7000056,3.3746,2.0312,1.625,1.2188,0.4679
D0_A6,D0,A6,7000054,8000062,3.2753,0.9084,0.0,0.9084,0.3028
D0_A6,D0,A6,9000079,10000086,0.5745,2.6013,1.625,2.0312,0.7158
D1_A1,D1,A1,2000011,3000020,2.4375,2.4375,0.0,2.4375,0.8125
D1_A1,D1,A1,4000032,5000042,1.8617,2.3688,0.0,2.3688,0.7896
D1_A1,D1,A1,8000070,9000079,0.5745,1.8617,1.625,0.9084,0.6206
D1_A1,D1,A1,8000068,9000077,1.9902,2.2981,1.625,1.625,0.766
D1_A1,D1,A1,9000079,10000086,0.5745,2.6013,1.625,2.0312,0.8671
D1_A2,D1,A2,2000011,3000020,2.4375,2.4375,0.0,2.4375,0.6094
D1_A2,D1,A2,3000020,4000030,1.675,3.6336,3.25,1.625,0.9084
D1_A2,D1,A2,4000032,5000042,1.8617,2.3688,0.0,2.3688,0.5922
D1_A2,D1,A2,6000050,7000058,1.8617,3.3004,1.625,2.8726,0.8251
D1_A2,D1,A2,8000070,9000079,0.5745,1.8617,1.625,0.9084,0.4654
D1_A2,D1,A2,8000068,9000077,1.9902,2.2981,1.625,1.625,0.5745
D1_A2,D1,A2,9000079,10000086,0.5745,2.6013,1.625,2.0312,0.6503
D1_A3,D1,A3,2000011,3000020,2.4375,2.4375,0.0,2.4375,0.4875
D1_A3,D1,A3,3000020,4000030,1.675,3.6336,3.25,1.625,0.7267
D1_A3,D1,A3,4000032,5000042,1.8617,2.3688,0.0,2.3688,0.4738
D1_A3,D1,A3,6000048,7000056,3.3746,4.3376,3.25,2.8726,0.8675
D1_A3,D1,A3,6000050,7000058,1.8617,3.3004,1.625,2.8726,0.6601
D1_A3,D1,A3,7000058,8000068,3.35,4.9589,4.875,0.9084,0.9918
D1_A3,D1,A3,8000070,9000079,0.5745,1.8617,1.625,0.9084,0.3723
D1_A3,D1,A3,8000068,9000077,1.9902,2.2981,1.625,1.625,0.4596
D1_A3,D1,A3,9000079,10000086,0.5745,2.6013,1.625,2.0312,0.5203
D1_A4,D1,A4,1000004,2000011,8.2259,5.2969,3.25,4.1826,0.8828
D1_A4,D1,A4,2000011,3000020,2.4375,2.4375,0.0,2.4375,0.4062
D1_A4,D1,A4,3000020,4000030,1.675,3.6336,3.25,1.625,0.6056
D1_A4,D1,A4,4000032,5000042,1.8617,2.3688,0.0,2.3688,0.3948
D1_A4,D1,A4,6000048,7000056,3.3746,4.3376,3.25,2.8726,0.7229
D1_A4,D1,A4,6000050,7000058,1.8617,3.3004,1.625,2.8726,0.5501
D1_A4,D1,A4,7000058,8000068,3.35,4.9589,4.875,0.9084,0.8265
D1_A4,D1,A4,8000070,9000079,0.5745,1.8617,1.625,0.9084,0.3103
D1_A4,D1,A4,8000068,9000077,1.9902,2.2981,1.625,1.625,0.383
D1_A4,D1,A4,9000072,10000080,1.675,5.025,3.25,3.8326,0.8375
D1_A4,D1,A4,9000079,10000086,0.5745,2.6013,1.625,2.0312,0.4335
D1_A5,D1,A5,2000011,3000020,2.4375,2.4375,0.0,2.4375,0.8125
D1_A5,D1,A5,3000020,4000030,1.675,3.6336,3.25,1.625,0.8461
D1_A5,D1,A5,4000032,5000042,1.8617,2.3688,0.0,2.3688,0.7896
D1_A5,D1,A5,8000064,9000074,3.3004,1.7236,1.625,0.5745,0.3772
D1_A5,D1,A5,8000070,9000079,0.5745,1.8617,1.625,0.9084,0.4442
D1_A5,D1,A5,8000068,9000077,1.9902,2.2981,1.625,1.625,0.6317
D1_A5,D1,A5,9000079,10000086,0.5745,2.6013,1.625,2.0312,0.751
D1_A6,D1,A6,3000020,4000030,1.675,3.6336,3.25,1.625,0.7134
D1_A6,D1,A6,4000032,5000042,1.8617,2.3688,0.0,2.3688,0.7896
D1_A6,D1,A6,6000050,7000058,1.8617,3.3004,1.625,2.8726,0.9853
D1_A6,D1,A6,8000064,9000074,3.3004,1.7236,1.625,0.5745,0.3009
D1_A6,D1,A6,8000070,9000079,0.5745,1.8617,1.625,0.9084,0.3815
D1_A6,D1,A6,8000068,9000077,1.9902,2.2981,1.625,1.625,0.5893
D1_A6,D1,A6,9000079,10000086,0.5745,2.6013,1.625,2.0312,0.7158
D2_A1,D2,A1,8000070,9000079,0.5745,1.8617,1.625,0.9084,0.6206
D2_A1,D2,A1,9000079,10000086,0.5745,2.6013,1.625,2.0312,0.8671
D2_A1,D2,A1,9000074,10000081,3.7233,2.1877,1.625,1.4648,0.7292
D2_A2,D2,A2,7000058,8000068,3.35,3.3004,3.25,0.5745,0.8251
D2_A2,D2,A2,8000070,9000079,0.5745,1.8617,1.625,0.9084,0.4654
D2_A2,D2,A2,9000079,10000086,0.5745,2.6013,1.625,2.0312,0.6503
D2_A2,D2,A2,9000074,10000081,3.7233,2.1877,1.625,1.4648,0.5469
D2_A3,D2,A3,3000018,4000028,3.3746,4.0217,1.625,3.6788,0.8043
D2_A3,D2,A3,5000042,6000050,3.4947,4.875,0.0,4.875,0.975
D2_A3,D2,A3,6000048,7000056,3.3746,4.3376,3.25,2.8726,0.8675
D2_A3,D2,A3,7000058,8000068,3.35,3.3004,3.25,0.5745,0.6601
D2_A3,D2,A3,8000070,9000079,0.5745,1.8617,1.625,0.9084,0.3723
D2_A3,D2,A3,9000079,10000086,0.5745,2.6013,1.625,2.0312,0.5203
D2_A3,D2,A3,9000074,10000081,3.7233,2.1877,1.625,1.4648,0.4375
D2_A4,D2,A4,3000018,4000028,3.3746,4.0217,1.625,3.6788,0.6703
D2_A4,D2,A4,5000042,6000050,3.4947,4.875,0.0,4.875,0.8125
D2_A4,D2,A4,6000048,7000056,3.3746,4.3376,3.25,2.8726,0.7229
D2_A4,D2,A4,7000058,8000068,3.35,3.3004,3.25,0.5745,0.5501
D2_A4,D2,A4,8000070,9000079,0.5745,1.8617,1.625,0.9084,0.3103
D2_A4,D2,A4,9000079,10000086,0.5745,2.6013,1.625,2.0312,0.4335
D2_A4,D2,A4,9000074,10000081,3.7233,2.1877,1.625,1.4648,0.3646
D2_A5,D2,A5,7000058,8000068,3.35,3.3004,3.25,0.5745,0.6776
D2_A5,D2,A5,8000070,9000079,0.5745,1.8617,1.625,0.9084,0.4442
D2_A5,D2,A5,9000079,10000086,0.5745,2.6013,1.625,2.0312,0.751
D2_A5,D2,A5,9000074,10000081,3.7233,2.1877,1.625,1.4648,0.5865
D2_A6,D2,A6,7000058,8000068,3.35,3.3004,3.25,0.5745,0.5022
D2_A6,D2,A6,8000064,9000074,3.3004,1.7236,1.625,0.5745,0.3009
D2_A6,D2,A6,8000070,9000079,0.5745,1.8617,1.625,0.9084,0.3815
D2_A6,D2,A6,9000079,10000086,0.5745,2.6013,1.625,2.0312,0.7158
D2_A6,D2,A6,9000074,10000081,3.7233,2.1877,1.625,1.4648,0.5406
