gt_source_id,gt_target_id,source_t,target_t,baseline_recovered,naive95_recovered,adaptive95_recovered,recovered_D0_A1,recovered_D0_A2,recovered_D0_A3,recovered_D0_A4,recovered_D0_A5,recovered_D0_A6,recovered_D1_A1,recovered_D1_A2,recovered_D1_A3,recovered_D1_A4,recovered_D1_A5,recovered_D1_A6,recovered_D2_A1,recovered_D2_A2,recovered_D2_A3,recovered_D2_A4,recovered_D2_A5,recovered_D2_A6,endpoint_available_baseline,endpoint_available_naive95,endpoint_available_adaptive95,failure_category
1000004,2000011,0,1,0,1,0,0,0,0,0,0,0,0,0,0,1,0,0,0,0,0,0,0,0,0,1,1,recovered_only_by_detection_plus_wider_gate
1000007,2000013,0,1,0,0,0,0,0,0,0,0,0,0,0,0,0,0,0,0,0,0,0,0,0,0,1,1,ambiguous
2000011,3000020,1,2,0,1,0,0,0,0,0,0,0,1,1,1,1,1,0,0,0,0,0,0,0,0,1,0,recovered_only_with_new_detection
2000013,3000022,1,2,0,0,0,0,0,0,0,0,0,0,0,0,0,0,0,0,0,0,0,0,0,1,1,1,endpoints_available_gate_rejected
3000018,4000028,2,3,0,0,1,0,0,0,0,1,1,0,0,0,0,0,0,0,0,1,1,0,0,1,1,1,recovered_by_anisotropic_gate
3000020,4000030,2,3,0,1,0,0,0,0,0,0,0,0,1,1,1,1,1,0,0,0,0,0,0,0,1,0,recovered_only_by_detection_plus_wider_gate
3000022,4000032,2,3,0,0,0,0,0,0,0,0,0,0,0,0,0,0,0,0,0,0,0,0,0,1,1,1,endpoints_available_gate_rejected
4000028,5000038,3,4,0,0,0,0,0,0,0,0,0,0,0,0,0,0,0,0,0,0,0,0,0,1,1,1,endpoints_available_gate_rejected
4000030,5000040,3,4,0,0,0,0,0,0,0,0,0,0,0,0,0,0,0,0,0,0,0,0,0,0,1,1,ambiguous
4000032,5000042,3,4,1,1,0,1,1,1,1,1,1,1,1,1,1,1,1,0,0,0,0,0,0,1,1,1,baseline_recovered
5000038,6000046,4,5,0,0,0,0,0,0,0,0,0,0,0,0,0,0,0,0,0,0,0,0,0,1,1,1,endpoints_available_gate_rejected
5000040,6000048,4,5,0,0,0,0,0,0,0,0,0,0,0,0,0,0,0,0,0,0,0,0,0,1,1,1,endpoints_available_gate_rejected
5000042,6000050,4,5,0,0,1,0,0,0,0,0,0,0,0,0,0,0,0,0,0,1,1,0,0,1,1,1,endpoints_available_gate_rejected
6000046,7000054,5,6,0,0,0,0,0,0,0,0,1,0,0,0,0,0,0,0,0,0,0,0,0,1,1,1,recovered_by_anisotropic_gate
6000048,7000056,5,6,1,1,1,1,1,1,1,1,1,0,0,1,1,0,0,0,0,1,1,0,0,1,1,1,baseline_recovered
6000050,7000058,5,6,0,1,0,0,0,0,0,0,0,0,1,1,1,0,1,0,0,0,0,0,0,0,1,1,recovered_only_by_detection_plus_wider_gate
7000054,8000062,6,7,1,0,0,1,1,1,1,1,1,0,0,0,0,0,0,0,0,0,0,0,0,1,1,1,baseline_recovered
7000056,8000064,6,7,0,0,0,0,0,0,0,0,0,0,0,0,0,0,0,0,0,0,0,0,0,1,1,1,endpoints_available_gate_rejected
7000058,8000068,6,7,0,1,1,0,0,0,0,0,0,0,0,1,1,0,0,0,1,1,1,1,1,0,1,1,recovered_only_by_detection_plus_wider_gate
8000062,9000072,7,8,0,0,0,0,0,0,0,0,0,0,0,0,0,0,0,0,0,0,0,0,0,1,1,1,endpoints_available_gate_rejected
8000064,9000074,7,8,0,1,1,0,0,0,0,0,0,0,0,0,0,1,1,0,0,0,0,0,1,1,1,1,endpoints_available_gate_rejected
8000068,9000077,7,8,0,1,0,0,0,0,0,0,0,1,1,1,1,1,1,0,0,0,0,0,0,0,1,0,recovered_only_with_new_detection
8000070,9000079,7,8,0,1,1,0,0,0,0,0,0,1,1,1,1,1,1,1,1,1,1,1,1,0,1,1,recovered_only_with_new_detection
9000072,10000080,8,9,0,1,0,0,0,0,0,0,0,0,0,0,1,0,0,0,0,0,0,0,0,0,1,0,recovered_only_by_detection_plus_wider_gate
9000074,10000081,8,9,0,0,1,0,0,0,0,0,0,0,0,0,0,0,0,1,1,1,1,1,1,0,1,1,recovered_only_with_new_detection
9000077,10000084,8,9,0,0,0,0,0,0,0,0,0,0,0,0,0,0,0,0,0,0,0,0,0,0,1,0,endpoint_missing
9000079,10000086,8,9,1,1,1,1,1,1,1,1,1,1,1,1,1,1,1,1,1,1,1,1,1,1,1,1,baseline_recovered
