subset,n_transitions,n_unique_tracks,median_velocity_magnitude_um,mean_velocity_magnitude_um,median_velocity_change_um,mean_direction_cosine,median_static_error_um,mean_static_error_um,median_cv_error_um,mean_cv_error_um,fraction_improves,fraction_improves_gt_05um,fraction_improves_gt_10um,median_static_error_z_um,median_cv_error_z_um,median_static_error_xy_um,median_cv_error_xy_um
R1_A1: all tracks (length >= 3),103,81,2.0562199773116294,1.9890900455250922,2.0192329450486675,0.3080505802189457,1.9370786190002127,1.9043490855527294,2.2133258523309394,2.3318701651034686,0.4077669902912621,0.27184466019417475,0.13592233009708737,1.2199685547588075,1.125997365738911,1.061581796506717,1.459250502766373
R1_A1: multi-frame (length >= 4),39,17,1.9113961319337855,1.9024742217077157,2.0192329450486675,0.3080505802189457,1.8961651799420685,1.8822970218323174,2.169994351869512,2.294680707457511,0.41025641025641024,0.28205128205128205,0.15384615384615385,1.166492313169556,1.0560357807533904,1.0491585392011942,1.3736458747126818
R1_A1: long tracks (length >= 6),8,2,1.57426158217402,1.9126029945104621,2.0883864326268533,0.35545417540341634,2.0457434475999148,2.0415416049539385,2.2613541252556795,2.399798113992702,0.5,0.375,0.125,0.4182954372089238,0.8061107960281597,1.4408960452219457,1.9526400144361862
"R1_A1: length bin [3, 4]",92,78,2.1041043150308054,1.989994490802878,1.9001195696960749,0.307600492753801,1.9179097448857714,1.8980497911609566,2.234611490128395,2.32249964556314,0.40217391304347827,0.2717391304347826,0.14130434782608695,1.337936742387603,1.307202743249178,1.0333019614862704,1.4254346844664514
"R1_A1: length bin [5, 7]",11,3,1.953740321921036,1.9815255941108807,2.1008408642913263,0.30883823328294874,1.953740321921036,1.9570340931930112,2.169994351869512,2.4102417830771254,0.45454545454545453,0.2727272727272727,0.09090909090909091,0.6680605339816097,0.7810314008285779,1.5258021731172662,1.880714535225567
"R1_A1: length bin [8, 10]",0,0,0.0,0.0,0.0,0.0,0.0,0.0,0.0,0.0,0.0,0.0,0.0,0.0,0.0,0.0,0.0
R1_A3: all tracks (length >= 3),426,217,3.0444782677120625,2.9359396713727475,2.9349443903183925,0.327060781451164,2.9016391685635257,2.857723988118288,2.992735549675068,3.3674399633084673,0.4154929577464789,0.31690140845070425,0.22769953051643194,1.988569854205613,1.7840990935942873,1.253607575212245,1.7998643955774118
R1_A3: multi-frame (length >= 4),324,115,3.062848556774026,2.940255121976545,2.9349443903183925,0.327060781451164,2.9837106293497087,2.8943131494157313,3.028700027160326,3.3909129078030933,0.41358024691358025,0.3148148148148148,0.23148148148148148,2.0230975908935065,1.774703609002886,1.2514546604132568,1.8308269567002786
Ground Truth: all tracks (diagnostic),23,4,3.25,2.9505914703328138,2.1877232028983924,0.737212703240304,2.4375,2.6777078867990682,1.86167137607581,2.296730267525874,0.5652173913043478,0.5217391304347826,0.4782608695652174,1.625,1.625,0.8125,0.8125
