config_name,transition,mode,unmatched_cost,source_detections,target_detections,candidate_pairs_5um,possible_assignments,accepted_assignments,rejected_sources,rejected_targets,unmatched_fraction,mean_accepted_distance_um,median_accepted_distance_um,mean_accepted_probability,median_accepted_probability,mean_rejected_candidate_prob,median_rejected_candidate_prob,max_rejected_candidate_prob
distance_selective,0->1,distance,5.0,164,189,187,164,95,69,94,0.4618,3.1362,3.16,,,,,
distance_selective,1->2,distance,5.0,189,160,263,160,128,61,32,0.2665,2.3396,2.1227,,,,,
distance_selective,2->3,distance,5.0,160,159,240,159,117,43,42,0.2665,2.5085,2.6501,,,,,
distance_selective,3->4,distance,5.0,159,158,202,158,99,60,59,0.3754,2.8036,2.9207,,,,,
distance_selective,4->5,distance,5.0,158,152,200,152,103,55,49,0.3355,3.0358,2.9709,,,,,
distance_selective,5->6,distance,5.0,152,161,217,152,107,45,54,0.3163,2.5512,2.413,,,,,
distance_selective,6->7,distance,5.0,161,150,190,150,99,62,51,0.3633,3.3031,3.4772,,,,,
distance_selective,7->8,distance,5.0,150,137,219,137,112,38,25,0.2195,2.8469,3.1549,,,,,
distance_selective,8->9,distance,5.0,137,136,197,136,99,38,37,0.2747,2.5815,2.4622,,,,,
learned_selective_C0.50,0->1,learned,0.5,164,189,187,164,32,132,157,0.8187,3.8427,4.0105,0.8184,0.8401,0.21,0.1071,0.9572
learned_selective_C0.50,1->2,learned,0.5,189,160,263,160,30,159,130,0.8281,3.4149,3.6293,0.8731,0.8926,0.119,0.0095,0.9831
learned_selective_C0.50,2->3,learned,0.5,160,159,240,159,24,136,135,0.8495,3.7413,4.0466,0.8364,0.8675,0.1013,0.0046,0.8792
learned_selective_C0.50,3->4,learned,0.5,159,158,202,158,22,137,136,0.8612,3.9845,4.1653,0.8431,0.8664,0.0953,0.012,0.868
learned_selective_C0.50,4->5,learned,0.5,158,152,200,152,28,130,124,0.8194,3.8821,4.3709,0.8057,0.8041,0.1112,0.0218,0.873
learned_selective_C0.50,5->6,learned,0.5,152,161,217,152,22,130,139,0.8594,3.287,3.4925,0.8323,0.8269,0.1144,0.0135,0.9792
learned_selective_C0.50,6->7,learned,0.5,161,150,190,150,25,136,125,0.8392,3.8532,4.2959,0.8783,0.9439,0.1471,0.0162,0.9831
learned_selective_C0.50,7->8,learned,0.5,150,137,219,137,29,121,108,0.7979,3.7917,3.8793,0.8614,0.8824,0.1196,0.0041,0.9818
learned_selective_C0.50,8->9,learned,0.5,137,136,197,136,25,112,111,0.8168,3.9114,4.165,0.8415,0.8254,0.1028,0.0058,0.9735
hybrid_selective_L0.10_C0.50,0->1,hybrid,0.5,164,189,187,164,31,133,158,0.8244,3.7195,3.8897,0.8236,0.8403,0.2128,0.1109,0.9789
hybrid_selective_L0.10_C0.50,1->2,hybrid,0.5,189,160,263,160,30,159,130,0.8281,3.4149,3.6293,0.8731,0.8926,0.119,0.0095,0.9831
hybrid_selective_L0.10_C0.50,2->3,hybrid,0.5,160,159,240,159,21,139,138,0.8683,3.7712,4.3384,0.8672,0.876,0.1084,0.0048,0.8792
hybrid_selective_L0.10_C0.50,3->4,hybrid,0.5,159,158,202,158,21,138,137,0.8675,3.9488,4.1346,0.853,0.8678,0.0983,0.0124,0.868
hybrid_selective_L0.10_C0.50,4->5,hybrid,0.5,158,152,200,152,25,133,127,0.8387,3.7818,4.183,0.8264,0.8315,0.1202,0.0221,0.873
hybrid_selective_L0.10_C0.50,5->6,hybrid,0.5,152,161,217,152,21,131,140,0.8658,3.2732,3.4916,0.8414,0.837,0.1171,0.0138,0.9958
hybrid_selective_L0.10_C0.50,6->7,hybrid,0.5,161,150,190,150,23,138,127,0.8521,3.5451,3.9919,0.8973,0.9439,0.1533,0.0168,0.9831
hybrid_selective_L0.10_C0.50,7->8,hybrid,0.5,150,137,219,137,26,124,111,0.8188,3.8249,3.9381,0.8884,0.8895,0.1275,0.0042,0.9818
hybrid_selective_L0.10_C0.50,8->9,hybrid,0.5,137,136,197,136,24,113,112,0.8242,3.7568,4.0724,0.8506,0.8396,0.1058,0.0059,0.9895
