transition,source_detections,target_detections,candidates_within_5um,sources_with_candidates,targets_with_candidates,baseline_assignments,baseline_accepted_links,baseline_rejected_links,learned_assignments,learned_accepted_links,learned_rejected_links,learned_matches_all_cand_sources,surplus_learned_edges
0->1,164,189,187,109,127,164,79,85,164,99,65,False,20
1->2,189,160,263,155,149,160,122,38,160,130,30,False,8
2->3,160,159,240,146,142,159,92,67,159,127,32,False,35
3->4,159,158,202,125,124,158,82,76,158,108,50,False,26
4->5,158,152,200,128,124,152,97,55,152,113,39,False,16
5->6,152,161,217,129,136,152,89,63,152,113,39,False,24
6->7,161,150,190,117,116,150,89,61,150,102,48,False,13
7->8,150,137,219,137,131,137,104,33,137,118,19,False,14
8->9,137,136,197,122,122,136,85,51,136,102,34,False,17
