condition_id,description,scoring_mode,lambda_dist,unmatched_cost,predicted_edges,total_tracks,tp,fp,fn,precision,recall,f1,adjusted_edge_jaccard,train_tp,train_fp,train_fn,train_adj_jaccard,val_tp,val_fp,val_fn,val_adj_jaccard,rejected_candidate_edges,rejection_fraction
BASE_DIST,Baseline Distance-Only (R1_A3 Locked),distance,0.0,5.0,839,727,11,13,16,0.4583,0.4074,0.4314,0.275,4,6,9,0.2105,7,7,7,0.3333,1076,0.5619
DIST_C1.0,Distance Selective C=1.0,distance,0.0,1.0,49,1517,0,0,27,0.0,0.0,0.0,0.0,0,0,13,0.0,0,0,14,0.0,1866,0.9744
DIST_C1.5,Distance Selective C=1.5,distance,0.0,1.5,138,1428,0,3,27,0.0,0.0,0.0,0.0,0,2,13,0.0,0,1,14,0.0,1777,0.9279
DIST_C2.0,Distance Selective C=2.0,distance,0.0,2.0,290,1276,1,5,26,0.1667,0.037,0.0606,0.0312,0,3,13,0.0,1,2,13,0.0625,1625,0.8486
DIST_C2.5,Distance Selective C=2.5,distance,0.0,2.5,412,1154,6,6,21,0.5,0.2222,0.3077,0.1818,2,3,11,0.125,4,3,10,0.2353,1503,0.7849
DIST_C3.0,Distance Selective C=3.0,distance,0.0,3.0,533,1033,7,8,20,0.4667,0.2593,0.3333,0.2,2,5,11,0.1111,5,3,9,0.2941,1382,0.7217
DIST_C3.5,Distance Selective C=3.5,distance,0.0,3.5,684,882,8,11,19,0.4211,0.2963,0.3478,0.2105,2,6,11,0.1053,6,5,8,0.3158,1231,0.6428
DIST_C4.0,Distance Selective C=4.0,distance,0.0,4.0,792,774,8,15,19,0.3478,0.2963,0.32,0.1905,2,7,11,0.1,6,8,8,0.2727,1123,0.5864
DIST_C4.5,Distance Selective C=4.5,distance,0.0,4.5,885,681,8,15,19,0.3478,0.2963,0.32,0.1905,2,7,11,0.1,6,8,8,0.2727,1030,0.5379
DIST_C5.0,Distance Selective C=5.0,distance,0.0,5.0,959,607,10,14,17,0.4167,0.3704,0.3922,0.2439,3,7,10,0.15,7,7,7,0.3333,956,0.4992
LEARNED_5B_FORCED,Learned Affinity (5B Forced Matching),learned,0.0,100000.0,1012,554,10,17,17,0.3704,0.3704,0.3704,0.2273,4,8,9,0.1905,6,9,8,0.2609,903,0.4715
LEARNED_C0.25,Learned Selective C=0.25,learned,0.0,0.25,166,1400,5,8,22,0.3846,0.1852,0.25,0.1429,2,6,11,0.1053,3,2,11,0.1875,1749,0.9133
LEARNED_C0.50,Learned Selective C=0.50,learned,0.0,0.5,237,1329,10,10,17,0.5,0.3704,0.4255,0.2703,4,7,9,0.2,6,3,8,0.3529,1678,0.8762
LEARNED_C0.75,Learned Selective C=0.75,learned,0.0,0.75,278,1288,10,13,17,0.4348,0.3704,0.4,0.25,4,7,9,0.2,6,6,8,0.3,1637,0.8548
LEARNED_C1.00,Learned Selective C=1.00,learned,0.0,1.0,305,1261,10,14,17,0.4167,0.3704,0.3922,0.2439,4,7,9,0.2,6,7,8,0.2857,1610,0.8407
LEARNED_C1.25,Learned Selective C=1.25,learned,0.0,1.25,333,1233,10,15,17,0.4,0.3704,0.3846,0.2381,4,8,9,0.1905,6,7,8,0.2857,1582,0.8261
LEARNED_C1.50,Learned Selective C=1.50,learned,0.0,1.5,360,1206,10,16,17,0.3846,0.3704,0.3774,0.2326,4,8,9,0.1905,6,8,8,0.2727,1555,0.812
LEARNED_C2.00,Learned Selective C=2.00,learned,0.0,2.0,409,1157,10,17,17,0.3704,0.3704,0.3704,0.2273,4,8,9,0.1905,6,9,8,0.2609,1506,0.7864
LEARNED_C2.50,Learned Selective C=2.50,learned,0.0,2.5,455,1111,10,17,17,0.3704,0.3704,0.3704,0.2273,4,8,9,0.1905,6,9,8,0.2609,1460,0.7624
LEARNED_C3.00,Learned Selective C=3.00,learned,0.0,3.0,510,1056,10,17,17,0.3704,0.3704,0.3704,0.2273,4,8,9,0.1905,6,9,8,0.2609,1405,0.7337
LEARNED_C4.00,Learned Selective C=4.00,learned,0.0,4.0,604,962,10,17,17,0.3704,0.3704,0.3704,0.2273,4,8,9,0.1905,6,9,8,0.2609,1311,0.6846
HYBRID_L0.10_C0.40,Hybrid lam=0.10 C=0.40,hybrid,0.1,0.4,188,1378,8,8,19,0.5,0.2963,0.3721,0.2286,3,5,10,0.1667,5,3,9,0.2941,1727,0.9018
HYBRID_L0.10_C0.50,Hybrid lam=0.10 C=0.50,hybrid,0.1,0.5,222,1344,10,9,17,0.5263,0.3704,0.4348,0.2778,4,6,9,0.2105,6,3,8,0.3529,1693,0.8841
HYBRID_L0.10_C0.60,Hybrid lam=0.10 C=0.60,hybrid,0.1,0.6,240,1326,10,10,17,0.5,0.3704,0.4255,0.2703,4,6,9,0.2105,6,4,8,0.3333,1675,0.8747
HYBRID_L0.10_C0.75,Hybrid lam=0.10 C=0.75,hybrid,0.1,0.75,268,1298,9,12,18,0.4286,0.3333,0.375,0.2308,4,6,9,0.2105,5,6,9,0.25,1647,0.8601
HYBRID_L0.10_C1.00,Hybrid lam=0.10 C=1.00,hybrid,0.1,1.0,301,1265,10,13,17,0.4348,0.3704,0.4,0.25,4,6,9,0.2105,6,7,8,0.2857,1614,0.8428
HYBRID_L0.10_C1.25,Hybrid lam=0.10 C=1.25,hybrid,0.1,1.25,326,1240,10,14,17,0.4167,0.3704,0.3922,0.2439,4,7,9,0.2,6,7,8,0.2857,1589,0.8298
HYBRID_L0.25_C0.40,Hybrid lam=0.25 C=0.40,hybrid,0.25,0.4,152,1414,5,7,22,0.4167,0.1852,0.2564,0.1471,2,5,11,0.1111,3,2,11,0.1875,1763,0.9206
HYBRID_L0.25_C0.50,Hybrid lam=0.25 C=0.50,hybrid,0.25,0.5,187,1379,7,8,20,0.4667,0.2593,0.3333,0.2,2,5,11,0.1111,5,3,9,0.2941,1728,0.9023
HYBRID_L0.25_C0.60,Hybrid lam=0.25 C=0.60,hybrid,0.25,0.6,219,1347,9,8,18,0.5294,0.3333,0.4091,0.2571,3,5,10,0.1667,6,3,8,0.3529,1696,0.8856
HYBRID_L0.25_C0.75,Hybrid lam=0.25 C=0.75,hybrid,0.25,0.75,250,1316,10,10,17,0.5,0.3704,0.4255,0.2703,4,6,9,0.2105,6,4,8,0.3333,1665,0.8695
HYBRID_L0.25_C1.00,Hybrid lam=0.25 C=1.00,hybrid,0.25,1.0,288,1278,10,12,17,0.4545,0.3704,0.4082,0.2564,4,6,9,0.2105,6,6,8,0.3,1627,0.8496
HYBRID_L0.25_C1.25,Hybrid lam=0.25 C=1.25,hybrid,0.25,1.25,317,1249,10,13,17,0.4348,0.3704,0.4,0.25,4,6,9,0.2105,6,7,8,0.2857,1598,0.8345
HYBRID_L0.50_C0.50,Hybrid lam=0.50 C=0.50,hybrid,0.5,0.5,101,1465,4,4,23,0.5,0.1481,0.2286,0.129,1,3,12,0.0625,3,1,11,0.2,1814,0.9473
HYBRID_L0.50_C0.75,Hybrid lam=0.50 C=0.75,hybrid,0.5,0.75,204,1362,8,9,19,0.4706,0.2963,0.3636,0.2222,2,6,11,0.1053,6,3,8,0.3529,1711,0.8935
HYBRID_L0.50_C1.00,Hybrid lam=0.50 C=1.00,hybrid,0.5,1.0,261,1305,9,13,18,0.4091,0.3333,0.3673,0.225,4,7,9,0.2,5,6,9,0.25,1654,0.8637
HYBRID_L0.50_C1.25,Hybrid lam=0.50 C=1.25,hybrid,0.5,1.25,298,1268,10,14,17,0.4167,0.3704,0.3922,0.2439,4,7,9,0.2,6,7,8,0.2857,1617,0.8444
HYBRID_L1.00_C0.50,Hybrid lam=1.00 C=0.50,hybrid,1.0,0.5,19,1547,1,1,26,0.5,0.037,0.069,0.0357,0,1,13,0.0,1,0,13,0.0714,1896,0.9901
HYBRID_L1.00_C0.75,Hybrid lam=1.00 C=0.75,hybrid,1.0,0.75,67,1499,3,4,24,0.4286,0.1111,0.1765,0.0968,1,3,12,0.0625,2,1,12,0.1333,1848,0.965
HYBRID_L1.00_C1.00,Hybrid lam=1.00 C=1.00,hybrid,1.0,1.0,160,1406,8,9,19,0.4706,0.2963,0.3636,0.2222,2,6,11,0.1053,6,3,8,0.3529,1755,0.9164
HYBRID_L1.00_C1.25,Hybrid lam=1.00 C=1.25,hybrid,1.0,1.25,236,1330,9,10,18,0.4737,0.3333,0.3913,0.2432,3,6,10,0.1579,6,4,8,0.3333,1679,0.8768
