variant,patch_id,split,category,threshold,num_gt,num_peaks,matched_1_0,matched_2_0,matched_3_0,mean_dist_um,median_dist_um,mean_conf
classical_dog,train_6bba_t45_p01_crowded,train,crowded,0.0,4,6,0,1,1,9.878977351318204,12.092305994881855,0.2654711902141571
classical_dog,train_6bba_t15_p02_crowded,train,crowded,0.0,4,2,0,1,1,11.039070393920735,11.780591002104432,0.24632528424263
classical_dog,train_6bba_t55_p03_boundary,train,boundary,0.0,1,3,0,1,1,1.7235727791422095,1.7235727791422095,0.30872902274131775
classical_dog,train_6bba_t35_p04_boundary,train,boundary,0.0,1,3,0,0,0,22.225253970708636,22.225253970708636,0.22073958814144135
classical_dog,train_6bba_t25_p05_crowded,train,crowded,0.0,3,5,0,0,0,7.2745986278665,6.625736987309412,0.22640907764434814
classical_dog,train_6bba_t15_p06_crowded,train,crowded,0.0,2,3,0,0,0,21.214622080314566,21.214622080314566,0.32580363750457764
classical_dog,train_6bba_t15_p07_isolated,train,isolated,0.0,1,5,0,1,1,1.7235727791422095,1.7235727791422095,0.29446035623550415
classical_dog,train_6bba_t15_p08_isolated,train,isolated,0.0,1,4,0,0,0,11.899727544149908,11.899727544149908,0.2630493938922882
classical_dog,train_6bba_t45_p09_isolated,train,isolated,0.0,1,4,0,0,0,11.403980938689788,11.403980938689788,0.3041313588619232
classical_dog,train_6bba_t55_p10_isolated,train,isolated,0.0,1,3,0,1,1,1.6750116604071745,1.6750116604071745,0.34231576323509216
classical_dog,train_44b6_t55_p01_isolated,train,isolated,0.0,1,8,0,0,0,16.436816763366927,16.436816763366927,0.2654339373111725
classical_dog,train_44b6_t45_p02_isolated,train,isolated,0.0,1,6,0,0,0,10.277402395547233,10.277402395547233,0.3101619780063629
classical_dog,train_44b6_t15_p03_isolated,train,isolated,0.0,1,5,0,0,0,7.845990715805111,7.845990715805111,0.3118363320827484
classical_dog,train_44b6_t45_p04_crowded,train,crowded,0.0,3,6,1,1,1,6.489210025542815,8.983546157420243,0.30408692359924316
classical_dog,train_44b6_t15_p05_crowded,train,crowded,0.0,2,6,1,1,1,5.6875,5.6875,0.32126927375793457
classical_dog,train_44b6_t25_p06_crowded,train,crowded,0.0,3,6,1,1,1,9.057930081446838,9.484001743067111,0.3432416021823883
classical_dog,train_44b6_t15_p07_crowded,train,crowded,0.0,2,5,0,0,0,12.508174043943768,12.508174043943768,0.29135388135910034
classical_dog,train_44b6_t25_p08_isolated,train,isolated,0.0,1,6,0,1,1,1.7235727791422095,1.7235727791422095,0.3185887634754181
classical_dog,train_44b6_t55_p09_boundary,train,boundary,0.0,1,6,1,1,1,0.9084026158592896,0.9084026158592896,0.30472609400749207
classical_dog,train_44b6_t55_p10_boundary,train,boundary,0.0,1,2,0,0,0,12.508278508651781,12.508278508651781,0.2757956385612488
classical_dog,inner_val_6bba_t70_p01_zero_annotation,inner_val,zero_annotation,0.0,0,0,0,0,0,,,
classical_dog,inner_val_6bba_t90_p02_boundary,inner_val,boundary,0.0,1,4,0,0,1,2.1877232028983924,2.1877232028983924,0.32836034893989563
classical_dog,inner_val_6bba_t70_p03_crowded,inner_val,crowded,0.0,5,4,0,2,2,8.869145283458248,9.967623368938053,0.27229225635528564
classical_dog,inner_val_6bba_t70_p04_crowded,inner_val,crowded,0.0,2,4,0,2,2,1.625,1.625,0.2508096694946289
classical_dog,inner_val_6bba_t90_p05_isolated,inner_val,isolated,0.0,1,4,0,1,1,1.284675299443404,1.284675299443404,0.2625938057899475
classical_dog,inner_val_44b6_t80_p01_crowded,inner_val,crowded,0.0,2,4,1,1,1,5.747358525982198,5.747358525982198,0.3058184087276459
classical_dog,inner_val_44b6_t80_p02_zero_annotation,inner_val,zero_annotation,0.0,0,7,0,0,0,,,0.3306277096271515
classical_dog,inner_val_44b6_t70_p03_isolated,inner_val,isolated,0.0,1,5,1,1,1,0.8125,0.8125,0.2734993100166321
classical_dog,inner_val_44b6_t90_p04_crowded,inner_val,crowded,0.0,2,3,0,0,1,4.793968407665587,4.793968407665587,0.24710798263549805
classical_dog,inner_val_44b6_t70_p05_boundary,inner_val,boundary,0.0,1,0,0,0,0,,,
classical_dog,held_out_val_6bba_t50_p01_zero_annotation,held_out_val,zero_annotation,0.0,0,0,0,0,0,,,
classical_dog,held_out_val_6bba_t75_p02_isolated,held_out_val,isolated,0.0,1,1,0,0,0,4.1429533547941375,4.1429533547941375,0.34155237674713135
classical_dog,held_out_val_6bba_t25_p03_isolated,held_out_val,isolated,0.0,1,3,0,0,0,9.056733078903232,9.056733078903232,0.29056307673454285
classical_dog,held_out_val_6bba_t75_p04_boundary,held_out_val,boundary,0.0,1,1,0,0,0,21.257397609420586,21.257397609420586,0.3053440451622009
classical_dog,held_out_val_6bba_t25_p05_crowded,held_out_val,crowded,0.0,4,2,1,2,2,6.2722936206451285,6.272888917229127,0.32794615626335144
classical_dog,held_out_val_6bba_t50_p06_crowded,held_out_val,crowded,0.0,2,1,0,0,0,23.998049092966344,23.998049092966344,0.2839656472206116
