variant,patch_id,split,category,overall_mean,overall_std,overall_min,overall_max,overall_p10,overall_p50,overall_p90,frac_near_zero,frac_near_sat,pos_mean,pos_median,pos_min,pos_max,unlabeled_mean,unlabeled_median,unlabeled_min,unlabeled_max
variant_A_control,train_6bba_t45_p01_crowded,train,crowded,0.4778190851211548,0.15864169597625732,0.20483624935150146,0.9597719311714172,0.3025745451450348,0.447623610496521,0.726652979850769,0.0,1.52587890625e-05,0.45882448554039,0.4202210605144501,0.25847089290618896,0.9445745348930359,0.4829562306404114,0.45497503876686096,0.20483624935150146,0.9597719311714172
variant_A_control,train_6bba_t15_p02_crowded,train,crowded,0.4757402539253235,0.17207501828670502,0.22682958841323853,0.9480055570602417,0.2928102910518646,0.4131230115890503,0.7315230369567871,0.0,0.0,0.46484968066215515,0.4246476888656616,0.2657058537006378,0.9480055570602417,0.4816519320011139,0.4248194098472595,0.22682958841323853,0.8867251873016357
variant_A_control,train_6bba_t55_p03_boundary,train,boundary,0.47524896264076233,0.17410321533679962,0.15969324111938477,0.9442142248153687,0.2783275842666626,0.41841715574264526,0.708807647228241,0.0,0.0,0.41687464714050293,0.3743286728858948,0.24239011108875275,0.9012827277183533,0.4777703285217285,0.4233560562133789,0.15969324111938477,0.9442142248153687
variant_A_control,train_6bba_t35_p04_boundary,train,boundary,0.4799535274505615,0.16853882372379303,0.13628484308719635,0.9287675619125366,0.2421371191740036,0.5293389558792114,0.6789687275886536,0.0,0.0,0.5168166160583496,0.46181052923202515,0.27212679386138916,0.9287675619125366,0.48121511936187744,0.531809389591217,0.13628484308719635,0.8946570754051208
variant_A_control,train_6bba_t25_p05_crowded,train,crowded,0.47650405764579773,0.16924318671226501,0.23916295170783997,0.9399150013923645,0.29643237590789795,0.4229099750518799,0.7397598624229431,0.0,0.0,0.4686377942562103,0.4193621873855591,0.2620750665664673,0.9399150013923645,0.48088520765304565,0.42969459295272827,0.23916295170783997,0.9164816737174988
variant_A_control,train_6bba_t15_p06_crowded,train,crowded,0.47495436668395996,0.17104965448379517,0.17848865687847137,0.9720503687858582,0.2823547124862671,0.4184480309486389,0.7068395018577576,0.0,4.57763671875e-05,0.45330071449279785,0.44201189279556274,0.25485876202583313,0.9109535813331604,0.478033185005188,0.42618808150291443,0.17848865687847137,0.9720503687858582
variant_A_control,train_6bba_t15_p07_isolated,train,isolated,0.4755593538284302,0.17478729784488678,0.20506621897220612,0.9549791812896729,0.2827809154987335,0.41368764638900757,0.7177955508232117,0.0,7.62939453125e-06,0.44431358575820923,0.41015928983688354,0.24220263957977295,0.9423749446868896,0.4780389964580536,0.41871994733810425,0.20506621897220612,0.9549791812896729
variant_A_control,train_6bba_t15_p08_isolated,train,isolated,0.4766424298286438,0.16305269300937653,0.20228518545627594,0.9532280564308167,0.3012521266937256,0.4282304048538208,0.7303570508956909,0.0,1.52587890625e-05,0.4647980034351349,0.4124368727207184,0.26346173882484436,0.930604875087738,0.47895708680152893,0.4318197965621948,0.20228518545627594,0.9532280564308167
variant_A_control,train_6bba_t45_p09_isolated,train,isolated,0.47509220242500305,0.16581092774868011,0.15781810879707336,0.9715275764465332,0.2857857346534729,0.42919909954071045,0.7100043892860413,0.0,5.340576171875e-05,0.3939344584941864,0.3669435977935791,0.25244995951652527,0.788276195526123,0.47818997502326965,0.4363729655742645,0.15781810879707336,0.9715275764465332
variant_A_control,train_6bba_t55_p10_isolated,train,isolated,0.4769967794418335,0.15317751467227936,0.1910504698753357,0.9706298112869263,0.3093236982822418,0.4432803690433502,0.7310856580734253,0.0,0.0001068115234375,0.4937407672405243,0.4505290687084198,0.2740938365459442,0.9706298112869263,0.47928953170776367,0.4459919035434723,0.1910504698753357,0.9686815738677979
variant_A_control,train_44b6_t55_p01_isolated,train,isolated,0.47669339179992676,0.1634572446346283,0.17960171401500702,0.9493672251701355,0.2900395095348358,0.43949082493782043,0.7257637977600098,0.0,0.0,0.46764183044433594,0.41724297404289246,0.2459222823381424,0.9485219717025757,0.4788343608379364,0.44371360540390015,0.17960171401500702,0.9493672251701355
variant_A_control,train_44b6_t45_p02_isolated,train,isolated,0.4774152636528015,0.1640910655260086,0.11618848890066147,0.9826774001121521,0.27363115549087524,0.4648692011833191,0.7043619751930237,0.0,0.00011444091796875,0.4304122030735016,0.38723182678222656,0.2478007972240448,0.8707720637321472,0.47985783219337463,0.47002092003822327,0.11618848890066147,0.9826774001121521
variant_A_control,train_44b6_t15_p03_isolated,train,isolated,0.4782108664512634,0.1580532044172287,0.1633562594652176,0.9453340768814087,0.2982374131679535,0.4477366805076599,0.7235870361328125,0.0,0.0,0.4282272160053253,0.3809846341609955,0.28840720653533936,0.8068863749504089,0.4795796871185303,0.4496920704841614,0.1633562594652176,0.9453340768814087
variant_A_control,train_44b6_t45_p04_crowded,train,crowded,0.4748081862926483,0.1712152361869812,0.18907874822616577,0.9777610301971436,0.2762422561645508,0.4320135712623596,0.705335795879364,0.0,5.340576171875e-05,0.4623783528804779,0.41222083568573,0.24796991050243378,0.9777610301971436,0.48052501678466797,0.44752970337867737,0.18907874822616577,0.9466114044189453
variant_A_control,train_44b6_t15_p05_crowded,train,crowded,0.47754064202308655,0.15989671647548676,0.17138229310512543,0.9389169812202454,0.29253777861595154,0.4504731297492981,0.7199064493179321,0.0,0.0,0.4356860816478729,0.38645434379577637,0.2558727562427521,0.9389169812202454,0.4809146821498871,0.45504942536354065,0.17138229310512543,0.927399218082428
variant_A_control,train_44b6_t25_p06_crowded,train,crowded,0.4757900536060333,0.16304145753383636,0.16965270042419434,0.9181022047996521,0.2953331768512726,0.4307553768157959,0.7315858602523804,0.0,0.0,0.4613686203956604,0.4136878550052643,0.2203044444322586,0.9097996950149536,0.48059001564979553,0.4378560781478882,0.16965270042419434,0.9077505469322205
variant_A_control,train_44b6_t15_p07_crowded,train,crowded,0.4782188832759857,0.16277945041656494,0.18038299679756165,0.941519021987915,0.28088366985321045,0.4589483141899109,0.7078831195831299,0.0,0.0,0.439102441072464,0.390353798866272,0.24219536781311035,0.941519021987915,0.48131608963012695,0.4652942419052124,0.18038299679756165,0.9295728802680969
variant_A_control,train_44b6_t25_p08_isolated,train,isolated,0.4772922098636627,0.16440509259700775,0.11845414340496063,0.965022087097168,0.27705782651901245,0.45902782678604126,0.7034313678741455,0.0,5.340576171875e-05,0.4589439034461975,0.4093031883239746,0.2639109790325165,0.9442028999328613,0.4794054329395294,0.46330732107162476,0.11845414340496063,0.965022087097168
variant_A_control,train_44b6_t55_p09_boundary,train,boundary,0.47812068462371826,0.16209539771080017,0.18300028145313263,0.9466512203216553,0.284410685300827,0.4620341658592224,0.7056592106819153,0.0,0.0,0.47001200914382935,0.41267305612564087,0.2766607105731964,0.9466512203216553,0.48035573959350586,0.4661989212036133,0.18300028145313263,0.9459185600280762
variant_A_control,train_44b6_t55_p10_boundary,train,boundary,0.4777018427848816,0.16467678546905518,0.13586050271987915,0.9552227854728699,0.26956602931022644,0.46996498107910156,0.7043699622154236,0.0,7.62939453125e-06,0.4543897211551666,0.397713303565979,0.24225234985351562,0.9552227854728699,0.48000216484069824,0.4746641218662262,0.13586050271987915,0.9468884468078613
variant_A_control,inner_val_6bba_t70_p01_zero_annotation,inner_val,zero_annotation,0.4807983636856079,0.1616978943347931,0.06717995554208755,0.8394112586975098,0.25926798582077026,0.515128493309021,0.680145263671875,0.0,0.0,,,,,0.4807983636856079,0.515128493309021,0.06717995554208755,0.8394112586975098
variant_A_control,inner_val_6bba_t90_p02_boundary,inner_val,boundary,0.4746665358543396,0.16408903896808624,0.1592317372560501,0.9507752060890198,0.2989685833454132,0.4092371463775635,0.709716796875,0.0,7.62939453125e-06,0.47212958335876465,0.45806199312210083,0.237108513712883,0.7655011415481567,0.47725343704223633,0.4124096632003784,0.1592317372560501,0.9507752060890198
variant_A_control,inner_val_6bba_t70_p03_crowded,inner_val,crowded,0.4753356873989105,0.168554425239563,0.22385349869728088,0.9291552901268005,0.29287955164909363,0.4150546193122864,0.7269393801689148,0.0,0.0,0.40216830372810364,0.37670594453811646,0.23428212106227875,0.8808832764625549,0.48579007387161255,0.43119367957115173,0.23918253183364868,0.9291552901268005
variant_A_control,inner_val_6bba_t70_p04_crowded,inner_val,crowded,0.4753095805644989,0.17481663823127747,0.194862499833107,0.9481783509254456,0.2734903395175934,0.42632150650024414,0.7038698792457581,0.0,0.0,0.430823415517807,0.3991129696369171,0.24090109765529633,0.8100710511207581,0.4799976348876953,0.44138041138648987,0.194862499833107,0.9481783509254456
variant_A_control,inner_val_6bba_t90_p05_isolated,inner_val,isolated,0.4777233302593231,0.17593079805374146,0.19126947224140167,0.9491736888885498,0.25011637806892395,0.5076509714126587,0.6801824569702148,0.0,0.0,0.4289284348487854,0.4127492308616638,0.27031415700912476,0.7131890058517456,0.4797751307487488,0.5154328942298889,0.19126947224140167,0.9491736888885498
variant_A_control,inner_val_44b6_t80_p01_crowded,inner_val,crowded,0.4762651026248932,0.16440114378929138,0.14696168899536133,0.941877007484436,0.3002660274505615,0.42614278197288513,0.7398132681846619,0.0,0.0,0.38134053349494934,0.34909188747406006,0.2614569067955017,0.6376445293426514,0.4804135262966156,0.43310749530792236,0.14696168899536133,0.941877007484436
variant_A_control,inner_val_44b6_t80_p02_zero_annotation,inner_val,zero_annotation,0.477771520614624,0.16160248219966888,0.12685030698776245,0.9402913451194763,0.27153870463371277,0.4731772541999817,0.7010665535926819,0.0,0.0,,,,,0.477771520614624,0.4731772541999817,0.12685030698776245,0.9402913451194763
variant_A_control,inner_val_44b6_t70_p03_isolated,inner_val,isolated,0.4787746071815491,0.1644156575202942,0.16444841027259827,0.9528170228004456,0.27335476875305176,0.4691978394985199,0.6966500282287598,0.0,7.62939453125e-06,0.40259668231010437,0.36881089210510254,0.2568866014480591,0.8611726760864258,0.480914831161499,0.4736591577529907,0.16444841027259827,0.9528170228004456
variant_A_control,inner_val_44b6_t90_p04_crowded,inner_val,crowded,0.4772154986858368,0.16153307259082794,0.14998729526996613,0.9512980580329895,0.2980305850505829,0.4396376609802246,0.7394484877586365,0.0,7.62939453125e-06,0.4121710956096649,0.3668089509010315,0.23013125360012054,0.8856292963027954,0.48146647214889526,0.44681307673454285,0.14998729526996613,0.9512980580329895
variant_A_control,inner_val_44b6_t70_p05_boundary,inner_val,boundary,0.4783298671245575,0.16175521910190582,0.15982183814048767,0.9705649018287659,0.28277525305747986,0.4613344669342041,0.706150472164154,0.0,4.57763671875e-05,0.450243204832077,0.4142557978630066,0.25375109910964966,0.9137493371963501,0.4801410734653473,0.4653927981853485,0.15982183814048767,0.9705649018287659
variant_A_control,held_out_val_6bba_t50_p01_zero_annotation,held_out_val,zero_annotation,0.4805838465690613,0.16946661472320557,0.20343506336212158,0.8755819797515869,0.2766522169113159,0.4592170715332031,0.7194679975509644,0.0,0.0,,,,,0.4805838465690613,0.4592170715332031,0.20343506336212158,0.8755819797515869
variant_A_control,held_out_val_6bba_t75_p02_isolated,held_out_val,isolated,0.4797813296318054,0.15714330971240997,0.08567900210618973,0.8678653836250305,0.26566082239151,0.5004796981811523,0.6770597100257874,0.0,0.0,0.44454196095466614,0.4429573714733124,0.1695379614830017,0.7374004125595093,0.48190009593963623,0.5040399432182312,0.09024959057569504,0.8678653836250305
variant_A_control,held_out_val_6bba_t25_p03_isolated,held_out_val,isolated,0.4771505892276764,0.17206436395645142,0.1931142657995224,0.9034051299095154,0.27109819650650024,0.4616800546646118,0.7087593674659729,0.0,0.0,0.3718872368335724,0.35610470175743103,0.24298308789730072,0.7425857186317444,0.4787508249282837,0.4674065113067627,0.1931142657995224,0.9034051299095154
variant_A_control,held_out_val_6bba_t75_p04_boundary,held_out_val,boundary,0.47935324907302856,0.1689089983701706,0.09404352307319641,0.9070091843605042,0.26079243421554565,0.5073355436325073,0.6811213493347168,0.0,0.0,0.3143523931503296,0.30361267924308777,0.25336334109306335,0.5073930621147156,0.4814969301223755,0.5157529711723328,0.09404352307319641,0.9070091843605042
variant_A_control,held_out_val_6bba_t25_p05_crowded,held_out_val,crowded,0.47792601585388184,0.17014826834201813,0.1120605394244194,0.9802365899085999,0.26349374651908875,0.48320984840393066,0.6954768896102905,0.0,6.866455078125e-05,0.4072124660015106,0.3747190833091736,0.1477053463459015,0.9802365899085999,0.48517805337905884,0.5019294023513794,0.13845877349376678,0.8422632217407227
variant_A_control,held_out_val_6bba_t50_p06_crowded,held_out_val,crowded,0.47945818305015564,0.16802245378494263,0.14948402345180511,0.929885745048523,0.25306436419487,0.5118511915206909,0.6799514889717102,0.0,0.0,0.4337689280509949,0.38108763098716736,0.2657892405986786,0.7785720825195312,0.48254722356796265,0.5226356387138367,0.14948402345180511,0.929885745048523
variant_B_per_patch,train_6bba_t45_p01_crowded,train,crowded,0.4847143888473511,0.15795885026454926,0.17322471737861633,0.9725774526596069,0.2909521758556366,0.47639936208724976,0.705962598323822,0.0,7.62939453125e-05,0.43481677770614624,0.3968946635723114,0.24151118099689484,0.8821434378623962,0.4906836748123169,0.49022966623306274,0.17322471737861633,0.9725774526596069
variant_B_per_patch,train_6bba_t15_p02_crowded,train,crowded,0.4830617308616638,0.16752839088439941,0.21829497814178467,0.8767518401145935,0.2894139289855957,0.4339808225631714,0.7072950601577759,0.0,0.0,0.4473060667514801,0.41056424379348755,0.2581363618373871,0.8767518401145935,0.4887595772743225,0.4492143988609314,0.21829497814178467,0.8561310172080994
variant_B_per_patch,train_6bba_t55_p03_boundary,train,boundary,0.48404577374458313,0.16585251688957214,0.16605816781520844,0.9379245042800903,0.2784993350505829,0.4735232889652252,0.6846867799758911,0.0,0.0,0.43434178829193115,0.3792310059070587,0.2542015314102173,0.9379245042800903,0.48658889532089233,0.480421781539917,0.16605816781520844,0.8999778628349304
variant_B_per_patch,train_6bba_t35_p04_boundary,train,boundary,0.4891342520713806,0.15653139352798462,0.15856757760047913,0.8937947750091553,0.2583370506763458,0.5601450204849243,0.6520209908485413,0.0,0.0,0.440623015165329,0.3957529664039612,0.2718055248260498,0.8711235523223877,0.49073755741119385,0.5629611611366272,0.15856757760047913,0.8678488731384277
variant_B_per_patch,train_6bba_t25_p05_crowded,train,crowded,0.4835071563720703,0.1655224710702896,0.21237561106681824,0.8773050904273987,0.29005539417266846,0.4450584053993225,0.7132745981216431,0.0,0.0,0.44688206911087036,0.40613698959350586,0.26076701283454895,0.8646569848060608,0.4880693852901459,0.45695972442626953,0.21237561106681824,0.8773050904273987
variant_B_per_patch,train_6bba_t15_p06_crowded,train,crowded,0.4836384952068329,0.16361017525196075,0.1736065298318863,0.9712385535240173,0.2840491235256195,0.4692382216453552,0.6820924282073975,0.0,5.340576171875e-05,0.438046932220459,0.4004001319408417,0.26027175784111023,0.9084025621414185,0.486632764339447,0.4817346930503845,0.1736065298318863,0.9712385535240173
variant_B_per_patch,train_6bba_t15_p07_isolated,train,isolated,0.48364686965942383,0.1682620495557785,0.19186919927597046,0.9083475470542908,0.2813960015773773,0.4546692371368408,0.6942746043205261,0.0,0.0,0.43944066762924194,0.39861539006233215,0.27313438057899475,0.898594319820404,0.4863666594028473,0.46525394916534424,0.19186919927597046,0.9083475470542908
variant_B_per_patch,train_6bba_t15_p08_isolated,train,isolated,0.48375198245048523,0.1594550907611847,0.17932668328285217,0.9442572593688965,0.2918161451816559,0.4600876569747925,0.7051302790641785,0.0,0.0,0.47403010725975037,0.40389421582221985,0.2717026174068451,0.9442572593688965,0.4860217273235321,0.46515727043151855,0.17932668328285217,0.9082028269767761
variant_B_per_patch,train_6bba_t45_p09_isolated,train,isolated,0.48434901237487793,0.15879391133785248,0.14882825314998627,0.945643424987793,0.2877073884010315,0.4873707592487335,0.6810072660446167,0.0,0.0,0.4450187385082245,0.4027261435985565,0.2712304890155792,0.8643912076950073,0.4868771731853485,0.49490803480148315,0.14882825314998627,0.945643424987793
variant_B_per_patch,train_6bba_t55_p10_isolated,train,isolated,0.4850229024887085,0.15289190411567688,0.17290671169757843,0.9560412168502808,0.2960242033004761,0.4792267680168152,0.7066514492034912,0.0,2.288818359375e-05,0.434829980134964,0.3800414204597473,0.21989931166172028,0.9452987909317017,0.4877959191799164,0.48397499322891235,0.17290671169757843,0.9560412168502808
variant_B_per_patch,train_44b6_t55_p01_isolated,train,isolated,0.48443153500556946,0.1591762751340866,0.1633920520544052,0.9625052809715271,0.28368616104125977,0.48043161630630493,0.6972373723983765,0.0,1.52587890625e-05,0.4322202801704407,0.38269978761672974,0.25068578124046326,0.8956052660942078,0.4867168366909027,0.48543602228164673,0.1633920520544052,0.9625052809715271
variant_B_per_patch,train_44b6_t45_p02_isolated,train,isolated,0.48609140515327454,0.15828874707221985,0.10155384987592697,0.984131395816803,0.272984117269516,0.5091192722320557,0.674730658531189,0.0,9.918212890625e-05,0.4482608735561371,0.39358553290367126,0.25993064045906067,0.9116254448890686,0.4884343147277832,0.5136959552764893,0.10155384987592697,0.984131395816803
variant_B_per_patch,train_44b6_t15_p03_isolated,train,isolated,0.48530879616737366,0.15545690059661865,0.14155130088329315,0.9557716250419617,0.28638407588005066,0.48520922660827637,0.6967760920524597,0.0,1.52587890625e-05,0.40781471133232117,0.35679563879966736,0.2485644817352295,0.8215650320053101,0.48656079173088074,0.4874662756919861,0.14155130088329315,0.9557716250419617
variant_B_per_patch,train_44b6_t45_p04_crowded,train,crowded,0.48459774255752563,0.1641997992992401,0.16842809319496155,0.9612312912940979,0.27577000856399536,0.4900766611099243,0.6795128583908081,0.0,1.52587890625e-05,0.44667038321495056,0.3969212770462036,0.24128900468349457,0.9612312912940979,0.4909191429615021,0.5068328976631165,0.16842809319496155,0.9381691217422485
variant_B_per_patch,train_44b6_t15_p05_crowded,train,crowded,0.4851473271846771,0.15625467896461487,0.15078489482402802,0.9444520473480225,0.2828311622142792,0.48955613374710083,0.6931357383728027,0.0,0.0,0.4474944472312927,0.39810776710510254,0.2414740025997162,0.9287980794906616,0.4881608486175537,0.4952303469181061,0.15078489482402802,0.9444520473480225
variant_B_per_patch,train_44b6_t25_p06_crowded,train,crowded,0.4845346212387085,0.15776020288467407,0.14036110043525696,0.9672521948814392,0.2867448925971985,0.4774123430252075,0.6985945701599121,0.0,3.0517578125e-05,0.4358680248260498,0.3946378827095032,0.1891578882932663,0.9672521948814392,0.49005159735679626,0.4878855347633362,0.14509247243404388,0.9118536710739136
variant_B_per_patch,train_44b6_t15_p07_crowded,train,crowded,0.4855565130710602,0.1582726687192917,0.13995791971683502,0.9417901635169983,0.2772409915924072,0.49880874156951904,0.6824219226837158,0.0,0.0,0.3992273509502411,0.3683807849884033,0.21610018610954285,0.8142635226249695,0.488576203584671,0.5053701400756836,0.13995791971683502,0.9417901635169983
variant_B_per_patch,train_44b6_t25_p08_isolated,train,isolated,0.48579010367393494,0.1589684635400772,0.12917792797088623,0.9615843296051025,0.2738170623779297,0.5049234628677368,0.6757245063781738,0.0,5.340576171875e-05,0.44841086864471436,0.3846195638179779,0.26425251364707947,0.9340487718582153,0.4880700409412384,0.5092592835426331,0.12917792797088623,0.9615843296051025
variant_B_per_patch,train_44b6_t55_p09_boundary,train,boundary,0.48523253202438354,0.15834467113018036,0.15821217000484467,0.9555259346961975,0.2790489196777344,0.49711671471595764,0.6831561326980591,0.0,7.62939453125e-06,0.4732237160205841,0.4179553985595703,0.2553066909313202,0.9421058893203735,0.48752516508102417,0.5020492672920227,0.15821217000484467,0.9555259346961975
variant_B_per_patch,train_44b6_t55_p10_boundary,train,boundary,0.4859749674797058,0.15857632458209991,0.12837359309196472,0.9629595279693604,0.2707813084125519,0.5109270811080933,0.676162838935852,0.0,3.814697265625e-05,0.45865222811698914,0.398804634809494,0.26580730080604553,0.9547137022018433,0.48828983306884766,0.5158202052116394,0.12837359309196472,0.9629595279693604
variant_B_per_patch,inner_val_6bba_t70_p01_zero_annotation,inner_val,zero_annotation,0.4886084794998169,0.14912794530391693,0.09085269272327423,0.8787075281143188,0.2804090082645416,0.5436528325080872,0.6533387899398804,0.0,0.0,,,,,0.4886084794998169,0.5436528325080872,0.09085269272327423,0.8787075281143188
variant_B_per_patch,inner_val_6bba_t90_p02_boundary,inner_val,boundary,0.4827570915222168,0.15528260171413422,0.1491362750530243,0.9030348062515259,0.30082741379737854,0.44901183247566223,0.6859222650527954,0.0,0.0,0.4452783167362213,0.4248271584510803,0.20283710956573486,0.8014734983444214,0.4859544634819031,0.4553713798522949,0.1491362750530243,0.9030348062515259
variant_B_per_patch,inner_val_6bba_t70_p03_crowded,inner_val,crowded,0.4836375117301941,0.16174985468387604,0.18287934362888336,0.9121381640434265,0.2875826358795166,0.46049779653549194,0.6999025344848633,0.0,0.0,0.41323789954185486,0.3882303237915039,0.23097507655620575,0.8567743897438049,0.49412569403648376,0.48474419116973877,0.18287934362888336,0.9121381640434265
variant_B_per_patch,inner_val_6bba_t70_p04_crowded,inner_val,crowded,0.48418474197387695,0.16546432673931122,0.1879173070192337,0.9639105796813965,0.274472713470459,0.4824475049972534,0.6803181767463684,0.0,3.814697265625e-05,0.42207834124565125,0.3827208876609802,0.22321748733520508,0.8310114741325378,0.48893997073173523,0.49580439925193787,0.1879173070192337,0.9639105796813965
variant_B_per_patch,inner_val_6bba_t90_p05_isolated,inner_val,isolated,0.48674440383911133,0.16523663699626923,0.16432781517505646,0.9280728101730347,0.2601067125797272,0.5501430034637451,0.6576656103134155,0.0,0.0,0.41288214921951294,0.3921125531196594,0.2618233561515808,0.8249025344848633,0.4886724054813385,0.5564736127853394,0.16432781517505646,0.9280728101730347
variant_B_per_patch,inner_val_44b6_t80_p01_crowded,inner_val,crowded,0.4835966229438782,0.15994605422019958,0.15467920899391174,0.92778080701828,0.29191914200782776,0.45962047576904297,0.7075220942497253,0.0,0.0,0.36730632185935974,0.34093648195266724,0.2402656525373459,0.7358892560005188,0.48786112666130066,0.4698250889778137,0.15467920899391174,0.92778080701828
variant_B_per_patch,inner_val_44b6_t80_p02_zero_annotation,inner_val,zero_annotation,0.4868556261062622,0.15584242343902588,0.12062745541334152,0.9567233920097351,0.26955515146255493,0.5183143615722656,0.6678380966186523,0.0,3.0517578125e-05,,,,,0.4868556261062622,0.5183143615722656,0.12062745541334152,0.9567233920097351
variant_B_per_patch,inner_val_44b6_t70_p03_isolated,inner_val,isolated,0.48636868596076965,0.159165158867836,0.1484055519104004,0.944808304309845,0.2712092697620392,0.509422779083252,0.6735342741012573,0.0,0.0,0.4291801452636719,0.37907081842422485,0.20005621016025543,0.9221977591514587,0.48861947655677795,0.5140787363052368,0.1484055519104004,0.944808304309845
variant_B_per_patch,inner_val_44b6_t90_p04_crowded,inner_val,crowded,0.48436230421066284,0.15880125761032104,0.17730949819087982,0.952590823173523,0.2879393398761749,0.4737398028373718,0.7072898149490356,0.0,3.0517578125e-05,0.4043331742286682,0.3653101325035095,0.23507557809352875,0.9403491020202637,0.48889443278312683,0.48391491174697876,0.17730949819087982,0.952590823173523
variant_B_per_patch,inner_val_44b6_t70_p05_boundary,inner_val,boundary,0.4856034219264984,0.15843091905117035,0.1294989436864853,0.9565128087997437,0.27778345346450806,0.5012036561965942,0.6789023280143738,0.0,3.0517578125e-05,0.4557379186153412,0.4250122606754303,0.20077723264694214,0.8866769075393677,0.4874616265296936,0.5055228471755981,0.1294989436864853,0.9565128087997437
variant_B_per_patch,held_out_val_6bba_t50_p01_zero_annotation,held_out_val,zero_annotation,0.4845179617404938,0.16211208701133728,0.1851329207420349,0.9237402677536011,0.28460729122161865,0.47517234086990356,0.6995798349380493,0.0,0.0,,,,,0.4845179617404938,0.47517234086990356,0.1851329207420349,0.9237402677536011
variant_B_per_patch,held_out_val_6bba_t75_p02_isolated,held_out_val,isolated,0.4882541000843048,0.14839385449886322,0.07756400853395462,0.9030455946922302,0.2731154263019562,0.5421868562698364,0.6473593711853027,0.0,0.0,0.3657307028770447,0.37274134159088135,0.12324666976928711,0.6975073218345642,0.49155405163764954,0.5461977124214172,0.07756400853395462,0.9030455946922302
variant_B_per_patch,held_out_val_6bba_t25_p03_isolated,held_out_val,isolated,0.4846205711364746,0.1636178195476532,0.1771882027387619,0.9529290795326233,0.26923632621765137,0.5041877031326294,0.6783474087715149,0.0,1.52587890625e-05,0.3600323498249054,0.34585466980934143,0.21961717307567596,0.7160884737968445,0.48671019077301025,0.5108078122138977,0.1771882027387619,0.9529290795326233
variant_B_per_patch,held_out_val_6bba_t75_p04_boundary,held_out_val,boundary,0.487773060798645,0.15904894471168518,0.08090635389089584,0.8824832439422607,0.26921671628952026,0.5490130186080933,0.6548188924789429,0.0,0.0,0.34363457560539246,0.33769071102142334,0.27983328700065613,0.4711970388889313,0.48970043659210205,0.5534275770187378,0.08090635389089584,0.8824832439422607
variant_B_per_patch,held_out_val_6bba_t25_p05_crowded,held_out_val,crowded,0.48687469959259033,0.1612156182527542,0.11032440513372421,0.9606934189796448,0.2648724913597107,0.5367834568023682,0.6633579134941101,0.0,1.52587890625e-05,0.3852728605270386,0.35866886377334595,0.13380220532417297,0.9606934189796448,0.4956430196762085,0.5581694841384888,0.12085852026939392,0.9119542241096497
variant_B_per_patch,held_out_val_6bba_t50_p06_crowded,held_out_val,crowded,0.48862800002098083,0.15827471017837524,0.0914204940199852,0.8565727472305298,0.2573328912258148,0.5562266707420349,0.6473153829574585,0.0,0.0,0.4160560369491577,0.38704824447631836,0.2505418062210083,0.8381887674331665,0.49242714047431946,0.5647677779197693,0.0914204940199852,0.8565727472305298
variant_D1_calibrated_bias,train_6bba_t45_p01_crowded,train,crowded,0.05051719397306442,0.09381835907697678,0.0035046192351728678,0.7592308521270752,0.00769675662741065,0.010904844850301743,0.1603597104549408,0.7885513305664062,0.0,0.4129137396812439,0.41117408871650696,0.032068170607089996,0.7592308521270752,0.043953608721494675,0.01060810312628746,0.0035046192351728678,0.6529452204704285
variant_D1_calibrated_bias,train_6bba_t15_p02_crowded,train,crowded,0.048880741000175476,0.08505964279174805,0.003398431930691004,0.6058988571166992,0.0070352982729673386,0.010073380544781685,0.15200798213481903,0.770599365234375,0.0,0.37327128648757935,0.3824344873428345,0.04663851484656334,0.6058988571166992,0.04318138211965561,0.009739173576235771,0.003398431930691004,0.5941324830055237
variant_D1_calibrated_bias,train_6bba_t55_p03_boundary,train,boundary,0.050028085708618164,0.09036500751972198,0.002468711929395795,0.7982671856880188,0.0077528092078864574,0.010366356000304222,0.1634405553340912,0.7827911376953125,0.0,0.5021225810050964,0.5006690621376038,0.09786519408226013,0.7982671856880188,0.04800684005022049,0.010338671505451202,0.002468711929395795,0.7101646065711975
variant_D1_calibrated_bias,train_6bba_t35_p04_boundary,train,boundary,0.051142022013664246,0.09674575924873352,0.0029344786889851093,0.7819892168045044,0.007716768886893988,0.01112842932343483,0.16688823699951172,0.7923736572265625,0.0,0.4885976314544678,0.4951307475566864,0.05737404525279999,0.7199434041976929,0.04734056815505028,0.011088279075920582,0.0029344786889851093,0.7819892168045044
variant_D1_calibrated_bias,train_6bba_t25_p05_crowded,train,crowded,0.04978635162115097,0.08985485136508942,0.0038546379655599594,0.6887835264205933,0.007230109069496393,0.010373711585998535,0.1580977886915207,0.7811431884765625,0.0,0.40140676498413086,0.39371374249458313,0.06458039581775665,0.6887835264205933,0.044934701174497604,0.010114782489836216,0.0038546379655599594,0.6799510717391968
variant_D1_calibrated_bias,train_6bba_t15_p06_crowded,train,crowded,0.050812046974897385,0.09799707680940628,0.0025241912808269262,0.8317707180976868,0.008016693405807018,0.010580132715404034,0.15479090809822083,0.7911758422851562,0.0,0.4479503631591797,0.43775299191474915,0.14880526065826416,0.7478601336479187,0.04670015349984169,0.010537609457969666,0.0025241912808269262,0.8317707180976868
variant_D1_calibrated_bias,train_6bba_t15_p07_isolated,train,isolated,0.05002303048968315,0.09131307899951935,0.0030784851405769587,0.7452622652053833,0.007550560403615236,0.010220834985375404,0.1578749567270279,0.7818374633789062,0.0,0.3818894624710083,0.3967704474925995,0.040782857686281204,0.7064217329025269,0.04734313488006592,0.01015712320804596,0.0030784851405769587,0.7452622652053833
variant_D1_calibrated_bias,train_6bba_t15_p08_isolated,train,isolated,0.051030565053224564,0.10014917701482773,0.003343472257256508,0.9034754633903503,0.007700451649725437,0.010930860415101051,0.15153375267982483,0.7967758178710938,0.0,0.4622473120689392,0.4530502259731293,0.09086734801530838,0.7463559508323669,0.049102045595645905,0.010815606452524662,0.003343472257256508,0.9034754633903503
variant_D1_calibrated_bias,train_6bba_t45_p09_isolated,train,isolated,0.05148615688085556,0.1032833531498909,0.0030411353800445795,0.9005039930343628,0.008212889544665813,0.01085774414241314,0.15028567612171173,0.800506591796875,0.0,0.3483547270298004,0.43269437551498413,0.011167346499860287,0.5712628960609436,0.04791612923145294,0.010828050784766674,0.0030411353800445795,0.9005039930343628
variant_D1_calibrated_bias,train_6bba_t55_p10_isolated,train,isolated,0.05117420852184296,0.1008041575551033,0.0020994432270526886,0.7882948517799377,0.008222196251153946,0.011114118620753288,0.1511533558368683,0.7987213134765625,0.0,0.4591217637062073,0.44090595841407776,0.13149826228618622,0.722351610660553,0.04859044402837753,0.010997206903994083,0.0020994432270526886,0.7882948517799377
variant_D1_calibrated_bias,train_44b6_t55_p01_isolated,train,isolated,0.05142883211374283,0.10256826132535934,0.003434498328715563,0.7989793419837952,0.00797109305858612,0.01110759750008583,0.15292420983314514,0.8017654418945312,0.0,0.47852009534835815,0.4875697195529938,0.21984688937664032,0.6986482739448547,0.04964282736182213,0.011051117442548275,0.003434498328715563,0.7989793419837952
variant_D1_calibrated_bias,train_44b6_t45_p02_isolated,train,isolated,0.05138673633337021,0.10134121775627136,0.0022176585625857115,0.7814597487449646,0.008077547885477543,0.011169791221618652,0.15686947107315063,0.802825927734375,0.0,0.5046952366828918,0.49466848373413086,0.20557285845279694,0.7482768893241882,0.04932710528373718,0.011125014163553715,0.0022176585625857115,0.7814597487449646
variant_D1_calibrated_bias,train_44b6_t15_p03_isolated,train,isolated,0.05148377642035484,0.10105065256357193,0.002830174984410405,0.7563205361366272,0.008065246976912022,0.011263197287917137,0.1579848676919937,0.8019332885742188,0.0,0.37412530183792114,0.3763622045516968,0.10549934953451157,0.6071955561637878,0.05063462257385254,0.011219719424843788,0.002830174984410405,0.7563205361366272
variant_D1_calibrated_bias,train_44b6_t45_p04_crowded,train,crowded,0.05164610967040062,0.10253766179084778,0.00339930085465312,0.8351081609725952,0.0079527972266078,0.01116468571126461,0.15799321234226227,0.80230712890625,0.0,0.4801079332828522,0.4804941415786743,0.16581760346889496,0.7526699900627136,0.0466671958565712,0.011078134179115295,0.00339930085465312,0.8351081609725952
variant_D1_calibrated_bias,train_44b6_t15_p05_crowded,train,crowded,0.051797643303871155,0.10337662696838379,0.0030975155532360077,0.791759192943573,0.00813728105276823,0.011330043897032738,0.15709610283374786,0.8040847778320312,0.0,0.4429265260696411,0.4200438857078552,0.1648212969303131,0.7832406163215637,0.049337051808834076,0.011244247667491436,0.0030975155532360077,0.791759192943573
variant_D1_calibrated_bias,train_44b6_t25_p06_crowded,train,crowded,0.052281543612480164,0.1076214462518692,0.0033949450589716434,0.8153213858604431,0.008247926831245422,0.011106854304671288,0.1524045765399933,0.8112030029296875,0.0,0.503582239151001,0.5118080377578735,0.04471816122531891,0.7890058755874634,0.04627196863293648,0.011014619842171669,0.0033949450589716434,0.8153213858604431
variant_D1_calibrated_bias,train_44b6_t15_p07_crowded,train,crowded,0.05112369358539581,0.09920500218868256,0.0030577019788324833,0.742949366569519,0.007911532185971737,0.011218134313821793,0.15757691860198975,0.7988357543945312,0.0,0.4024626910686493,0.401913046836853,0.07279518246650696,0.7173382639884949,0.049036264419555664,0.011136423796415329,0.0030577019788324833,0.742949366569519
variant_D1_calibrated_bias,train_44b6_t25_p08_isolated,train,isolated,0.05163666978478432,0.10345520824193954,0.0033518027048557997,0.8048909306526184,0.008125999011099339,0.011147908866405487,0.15665026009082794,0.804046630859375,0.0,0.48924052715301514,0.47826164960861206,0.22263497114181519,0.7571945190429688,0.049552615731954575,0.011102954857051373,0.0033518027048557997,0.8002939820289612
variant_D1_calibrated_bias,train_44b6_t55_p09_boundary,train,boundary,0.051312405616045,0.10142786800861359,0.002431417116895318,0.797664999961853,0.008015367202460766,0.011195797473192215,0.15386933088302612,0.800750732421875,0.0,0.4619579017162323,0.4529057443141937,0.17321588099002838,0.7497187852859497,0.049435798078775406,0.011124106124043465,0.002431417116895318,0.797664999961853
variant_D1_calibrated_bias,train_44b6_t55_p10_boundary,train,boundary,0.05155450105667114,0.10247005522251129,0.0034542535431683064,0.8006722331047058,0.008104960434138775,0.01130522508174181,0.15656134486198425,0.8026504516601562,0.0,0.5045817494392395,0.5045733451843262,0.22200100123882294,0.8006722331047058,0.049607276916503906,0.011266721412539482,0.0034542535431683064,0.7442681789398193
variant_D1_calibrated_bias,inner_val_6bba_t70_p01_zero_annotation,inner_val,zero_annotation,0.05067622661590576,0.10411513596773148,0.004490721970796585,0.9667724370956421,0.008127430453896523,0.01074243150651455,0.13598361611366272,0.7847366333007812,0.0002288818359375,,,,,0.05067622661590576,0.01074243150651455,0.004490721970796585,0.9667724370956421
variant_D1_calibrated_bias,inner_val_6bba_t90_p02_boundary,inner_val,boundary,0.05078612267971039,0.10587841272354126,0.001983265159651637,0.8438268303871155,0.008037986233830452,0.010646429844200611,0.12612564861774445,0.7915115356445312,0.0,0.4773103594779968,0.5286111831665039,0.11326976120471954,0.7560107707977295,0.047294553369283676,0.010589626617729664,0.001983265159651637,0.8344540596008301
variant_D1_calibrated_bias,inner_val_6bba_t70_p03_crowded,inner_val,crowded,0.05005384609103203,0.09102088212966919,0.0026790150441229343,0.6880410313606262,0.007602822966873646,0.010575514286756516,0.15911243855953217,0.7846145629882812,0.0,0.33976536989212036,0.3380332589149475,0.046380966901779175,0.6242316961288452,0.0411592461168766,0.010420415550470352,0.0026790150441229343,0.6880410313606262
variant_D1_calibrated_bias,inner_val_6bba_t70_p04_crowded,inner_val,crowded,0.05027720332145691,0.09284741431474686,0.0022850786335766315,0.8534256815910339,0.007774164900183678,0.01057986356317997,0.16119764745235443,0.7845458984375,0.0,0.3352419435977936,0.3353290557861328,0.06379400193691254,0.545916736125946,0.04714035987854004,0.010517284274101257,0.0022850786335766315,0.8534256815910339
variant_D1_calibrated_bias,inner_val_6bba_t90_p05_isolated,inner_val,isolated,0.05173236131668091,0.10128049552440643,0.0026382000651210546,0.801011860370636,0.008035896345973015,0.01084710843861103,0.16493628919124603,0.8017578125,0.0,0.4932924509048462,0.5224790573120117,0.26959866285324097,0.6599873304367065,0.04742756113409996,0.01081815268844366,0.0026382000651210546,0.801011860370636
variant_D1_calibrated_bias,inner_val_44b6_t80_p01_crowded,inner_val,crowded,0.05106717348098755,0.09806610643863678,0.0022865096107125282,0.7954424619674683,0.007852904498577118,0.010743288323283195,0.15899653732776642,0.7945480346679688,0.0,0.297903835773468,0.29098016023635864,0.047655507922172546,0.6010462641716003,0.04898740351200104,0.010659860447049141,0.0022865096107125282,0.7954424619674683
variant_D1_calibrated_bias,inner_val_44b6_t80_p02_zero_annotation,inner_val,zero_annotation,0.05226561799645424,0.11080247163772583,0.0027450600173324347,0.851423978805542,0.00829244777560234,0.011482669040560722,0.14561857283115387,0.8155288696289062,0.0,,,,,0.05226561799645424,0.011482669040560722,0.0027450600173324347,0.851423978805542
variant_D1_calibrated_bias,inner_val_44b6_t70_p03_isolated,inner_val,isolated,0.05082940682768822,0.09684813022613525,0.0028328178450465202,0.7541763782501221,0.007950341328978539,0.010943317785859108,0.16001521050930023,0.7949600219726562,0.0,0.385529100894928,0.38019534945487976,0.10254044085741043,0.6648262143135071,0.04956195503473282,0.010909534059464931,0.0028328178450465202,0.7541763782501221
variant_D1_calibrated_bias,inner_val_44b6_t90_p04_crowded,inner_val,crowded,0.050754696130752563,0.09533252567052841,0.0021101415622979403,0.7329012751579285,0.007903057150542736,0.010905301198363304,0.16158771514892578,0.7933883666992188,0.0,0.32844793796539307,0.3157089948654175,0.08378186076879501,0.6807313561439514,0.0482669398188591,0.01081202831119299,0.0021101415622979403,0.7329012751579285
variant_D1_calibrated_bias,inner_val_44b6_t70_p05_boundary,inner_val,boundary,0.05124693363904953,0.09869825094938278,0.0031116222962737083,0.7820889353752136,0.008124526590108871,0.011276712641119957,0.16397909820079803,0.79949951171875,0.0,0.5106440782546997,0.5175405740737915,0.1672588288784027,0.7559905052185059,0.04897300899028778,0.011235273443162441,0.0031116222962737083,0.7820889353752136
variant_D1_calibrated_bias,held_out_val_6bba_t50_p01_zero_annotation,held_out_val,zero_annotation,0.04991873353719711,0.08657007664442062,0.003048923099413514,0.742258608341217,0.008038054220378399,0.010348990559577942,0.1718224138021469,0.7799606323242188,0.0,,,,,0.04991873353719711,0.010348990559577942,0.003048923099413514,0.742258608341217
variant_D1_calibrated_bias,held_out_val_6bba_t75_p02_isolated,held_out_val,isolated,0.051587168127298355,0.09990958124399185,0.0027852735947817564,0.797612190246582,0.008498321287333965,0.011473346501588821,0.1683771312236786,0.8025054931640625,0.0,0.4008607268333435,0.4568515717983246,0.024045085534453392,0.6879340410232544,0.04739215224981308,0.011428698897361755,0.0027852735947817564,0.797612190246582
variant_D1_calibrated_bias,held_out_val_6bba_t25_p03_isolated,held_out_val,isolated,0.050436098128557205,0.09065349400043488,0.00277316034771502,0.7519580125808716,0.0077338372357189655,0.01107010617852211,0.1767144501209259,0.7899627685546875,0.0,0.23409293591976166,0.2346009612083435,0.026676712557673454,0.44417598843574524,0.04735296219587326,0.011014983057975769,0.00277316034771502,0.7519580125808716
variant_D1_calibrated_bias,held_out_val_6bba_t75_p04_boundary,held_out_val,boundary,0.050054244697093964,0.08955062180757523,0.0007828808738850057,0.7823554873466492,0.00806114636361599,0.01097584143280983,0.1744142323732376,0.7886276245117188,0.0,0.31679582595825195,0.3164409399032593,0.21468612551689148,0.40793249011039734,0.04635772481560707,0.010949218645691872,0.0007828808738850057,0.7823554873466492
variant_D1_calibrated_bias,held_out_val_6bba_t25_p05_crowded,held_out_val,crowded,0.050187017768621445,0.088856540620327,0.002624821849167347,0.7625448703765869,0.007833437994122505,0.011185754090547562,0.1797552853822708,0.7878875732421875,0.0,0.2685374617576599,0.2836068272590637,0.021050117909908295,0.5137788653373718,0.044014450162649155,0.011071210727095604,0.002646378008648753,0.7625448703765869
variant_D1_calibrated_bias,held_out_val_6bba_t50_p06_crowded,held_out_val,crowded,0.050836239010095596,0.09014251083135605,0.0026192849036306143,0.6209120750427246,0.008038179948925972,0.01147606410086155,0.188734233379364,0.7946395874023438,0.0,0.2827976942062378,0.2839847803115845,0.14473767578601837,0.4125215411186218,0.04523738846182823,0.011407429352402687,0.0026192849036306143,0.6209120750427246
variant_D2_tail_calibrated,train_6bba_t45_p01_crowded,train,crowded,0.47964343428611755,0.23144015669822693,0.013255019672214985,0.9239151477813721,0.12516529858112335,0.5687190294265747,0.7295404672622681,0.00920867919921875,0.0,0.25962212681770325,0.208724707365036,0.05300677940249443,0.8379929661750793,0.4922601580619812,0.5825744271278381,0.013255019672214985,0.9239151477813721
variant_D2_tail_calibrated,train_6bba_t15_p02_crowded,train,crowded,0.47544175386428833,0.233882874250412,0.015497376210987568,0.8979589939117432,0.13429586589336395,0.542273759841919,0.7266391515731812,0.00567626953125,0.0,0.26875361800193787,0.22089508175849915,0.05316457152366638,0.8165304064750671,0.48762330412864685,0.5632355213165283,0.019706403836607933,0.8979589939117432
variant_D2_tail_calibrated,train_6bba_t55_p03_boundary,train,boundary,0.4815506339073181,0.2313210666179657,0.008735047653317451,0.8589783906936646,0.12015911936759949,0.583624005317688,0.7075546979904175,0.013763427734375,0.0,0.25200948119163513,0.21206264197826385,0.04328057914972305,0.7404831647872925,0.48687246441841125,0.5906562209129333,0.008735047653317451,0.8589783906936646
variant_D2_tail_calibrated,train_6bba_t35_p04_boundary,train,boundary,0.49330049753189087,0.21919552981853485,0.001422619796358049,0.8877962827682495,0.1121773049235344,0.6126478314399719,0.6780389547348022,0.03897857666015625,0.0,0.31659358739852905,0.2232460230588913,0.0321112684905529,0.8851088881492615,0.4970593750476837,0.6143399477005005,0.001422619796358049,0.8877962827682495
variant_D2_tail_calibrated,train_6bba_t25_p05_crowded,train,crowded,0.47487908601760864,0.2340310961008072,0.018101094290614128,0.8782497644424438,0.13409879803657532,0.539697527885437,0.7322116494178772,0.00380706787109375,0.0,0.2998001277446747,0.2348272204399109,0.06926187872886658,0.8482761383056641,0.4838249087333679,0.5543339848518372,0.018101094290614128,0.8782497644424438
variant_D2_tail_calibrated,train_6bba_t15_p06_crowded,train,crowded,0.48549604415893555,0.226506769657135,0.005261223763227463,0.9272416830062866,0.11554701626300812,0.5818220973014832,0.7019631266593933,0.0223846435546875,0.0,0.2836898863315582,0.2270764857530594,0.06283961236476898,0.8523433208465576,0.49159663915634155,0.5907112956047058,0.005261223763227463,0.9272416830062866
variant_D2_tail_calibrated,train_6bba_t15_p07_isolated,train,isolated,0.4787093997001648,0.23235099017620087,0.010954300872981548,0.9082617163658142,0.12638571858406067,0.5595550537109375,0.7151718139648438,0.01031494140625,0.0,0.30457359552383423,0.2471923828125,0.0582771822810173,0.9082617163658142,0.48391616344451904,0.5700074434280396,0.010954300872981548,0.8881959915161133
variant_D2_tail_calibrated,train_6bba_t15_p08_isolated,train,isolated,0.48071062564849854,0.2295125424861908,0.008095460943877697,0.8867247700691223,0.12495206296443939,0.5630049705505371,0.7253129482269287,0.0132293701171875,0.0,0.33891561627388,0.2722166180610657,0.0629042387008667,0.8867247700691223,0.48543718457221985,0.5681371688842773,0.008095460943877697,0.8652715682983398
variant_D2_tail_calibrated,train_6bba_t45_p09_isolated,train,isolated,0.4885203540325165,0.2207069844007492,0.0025116545148193836,0.9127498865127563,0.1184278130531311,0.5826665163040161,0.6978127956390381,0.03235626220703125,0.0,0.19838598370552063,0.17941977083683014,0.03519858419895172,0.47658511996269226,0.4945918917655945,0.5882967710494995,0.0025116545148193836,0.9127498865127563
variant_D2_tail_calibrated,train_6bba_t55_p10_isolated,train,isolated,0.4862591624259949,0.2221022993326187,0.006750249769538641,0.9149816036224365,0.11645489931106567,0.5655367374420166,0.7238994836807251,0.02497100830078125,0.0,0.2948356568813324,0.19496020674705505,0.04749153181910515,0.9014784693717957,0.4926146864891052,0.5700497627258301,0.006750249769538641,0.9149816036224365
variant_D2_tail_calibrated,train_44b6_t55_p01_isolated,train,isolated,0.4826316237449646,0.2270839661359787,0.005395109299570322,0.8941313624382019,0.12254226207733154,0.5728022456169128,0.7145288586616516,0.01734161376953125,0.0,0.253317654132843,0.19440957903862,0.030651366338133812,0.8574579358100891,0.48621508479118347,0.5769059062004089,0.005395109299570322,0.8941313624382019
variant_D2_tail_calibrated,train_44b6_t45_p02_isolated,train,isolated,0.48582595586776733,0.22353054583072662,0.0017681403551250696,0.9385061264038086,0.12129668891429901,0.5847232341766357,0.69780033826828,0.02350616455078125,0.0,0.2503969669342041,0.17913098633289337,0.04622101038694382,0.8281666040420532,0.4892160892486572,0.588154673576355,0.0017681403551250696,0.9385061264038086
variant_D2_tail_calibrated,train_44b6_t15_p03_isolated,train,isolated,0.48335856199264526,0.22535304725170135,0.006110331043601036,0.9079850912094116,0.12315060943365097,0.5658817291259766,0.7197161912918091,0.01944732666015625,0.0,0.1865881234407425,0.16191759705543518,0.07835100591182709,0.5090339779853821,0.4858493208885193,0.5687633156776428,0.006110331043601036,0.9079850912094116
variant_D2_tail_calibrated,train_44b6_t45_p04_crowded,train,crowded,0.48546525835990906,0.22709974646568298,0.005161745473742485,0.9190213084220886,0.11527981609106064,0.590237021446228,0.6993058919906616,0.02321624755859375,0.0,0.28005409240722656,0.21594356000423431,0.028679383918642998,0.9190213084220886,0.49625515937805176,0.6023305654525757,0.005161745473742485,0.8632421493530273
variant_D2_tail_calibrated,train_44b6_t15_p05_crowded,train,crowded,0.483231782913208,0.22624656558036804,0.008737963624298573,0.8921709656715393,0.12048602849245071,0.5675997734069824,0.7168031930923462,0.0189361572265625,0.0,0.22265245020389557,0.16742342710494995,0.021627262234687805,0.8371542692184448,0.4892396330833435,0.5735346078872681,0.009489580057561398,0.8921709656715393
variant_D2_tail_calibrated,train_44b6_t25_p06_crowded,train,crowded,0.4847756326198578,0.22424882650375366,0.004983203485608101,0.9059937596321106,0.1195610985159874,0.5716650485992432,0.712517499923706,0.02443695068359375,0.0,0.27294790744781494,0.21289627254009247,0.0287462268024683,0.8889635801315308,0.49549511075019836,0.5819968581199646,0.007111876737326384,0.9059937596321106
variant_D2_tail_calibrated,train_44b6_t15_p07_crowded,train,crowded,0.4839267432689667,0.22703266143798828,0.008873706683516502,0.9136010408401489,0.12061164528131485,0.5835701823234558,0.7085277438163757,0.01857757568359375,0.0,0.19436517357826233,0.17029806971549988,0.03276684135198593,0.748062014579773,0.48883259296417236,0.5900634527206421,0.008873706683516502,0.9136010408401489
variant_D2_tail_calibrated,train_44b6_t25_p08_isolated,train,isolated,0.48516154289245605,0.22559629380702972,0.0077770184725522995,0.9249975085258484,0.11895629018545151,0.5875779390335083,0.7006212472915649,0.02249908447265625,0.0,0.24664288759231567,0.17971642315387726,0.03757742792367935,0.8698037266731262,0.4893192946910858,0.5918959975242615,0.0077770184725522995,0.9249975085258484
variant_D2_tail_calibrated,train_44b6_t55_p09_boundary,train,boundary,0.4839695990085602,0.22650514543056488,0.0069049266166985035,0.8919425010681152,0.11949512362480164,0.5790395736694336,0.713645339012146,0.01873779296875,0.0,0.33149686455726624,0.2526310086250305,0.05436530336737633,0.8753921389579773,0.488202840089798,0.5835248827934265,0.0069049266166985035,0.8919425010681152
variant_D2_tail_calibrated,train_44b6_t55_p10_boundary,train,boundary,0.4851524829864502,0.2255164533853531,0.0056235576048493385,0.907638669013977,0.11941707879304886,0.5867828130722046,0.7001209855079651,0.02136993408203125,0.0,0.2648065686225891,0.19485101103782654,0.0349312424659729,0.9018046855926514,0.489143043756485,0.5910528898239136,0.0056235576048493385,0.907638669013977
variant_D2_tail_calibrated,inner_val_6bba_t70_p01_zero_annotation,inner_val,zero_annotation,0.49588248133659363,0.2081533968448639,0.00011617950804065913,0.8444929122924805,0.1331174224615097,0.5880123376846313,0.68085116147995,0.03696441650390625,0.0,,,,,0.49588248133659363,0.5880123376846313,0.00011617950804065913,0.8444929122924805
variant_D2_tail_calibrated,inner_val_6bba_t90_p02_boundary,inner_val,boundary,0.49060940742492676,0.2151399403810501,0.0026750534307211637,0.9440277814865112,0.12055676430463791,0.5586344003677368,0.7043532133102417,0.03743743896484375,0.0,0.22925278544425964,0.20845085382461548,0.018018487840890884,0.7560813426971436,0.49767959117889404,0.5636436939239502,0.0030763817485421896,0.9440277814865112
variant_D2_tail_calibrated,inner_val_6bba_t70_p03_crowded,inner_val,crowded,0.4805191159248352,0.23141002655029297,0.015519201755523682,0.9407202005386353,0.12191594392061234,0.570705235004425,0.7146869897842407,0.01100921630859375,0.0,0.21246756613254547,0.1918046474456787,0.023632332682609558,0.5929600596427917,0.5012984275817871,0.5996875762939453,0.015519201755523682,0.9407202005386353
variant_D2_tail_calibrated,inner_val_6bba_t70_p04_crowded,inner_val,crowded,0.4836900234222412,0.2297472506761551,0.009081969037652016,0.8665566444396973,0.11712471395730972,0.5924797058105469,0.7030290365219116,0.0193634033203125,0.0,0.20382045209407806,0.1725464165210724,0.013486090116202831,0.6121625900268555,0.4935201406478882,0.6032512784004211,0.009081969037652016,0.8665566444396973
variant_D2_tail_calibrated,inner_val_6bba_t90_p05_isolated,inner_val,isolated,0.4880838990211487,0.22568508982658386,0.004717095289379358,0.9097948670387268,0.11051812022924423,0.612082302570343,0.6879244446754456,0.02863311767578125,0.0,0.2368125468492508,0.19207912683486938,0.052668869495391846,0.666028618812561,0.49266427755355835,0.6170880794525146,0.004717095289379358,0.9097948670387268
variant_D2_tail_calibrated,inner_val_44b6_t80_p01_crowded,inner_val,crowded,0.4816335439682007,0.22753390669822693,0.005590108223259449,0.873090922832489,0.12532047927379608,0.5611181259155273,0.7251297235488892,0.017486572265625,0.0,0.16217125952243805,0.1381981074810028,0.030001141130924225,0.5824152231216431,0.4887455701828003,0.5689692497253418,0.005590108223259449,0.873090922832489
variant_D2_tail_calibrated,inner_val_44b6_t80_p02_zero_annotation,inner_val,zero_annotation,0.48858797550201416,0.22145624458789825,0.005326543468981981,0.9325296878814697,0.1144503802061081,0.5892966985702515,0.6920672059059143,0.02796173095703125,0.0,,,,,0.48858797550201416,0.5892966985702515,0.005326543468981981,0.9325296878814697
variant_D2_tail_calibrated,inner_val_44b6_t70_p03_isolated,inner_val,isolated,0.4837322235107422,0.22630859911441803,0.005141598638147116,0.9269828200340271,0.12264268845319748,0.5844645500183105,0.704754650592804,0.0186004638671875,0.0,0.2061537206172943,0.16837623715400696,0.05759250372648239,0.6439832448959351,0.48712652921676636,0.5882092714309692,0.005141598638147116,0.9269828200340271
variant_D2_tail_calibrated,inner_val_44b6_t90_p04_crowded,inner_val,crowded,0.48211678862571716,0.2270602434873581,0.006853212136775255,0.9150289297103882,0.1235080435872078,0.5671278834342957,0.7244038581848145,0.01743316650390625,0.0,0.21717381477355957,0.18037712574005127,0.024866944178938866,0.7998160719871521,0.48979809880256653,0.5750128626823425,0.006853212136775255,0.9150289297103882
variant_D2_tail_calibrated,inner_val_44b6_t70_p05_boundary,inner_val,boundary,0.48453420400619507,0.22553284466266632,0.006066313479095697,0.9164868593215942,0.12099993973970413,0.5822594165802002,0.7092890739440918,0.021728515625,0.0,0.26398366689682007,0.21723401546478271,0.05633155256509781,0.8114467859268188,0.48827794194221497,0.5862988233566284,0.006066313479095697,0.9164868593215942
variant_D2_tail_calibrated,held_out_val_6bba_t50_p01_zero_annotation,held_out_val,zero_annotation,0.480737566947937,0.2276899367570877,0.010373779572546482,0.9085776805877686,0.12350767850875854,0.5587161779403687,0.7285991907119751,0.00858306884765625,0.0,,,,,0.480737566947937,0.5587161779403687,0.010373779572546482,0.9085776805877686
variant_D2_tail_calibrated,held_out_val_6bba_t75_p02_isolated,held_out_val,isolated,0.495063841342926,0.20749787986278534,0.0017110833432525396,0.980554461479187,0.12733162939548492,0.5805302858352661,0.6785658001899719,0.04067230224609375,0.0005035400390625,0.13695557415485382,0.1128067672252655,0.004531065933406353,0.44417086243629456,0.5017363429069519,0.5844677090644836,0.001788212452083826,0.980554461479187
variant_D2_tail_calibrated,held_out_val_6bba_t25_p03_isolated,held_out_val,isolated,0.4836062788963318,0.22880762815475464,0.008299616165459156,0.9264324903488159,0.12109509855508804,0.5884017944335938,0.7015054821968079,0.017669677734375,0.0,0.16121838986873627,0.1361655443906784,0.03366272523999214,0.394354909658432,0.48783060908317566,0.5932664275169373,0.008299616165459156,0.9264324903488159
variant_D2_tail_calibrated,held_out_val_6bba_t75_p04_boundary,held_out_val,boundary,0.4906430244445801,0.22066229581832886,0.0003901149029843509,0.9334330558776855,0.11568380892276764,0.606877863407135,0.680932879447937,0.03028106689453125,0.0,0.17199620604515076,0.1668783575296402,0.04637136310338974,0.5569289922714233,0.4948085844516754,0.6104680895805359,0.0003901149029843509,0.9334330558776855
variant_D2_tail_calibrated,held_out_val_6bba_t25_p05_crowded,held_out_val,crowded,0.4875028431415558,0.22464874386787415,0.002875757170841098,0.9517356753349304,0.11910058557987213,0.5994250774383545,0.6888790130615234,0.02677154541015625,7.62939453125e-06,0.20866844058036804,0.17816230654716492,0.0032519828528165817,0.7929696440696716,0.5028835535049438,0.6124207973480225,0.007822376675903797,0.9517356753349304
variant_D2_tail_calibrated,held_out_val_6bba_t50_p06_crowded,held_out_val,crowded,0.49106255173683167,0.22144626080989838,0.0005298505420796573,0.9311648607254028,0.11248429119586945,0.6071004867553711,0.6830325126647949,0.03326416015625,0.0,0.24058081209659576,0.2248695194721222,0.05616087466478348,0.5774894952774048,0.4993734657764435,0.6143514513969421,0.0005298505420796573,0.9311648607254028
