sample_id,t,node_count,edge_out_count,edge_in_count,z_mean,y_mean,x_mean,nn_dist_min_um,nn_dist_med_um
6bba_43fea39d,0,7,7,0,42.29,141.43,130.43,20.59,26.56
6bba_43fea39d,1,8,8,7,44.25,133.0,144.12,21.41,29.94
6bba_43fea39d,2,9,9,8,45.67,136.0,133.89,20.12,27.07
6bba_43fea39d,3,10,10,9,43.1,133.3,141.7,18.32,21.74
6bba_43fea39d,4,10,10,10,43.1,133.3,141.7,18.32,21.74
6bba_43fea39d,5,10,10,10,42.5,133.2,138.7,16.9,22.68
6bba_43fea39d,6,10,10,10,42.0,133.9,137.3,18.34,21.27
6bba_43fea39d,7,11,11,10,42.64,132.45,141.45,18.69,19.89
6bba_43fea39d,8,12,12,11,41.42,135.5,132.08,12.9,20.94
6bba_43fea39d,9,12,12,12,40.83,136.33,131.83,13.13,20.17
6bba_43fea39d,10,12,12,12,40.08,135.67,132.17,14.5,20.49
6bba_43fea39d,11,12,12,12,39.42,135.25,130.92,15.08,19.57
6bba_43fea39d,12,12,12,12,38.33,135.42,132.5,15.17,20.3
6bba_43fea39d,13,12,11,12,37.5,135.5,132.33,13.33,19.93
6bba_43fea39d,14,11,11,11,34.64,139.64,122.36,15.57,18.59
6bba_43fea39d,15,12,12,11,35.25,141.08,121.58,13.84,19.06
6bba_43fea39d,16,12,12,12,34.75,141.17,122.25,13.66,18.13
6bba_43fea39d,17,12,12,12,34.75,141.17,122.25,13.66,18.13
6bba_43fea39d,18,14,13,12,35.57,134.07,125.43,13.16,17.54
6bba_43fea39d,19,13,13,13,34.0,132.38,136.38,12.98,16.7
6bba_43fea39d,20,14,14,13,34.86,125.07,144.29,14.01,17.76
6bba_43fea39d,21,14,14,14,34.0,124.86,145.36,12.54,16.99
6bba_43fea39d,22,14,11,14,34.0,124.86,145.43,12.54,16.86
6bba_43fea39d,23,12,11,11,29.92,127.17,141.67,7.05,21.45
6bba_43fea39d,24,11,11,11,31.73,131.0,132.36,11.09,27.02
6bba_43fea39d,25,12,10,11,32.83,131.75,128.08,11.68,22.06
6bba_43fea39d,26,10,10,10,34.7,127.8,135.1,10.69,24.28
6bba_43fea39d,27,10,10,10,32.4,128.3,134.1,10.29,26.47
6bba_43fea39d,28,10,10,10,31.0,128.4,132.9,8.53,27.8
6bba_43fea39d,29,11,10,10,32.27,125.27,134.55,8.79,31.39
6bba_43fea39d,30,11,11,10,34.18,130.64,115.09,10.05,25.05
6bba_43fea39d,31,11,11,11,32.45,130.64,114.45,8.22,25.75
6bba_43fea39d,32,11,11,11,31.45,131.0,115.09,11.78,26.16
6bba_43fea39d,33,12,11,11,30.58,132.33,110.92,10.16,24.38
6bba_43fea39d,34,11,11,11,32.09,134.18,106.0,9.72,23.63
6bba_43fea39d,35,11,11,11,30.73,134.64,105.91,6.94,25.0
6bba_43fea39d,36,11,11,11,28.45,135.27,106.36,10.16,25.2
6bba_43fea39d,37,11,11,11,26.91,137.18,104.36,7.8,24.79
6bba_43fea39d,38,11,10,11,25.55,137.73,104.73,6.56,24.34
6bba_43fea39d,39,10,9,10,24.9,134.7,111.9,21.29,27.13
6bba_43fea39d,40,9,9,9,25.78,129.78,119.78,24.33,32.56
6bba_43fea39d,41,10,10,9,28.1,127.3,114.2,21.09,29.89
6bba_43fea39d,42,11,9,10,25.82,132.73,109.45,14.68,23.52
6bba_43fea39d,43,9,9,9,29.78,127.89,120.44,15.86,23.71
6bba_43fea39d,44,9,8,9,29.56,128.0,120.44,17.05,24.14
6bba_43fea39d,45,9,9,8,30.33,119.56,138.0,16.48,27.82
6bba_43fea39d,46,9,9,9,30.33,119.56,138.0,16.48,27.82
6bba_43fea39d,47,9,9,9,30.33,119.56,138.0,16.48,27.82
6bba_43fea39d,48,9,5,9,30.33,119.56,138.0,16.48,27.82
6bba_43fea39d,49,6,6,5,37.0,110.0,151.0,30.92,31.26
6bba_43fea39d,50,8,8,6,31.25,123.5,124.38,23.01,31.07
6bba_43fea39d,51,8,8,8,30.88,123.62,123.0,20.12,31.89
6bba_43fea39d,52,8,8,8,30.88,123.62,123.0,20.12,31.89
6bba_43fea39d,53,8,8,8,30.5,124.0,119.12,22.33,33.32
6bba_43fea39d,54,8,8,8,30.88,123.75,117.88,19.68,33.17
6bba_43fea39d,55,8,8,8,31.38,122.88,116.25,20.89,33.3
6bba_43fea39d,56,8,8,8,31.0,120.88,114.88,24.31,32.89
6bba_43fea39d,57,8,8,8,30.88,121.0,114.12,24.27,33.31
6bba_43fea39d,58,8,8,8,31.0,121.5,111.62,20.83,33.35
6bba_43fea39d,59,8,8,8,31.62,120.62,112.25,19.11,32.62
6bba_43fea39d,60,8,8,8,31.62,120.62,112.25,19.11,32.62
6bba_43fea39d,61,9,9,8,27.89,119.22,118.22,20.89,30.1
6bba_43fea39d,62,9,9,9,27.89,118.89,115.89,22.46,28.13
6bba_43fea39d,63,9,9,9,28.22,118.89,114.33,22.23,27.99
6bba_43fea39d,64,9,8,9,28.22,118.89,114.33,22.23,27.99
6bba_43fea39d,65,8,8,8,27.5,113.38,120.0,21.91,31.0
6bba_43fea39d,66,9,9,8,29.44,106.11,133.22,21.44,29.43
6bba_43fea39d,67,9,9,9,29.67,106.44,132.33,20.3,29.86
6bba_43fea39d,68,9,9,9,30.56,107.22,129.22,21.84,29.62
6bba_43fea39d,69,9,8,9,30.56,107.22,129.22,21.84,29.62
6bba_43fea39d,70,8,8,8,26.62,107.88,139.5,20.51,27.53
6bba_43fea39d,71,8,8,8,26.88,107.12,137.75,17.25,27.44
6bba_43fea39d,72,8,8,8,27.38,107.25,135.88,17.14,27.67
6bba_43fea39d,73,8,8,8,27.5,105.75,133.25,17.34,27.17
6bba_43fea39d,74,8,7,8,27.12,106.75,129.5,23.86,26.36
6bba_43fea39d,75,7,7,7,30.71,98.86,146.14,25.75,30.21
6bba_43fea39d,76,7,7,7,30.71,98.86,146.14,25.75,30.21
6bba_43fea39d,77,7,7,7,32.29,97.0,135.71,24.81,29.86
6bba_43fea39d,78,7,7,7,32.57,98.0,133.29,24.68,31.38
6bba_43fea39d,79,7,7,7,32.43,99.43,131.57,23.95,32.31
6bba_43fea39d,80,7,7,7,32.57,98.86,129.71,24.29,31.16
6bba_43fea39d,81,7,7,7,32.43,100.14,126.29,25.33,32.8
6bba_43fea39d,82,7,7,7,33.14,100.29,125.71,25.57,32.99
6bba_43fea39d,83,7,7,7,33.29,101.14,123.86,25.15,32.65
6bba_43fea39d,84,7,7,7,33.29,101.71,122.29,26.36,34.59
6bba_43fea39d,85,7,7,7,33.71,101.71,120.29,26.99,35.64
6bba_43fea39d,86,7,6,7,34.0,102.29,117.43,26.7,34.57
6bba_43fea39d,87,6,6,6,36.33,95.83,132.5,27.24,35.33
6bba_43fea39d,88,7,6,6,37.43,89.29,143.71,27.88,36.16
6bba_43fea39d,89,6,6,6,34.33,91.17,149.5,29.54,37.52
6bba_43fea39d,90,6,6,6,35.0,91.33,148.83,29.73,37.34
6bba_43fea39d,91,6,6,6,35.67,90.83,146.0,28.89,37.88
6bba_43fea39d,92,6,6,6,36.17,91.67,145.67,28.96,36.49
6bba_43fea39d,93,6,6,6,36.67,91.33,144.5,28.81,35.91
6bba_43fea39d,94,6,6,6,38.0,90.17,142.0,28.89,36.17
6bba_43fea39d,95,6,6,6,38.33,89.33,140.17,29.59,36.26
6bba_43fea39d,96,6,6,6,39.0,89.33,136.83,29.59,36.6
6bba_43fea39d,97,6,6,6,39.0,89.17,135.67,29.91,36.6
6bba_43fea39d,98,6,6,6,40.0,89.5,130.67,28.5,37.06
6bba_43fea39d,99,6,0,6,40.5,89.67,129.17,27.1,35.64
6bba_bb9f20c3,4,16,16,0,23.19,147.25,89.81,8.53,15.87
6bba_bb9f20c3,5,16,16,16,23.0,146.94,89.62,9.9,16.98
6bba_bb9f20c3,6,16,16,16,23.0,146.94,89.62,9.9,16.98
6bba_bb9f20c3,7,16,16,16,22.31,146.38,93.06,10.61,17.77
6bba_bb9f20c3,8,16,16,16,22.06,146.88,95.81,9.72,17.95
6bba_bb9f20c3,9,17,17,16,22.12,152.53,93.0,8.84,18.44
6bba_bb9f20c3,10,19,19,17,22.21,162.68,92.37,7.32,17.58
6bba_bb9f20c3,11,19,19,19,21.84,165.42,93.63,7.8,18.11
6bba_bb9f20c3,12,19,19,19,21.42,165.68,93.63,8.34,17.11
6bba_bb9f20c3,13,22,22,19,21.05,165.5,98.95,7.18,16.98
6bba_bb9f20c3,14,22,21,22,21.05,165.5,98.95,7.18,16.98
6bba_bb9f20c3,15,24,24,21,22.83,154.42,93.83,6.66,18.43
6bba_bb9f20c3,16,24,24,24,22.88,154.17,94.04,6.82,18.6
6bba_bb9f20c3,17,24,24,24,22.67,154.75,95.25,6.4,18.02
6bba_bb9f20c3,18,24,23,24,22.67,154.75,95.25,6.4,18.02
6bba_bb9f20c3,19,24,23,23,23.46,151.92,90.21,7.45,18.57
6bba_bb9f20c3,20,23,23,23,22.65,147.7,96.0,8.8,19.32
6bba_bb9f20c3,21,24,23,23,23.71,143.62,93.5,8.64,19.2
6bba_bb9f20c3,22,23,23,23,23.35,140.87,92.87,9.77,19.11
6bba_bb9f20c3,23,23,20,23,23.35,140.87,92.87,9.77,19.11
6bba_bb9f20c3,24,21,21,20,24.71,144.29,80.0,10.12,18.87
6bba_bb9f20c3,25,21,21,21,24.43,145.43,82.24,11.49,18.76
6bba_bb9f20c3,26,21,21,21,24.24,146.29,84.0,12.25,18.55
6bba_bb9f20c3,27,21,20,21,23.86,146.57,86.43,11.78,17.47
6bba_bb9f20c3,28,21,21,20,25.0,140.38,85.38,10.82,17.06
6bba_bb9f20c3,29,21,21,21,24.81,140.48,86.71,13.1,17.29
6bba_bb9f20c3,30,21,19,21,24.81,140.48,86.71,13.1,17.29
6bba_bb9f20c3,31,20,21,19,24.9,133.3,85.7,13.94,19.07
6bba_bb9f20c3,32,22,22,21,24.73,139.36,87.91,11.45,18.52
6bba_bb9f20c3,33,22,22,22,24.18,141.14,88.59,12.48,18.99
6bba_bb9f20c3,34,22,21,22,23.91,142.09,90.18,12.09,17.62
6bba_bb9f20c3,35,21,20,21,25.05,136.52,91.62,12.74,16.9
6bba_bb9f20c3,36,20,20,20,25.75,132.05,85.4,12.54,18.05
6bba_bb9f20c3,37,21,21,20,25.71,136.29,82.48,12.55,19.06
6bba_bb9f20c3,38,23,23,21,26.0,143.13,80.96,12.93,17.06
6bba_bb9f20c3,39,23,23,23,25.96,144.0,80.65,12.06,17.66
6bba_bb9f20c3,40,23,23,23,25.61,144.91,81.87,10.6,17.35
6bba_bb9f20c3,41,23,23,23,25.35,144.74,82.7,10.16,17.6
6bba_bb9f20c3,42,24,24,23,24.62,146.54,88.42,10.93,18.15
6bba_bb9f20c3,43,24,24,24,24.42,148.67,88.33,11.17,19.28
6bba_bb9f20c3,44,24,24,24,23.71,150.04,89.62,11.79,19.23
6bba_bb9f20c3,45,24,24,24,23.08,151.17,91.38,13.01,19.44
6bba_bb9f20c3,46,24,25,24,23.04,152.21,94.46,12.14,19.73
6bba_bb9f20c3,47,25,25,25,22.04,154.52,98.96,8.14,16.06
6bba_bb9f20c3,48,25,24,25,21.56,157.72,100.16,10.16,17.04
6bba_bb9f20c3,49,25,25,24,22.72,155.4,93.6,10.94,13.11
6bba_bb9f20c3,50,25,23,25,22.48,156.64,95.2,11.75,14.45
6bba_bb9f20c3,51,23,23,23,19.39,155.61,105.96,10.16,15.14
6bba_bb9f20c3,52,23,22,23,19.04,156.52,107.26,11.4,14.03
6bba_bb9f20c3,53,22,22,22,19.5,154.73,103.82,10.73,18.95
6bba_bb9f20c3,54,22,22,22,19.05,154.86,104.91,11.79,18.84
6bba_bb9f20c3,55,22,22,22,18.95,156.55,105.18,11.78,18.96
6bba_bb9f20c3,56,22,22,22,18.77,157.55,105.45,11.06,17.95
6bba_bb9f20c3,57,22,22,22,18.68,158.5,107.64,11.18,17.6
6bba_bb9f20c3,58,22,22,22,18.32,158.77,109.91,10.57,17.57
6bba_bb9f20c3,59,22,19,22,18.0,160.59,111.73,10.86,16.86
6bba_bb9f20c3,60,20,20,19,19.8,162.8,99.8,12.46,15.34
6bba_bb9f20c3,61,21,21,20,20.05,163.33,95.81,11.84,15.51
6bba_bb9f20c3,62,21,20,21,20.1,165.67,95.76,12.38,16.14
6bba_bb9f20c3,63,20,20,20,19.25,163.15,98.65,11.45,16.66
6bba_bb9f20c3,64,20,20,20,19.4,164.3,97.65,11.05,16.78
6bba_bb9f20c3,65,21,18,20,19.1,159.19,101.48,11.44,17.54
6bba_bb9f20c3,66,18,18,18,16.22,176.17,109.17,7.9,15.67
6bba_bb9f20c3,67,18,16,18,16.22,176.17,109.17,7.9,15.67
6bba_bb9f20c3,68,16,15,16,16.0,177.69,109.06,8.38,15.3
6bba_bb9f20c3,69,15,15,15,15.67,181.13,106.53,9.62,15.97
6bba_bb9f20c3,70,15,14,15,15.6,183.73,106.73,9.35,16.98
6bba_bb9f20c3,71,16,16,14,17.12,183.44,96.44,10.36,16.16
6bba_bb9f20c3,72,16,15,16,17.0,183.0,97.25,9.89,16.08
6bba_bb9f20c3,73,15,15,15,18.0,179.6,88.93,10.48,15.78
6bba_bb9f20c3,74,15,15,15,18.2,179.47,89.53,10.48,17.21
6bba_bb9f20c3,75,15,15,15,18.2,179.47,89.53,10.48,17.21
6bba_bb9f20c3,76,16,16,15,19.0,170.31,95.0,10.94,17.38
6bba_bb9f20c3,77,17,17,16,18.59,169.82,97.82,11.5,17.32
6bba_bb9f20c3,78,17,17,17,18.0,169.41,99.12,10.94,16.98
6bba_bb9f20c3,79,17,17,17,13.88,169.76,100.24,10.55,15.46
6bba_bb9f20c3,80,17,17,17,17.24,171.82,101.0,10.48,15.31
6bba_bb9f20c3,81,18,18,17,17.67,165.61,103.33,10.08,16.65
6bba_bb9f20c3,82,18,18,18,18.0,165.28,103.94,10.29,15.33
6bba_bb9f20c3,83,19,19,18,19.26,167.21,99.42,11.75,16.65
6bba_bb9f20c3,84,19,19,19,19.32,168.58,99.63,10.31,16.82
6bba_bb9f20c3,85,19,19,19,19.32,169.0,99.58,11.21,15.61
6bba_bb9f20c3,86,19,18,19,19.32,171.32,101.26,6.81,16.03
6bba_bb9f20c3,87,18,18,18,19.17,168.56,101.0,6.89,14.96
6bba_bb9f20c3,88,18,17,18,19.28,168.56,101.28,7.5,14.99
6bba_bb9f20c3,89,18,18,17,20.22,163.72,102.17,9.83,15.54
6bba_bb9f20c3,90,18,18,18,20.22,163.72,102.17,9.83,15.54
6bba_bb9f20c3,91,18,18,18,20.39,167.33,102.17,9.77,15.25
6bba_bb9f20c3,92,18,18,18,20.22,168.72,103.11,9.52,16.09
6bba_bb9f20c3,93,18,18,18,19.83,169.83,103.28,9.31,15.77
6bba_bb9f20c3,94,18,18,18,20.28,170.72,101.83,7.67,15.89
6bba_bb9f20c3,95,18,18,18,20.28,171.89,102.44,6.63,14.08
6bba_bb9f20c3,96,18,17,18,20.44,174.78,101.89,7.13,12.64
6bba_bb9f20c3,97,17,16,17,19.18,185.35,99.29,6.95,12.11
6bba_bb9f20c3,98,16,16,16,19.44,182.62,103.31,7.37,13.26
6bba_bb9f20c3,99,16,0,16,19.56,183.56,104.06,6.89,12.28
44b6_d29c9ab2,0,11,11,0,26.91,113.09,181.55,8.0,22.26
44b6_d29c9ab2,1,11,11,11,26.45,116.82,179.64,8.94,22.49
44b6_d29c9ab2,2,11,10,11,26.18,120.45,180.0,8.68,22.2
44b6_d29c9ab2,3,10,10,10,26.9,111.2,177.2,9.31,22.72
44b6_d29c9ab2,4,11,11,10,26.18,103.73,170.18,8.69,22.47
44b6_d29c9ab2,5,12,12,11,25.92,96.25,164.83,8.98,22.59
44b6_d29c9ab2,6,12,11,12,25.83,98.0,166.67,8.29,22.67
44b6_d29c9ab2,7,11,11,11,26.09,108.27,170.0,9.77,23.69
44b6_d29c9ab2,8,12,12,11,25.58,102.33,165.58,8.29,22.67
44b6_d29c9ab2,9,12,12,12,25.58,109.58,160.25,8.29,23.15
44b6_d29c9ab2,10,13,13,12,25.69,110.54,166.38,7.8,22.79
44b6_d29c9ab2,11,14,14,13,26.36,113.36,173.71,7.09,20.25
44b6_d29c9ab2,12,14,14,14,26.0,115.43,173.21,7.11,20.54
44b6_d29c9ab2,13,14,14,14,26.0,112.93,172.14,7.11,20.89
44b6_d29c9ab2,14,15,15,14,24.73,123.47,176.53,8.0,18.3
44b6_d29c9ab2,15,15,15,15,24.53,128.6,176.73,7.76,17.69
44b6_d29c9ab2,16,15,15,15,24.2,132.07,175.67,6.51,18.1
44b6_d29c9ab2,17,15,15,15,24.07,135.4,174.47,7.46,18.48
44b6_d29c9ab2,18,15,12,15,24.8,135.87,173.67,7.56,17.68
44b6_d29c9ab2,19,12,12,12,23.75,119.33,175.5,7.37,19.66
44b6_d29c9ab2,20,13,13,12,22.85,130.85,179.08,7.89,16.76
44b6_d29c9ab2,21,13,13,13,22.77,130.85,178.62,7.5,15.34
44b6_d29c9ab2,22,14,14,13,23.79,129.71,184.57,3.3,17.5
44b6_d29c9ab2,23,14,14,14,24.14,129.36,184.79,9.23,17.46
44b6_d29c9ab2,24,14,14,14,24.43,130.79,186.29,9.78,16.94
44b6_d29c9ab2,25,14,14,14,24.57,131.71,184.71,9.63,18.16
44b6_d29c9ab2,26,14,14,14,24.43,132.14,184.21,8.99,18.35
44b6_d29c9ab2,27,15,15,14,25.33,134.8,186.87,8.84,18.76
44b6_d29c9ab2,28,15,15,15,25.07,136.4,186.8,8.84,18.59
44b6_d29c9ab2,29,15,15,15,24.93,136.73,186.2,7.71,18.41
44b6_d29c9ab2,30,15,15,15,24.87,136.53,184.67,8.18,18.53
44b6_d29c9ab2,31,16,16,15,23.94,130.25,173.25,8.53,19.23
44b6_d29c9ab2,32,16,16,16,24.44,132.88,172.5,8.72,18.39
44b6_d29c9ab2,33,16,15,16,24.25,133.31,170.94,4.06,18.68
44b6_d29c9ab2,34,15,15,15,25.27,124.8,176.33,8.62,18.1
44b6_d29c9ab2,35,15,15,15,25.73,127.53,175.93,8.38,18.11
44b6_d29c9ab2,36,15,15,15,25.53,128.4,176.33,8.21,18.59
44b6_d29c9ab2,37,15,15,15,25.6,129.67,175.87,8.26,18.48
44b6_d29c9ab2,38,15,15,15,26.07,132.67,174.07,9.76,19.42
44b6_d29c9ab2,39,15,15,15,26.27,134.73,173.93,9.83,19.26
44b6_d29c9ab2,40,15,15,15,26.47,136.73,174.73,8.15,18.78
44b6_d29c9ab2,41,15,15,15,26.6,137.27,173.8,9.14,18.66
44b6_d29c9ab2,42,15,15,15,26.4,139.27,171.6,9.86,18.4
44b6_d29c9ab2,43,15,15,15,26.47,139.47,169.93,9.96,18.92
44b6_d29c9ab2,44,15,15,15,26.13,141.8,169.33,9.96,19.57
44b6_d29c9ab2,45,15,13,15,26.2,143.8,168.87,9.92,18.4
44b6_d29c9ab2,46,13,13,13,28.69,127.92,175.62,11.84,19.57
44b6_d29c9ab2,47,14,14,13,28.0,134.93,177.79,10.16,19.16
44b6_d29c9ab2,48,14,14,14,28.5,132.0,178.21,9.93,18.96
44b6_d29c9ab2,49,14,12,14,28.43,122.71,185.64,10.16,18.29
44b6_d29c9ab2,50,12,12,12,26.83,122.25,188.83,11.4,15.93
44b6_d29c9ab2,51,15,15,12,29.67,123.4,186.4,9.24,17.58
44b6_d29c9ab2,52,15,15,15,28.93,123.13,187.07,10.25,16.95
44b6_d29c9ab2,53,15,14,15,29.07,127.4,185.53,6.8,18.28
44b6_d29c9ab2,54,14,14,14,32.57,121.14,161.57,10.02,18.89
44b6_d29c9ab2,55,14,14,14,32.5,120.21,159.79,8.72,17.41
44b6_d29c9ab2,56,14,14,14,33.21,119.57,158.36,8.95,17.71
44b6_d29c9ab2,57,14,14,14,32.64,118.43,159.07,8.46,19.07
44b6_d29c9ab2,58,14,14,14,32.71,118.79,155.57,8.38,19.51
44b6_d29c9ab2,59,14,14,14,32.43,118.21,154.21,8.3,19.74
44b6_d29c9ab2,60,14,14,14,32.07,118.57,151.71,9.89,19.66
44b6_d29c9ab2,61,14,14,14,32.14,120.14,148.93,10.16,19.76
44b6_d29c9ab2,62,14,14,14,32.29,120.14,148.43,8.57,20.89
44b6_d29c9ab2,63,14,14,14,32.79,118.86,148.29,8.38,21.33
44b6_d29c9ab2,64,14,14,14,32.64,118.43,148.0,8.44,22.83
44b6_d29c9ab2,65,14,14,14,31.93,117.29,148.14,5.92,23.51
44b6_d29c9ab2,66,14,14,14,32.29,118.5,147.86,8.72,24.1
44b6_d29c9ab2,67,14,14,14,32.86,117.93,148.29,10.25,25.14
44b6_d29c9ab2,68,14,14,14,32.86,119.5,149.21,11.58,25.42
44b6_d29c9ab2,69,14,14,14,33.36,120.0,149.71,9.97,25.2
44b6_d29c9ab2,70,14,14,14,33.79,120.07,151.07,8.46,26.25
44b6_d29c9ab2,71,14,14,14,34.43,119.36,150.93,10.05,26.61
44b6_d29c9ab2,72,14,14,14,34.29,118.5,149.71,10.19,26.08
44b6_d29c9ab2,73,14,14,14,34.0,119.07,149.5,10.35,26.03
44b6_d29c9ab2,74,14,14,14,34.29,120.0,149.64,8.92,26.63
44b6_d29c9ab2,75,14,14,14,34.21,121.29,149.14,9.12,27.13
44b6_d29c9ab2,76,14,14,14,34.71,123.07,148.79,11.02,27.38
44b6_d29c9ab2,77,14,13,14,35.14,123.29,148.86,11.35,27.22
44b6_d29c9ab2,78,13,13,13,36.23,113.31,150.77,12.74,26.02
44b6_d29c9ab2,79,13,12,13,35.85,113.77,150.0,12.72,24.53
44b6_d29c9ab2,80,12,12,12,37.92,108.67,147.0,10.9,23.43
44b6_d29c9ab2,81,12,12,12,38.17,110.25,146.83,14.24,21.75
44b6_d29c9ab2,82,12,12,12,37.83,112.67,142.67,14.4,21.44
44b6_d29c9ab2,83,12,12,12,38.08,112.83,143.33,12.7,21.65
44b6_d29c9ab2,84,12,12,12,38.75,114.42,142.42,12.48,21.27
44b6_d29c9ab2,85,12,12,12,39.17,116.42,142.0,11.96,21.5
44b6_d29c9ab2,86,12,12,12,39.42,117.58,141.92,11.73,21.45
44b6_d29c9ab2,87,12,12,12,39.42,116.67,141.17,10.08,22.02
44b6_d29c9ab2,88,12,12,12,38.92,115.92,141.0,11.64,22.82
44b6_d29c9ab2,89,12,12,12,39.25,116.92,141.5,11.96,22.4
44b6_d29c9ab2,90,12,12,12,39.67,116.25,141.0,10.48,22.4
44b6_d29c9ab2,91,12,12,12,40.25,116.08,141.92,12.11,23.57
44b6_d29c9ab2,92,12,12,12,40.33,116.08,139.58,12.28,24.73
44b6_d29c9ab2,93,12,12,12,40.17,114.75,139.83,10.76,25.74
44b6_d29c9ab2,94,12,12,12,39.67,114.33,140.5,12.25,23.91
44b6_d29c9ab2,95,12,12,12,39.83,113.5,140.42,10.42,24.56
44b6_d29c9ab2,96,12,12,12,39.42,113.25,140.5,12.44,24.52
44b6_d29c9ab2,97,12,12,12,39.42,112.0,140.25,12.57,23.32
44b6_d29c9ab2,98,12,12,12,39.67,110.75,140.83,14.19,23.34
44b6_d29c9ab2,99,12,0,12,39.92,111.25,140.0,12.6,23.03
t101,0,2,2,0,50.5,121.0,104.0,38.11,38.11
t101,1,2,2,2,47.0,121.0,104.5,41.9,41.9
t101,2,3,3,2,35.33,142.33,126.33,41.82,41.82
t101,3,3,3,3,34.0,142.33,126.67,42.28,42.28
t101,4,3,3,3,31.33,143.0,126.33,43.64,43.64
t101,5,3,3,3,29.67,144.0,128.0,42.43,42.43
t101,6,3,3,3,28.67,145.33,128.0,43.45,43.45
t101,7,4,4,3,35.5,131.75,111.25,36.16,39.76
t101,8,4,4,4,34.75,132.75,112.75,37.45,41.22
t101,9,4,4,4,33.5,133.5,114.25,39.24,41.54
t101,10,4,3,4,32.5,134.0,114.5,37.92,40.43
t101,11,4,4,3,40.0,127.5,131.5,35.46,37.92
t101,12,4,4,4,39.25,129.5,133.25,35.84,37.84
t101,13,4,4,4,37.0,130.25,132.75,35.84,38.04
t101,14,4,4,4,35.25,130.75,133.5,34.66,37.71
t101,15,4,4,4,33.0,134.0,135.25,34.25,36.97
t101,16,5,4,4,37.6,133.8,156.6,34.65,39.16
t101,17,4,4,4,42.0,134.75,170.0,36.34,37.53
t101,18,4,4,4,40.5,135.0,171.0,36.71,37.85
t101,19,4,4,4,37.75,135.5,170.75,33.96,38.05
t101,20,4,4,4,37.0,135.25,171.75,32.4,37.0
t101,21,4,4,4,35.25,138.5,171.75,32.06,37.07
t101,22,4,3,4,34.5,139.75,172.0,32.57,37.46
t101,23,5,5,3,26.2,143.2,166.6,15.44,26.27
t101,24,5,5,5,26.2,143.2,166.6,15.44,26.27
t101,25,5,5,5,26.2,143.2,166.6,15.44,26.27
t101,26,5,3,5,26.2,143.2,166.6,15.44,26.27
t101,27,9,8,3,31.33,140.44,161.44,11.0,24.15
t101,28,8,9,8,32.62,139.75,154.62,14.99,32.89
t101,29,10,10,9,27.2,144.9,163.0,9.83,20.24
t101,30,10,6,10,27.0,144.8,162.8,10.53,20.22
t101,31,7,7,6,38.86,130.14,127.29,21.55,30.31
t101,32,7,8,7,38.71,129.86,125.43,21.86,29.99
t101,33,9,9,8,36.67,133.78,132.22,6.6,26.03
t101,34,10,10,9,36.9,133.2,141.0,14.4,26.03
t101,35,10,10,10,36.7,134.1,140.3,15.3,24.0
t101,36,10,9,10,36.3,134.5,138.8,16.98,24.6
t101,37,9,9,9,34.11,140.0,152.44,17.28,26.2
t101,38,9,9,9,34.11,140.0,152.44,17.28,26.2
t101,39,9,9,9,32.0,139.33,148.67,15.37,28.72
t101,40,9,9,9,31.44,138.44,145.56,16.7,26.91
t101,41,9,9,9,31.11,137.33,144.0,16.97,28.09
t101,42,9,9,9,31.11,137.33,144.0,16.97,28.09
t101,43,12,12,9,28.5,141.33,140.67,13.89,19.23
t101,44,12,12,12,28.17,140.33,139.17,11.32,17.96
t101,45,12,12,12,27.67,140.42,137.0,12.28,17.4
t101,46,12,12,12,27.5,139.08,134.08,13.61,17.1
t101,47,12,11,12,27.5,139.08,134.08,13.61,17.1
t101,48,12,10,11,25.08,138.83,128.33,11.81,19.2
t101,49,10,9,10,24.9,134.3,121.6,7.85,26.47
t101,50,10,10,9,24.6,134.8,122.7,16.66,25.15
t101,51,10,10,10,23.6,133.4,116.8,19.54,23.18
t101,52,10,10,10,23.0,132.0,112.3,16.0,21.02
t101,53,11,11,10,26.36,124.91,103.18,16.06,21.81
t101,54,11,10,11,26.36,124.91,103.18,16.06,21.81
t101,55,11,11,10,27.55,123.64,100.73,14.36,21.93
t101,56,11,11,11,26.64,122.82,95.18,14.77,17.69
t101,57,11,11,11,26.27,122.64,93.45,12.46,17.45
t101,58,11,9,11,26.0,122.27,91.73,12.44,17.45
t101,59,9,9,9,30.33,118.11,99.67,16.05,25.53
t101,60,9,9,9,29.67,117.78,97.22,16.4,23.01
t101,61,9,7,9,29.0,116.67,94.22,16.19,21.44
t101,62,7,5,7,35.86,105.14,78.86,17.59,22.47
t101,63,5,5,5,38.6,99.6,85.8,31.98,41.83
t101,64,6,6,5,35.5,103.17,86.67,24.59,35.25
t101,65,6,6,6,35.17,102.33,85.17,25.76,35.06
t101,66,6,6,6,34.67,103.33,82.33,25.62,32.75
t101,67,6,6,6,34.83,101.67,76.0,26.77,33.02
t101,68,6,6,6,34.67,102.5,76.5,27.06,32.78
t101,69,6,6,6,34.5,101.67,73.33,29.53,32.41
t101,70,6,6,6,34.17,101.33,73.17,27.44,34.41
t101,71,6,6,6,34.17,101.0,71.17,26.12,34.46
t101,72,6,6,6,33.5,100.33,71.0,24.67,33.33
t101,73,6,6,6,33.5,100.5,70.33,24.46,33.2
t101,74,6,5,6,33.33,100.83,71.33,24.28,33.45
t101,75,6,6,5,31.5,111.67,109.17,21.38,40.36
t101,76,6,6,6,31.67,110.83,107.0,21.44,40.01
t101,77,6,6,6,31.5,110.67,105.67,21.27,40.12
t101,78,6,6,6,31.83,111.67,106.5,20.69,40.15
t101,79,6,6,6,31.83,111.33,104.5,19.8,40.5
t101,80,6,6,6,31.5,111.0,101.67,22.31,41.02
t101,81,6,6,6,31.5,110.33,100.0,22.52,41.45
t101,82,6,5,6,31.83,109.5,97.83,23.62,40.41
t101,83,5,4,5,32.8,105.0,109.0,37.9,38.61
t101,84,5,5,4,33.4,123.0,153.8,37.21,38.7
t101,85,5,5,5,33.2,122.2,146.2,36.48,38.92
t101,86,5,5,5,32.6,122.6,143.6,35.76,38.04
t101,87,5,5,5,32.0,122.6,140.2,37.63,38.15
t101,88,5,5,5,31.4,123.6,136.4,34.55,39.05
t101,89,5,4,5,31.2,124.4,137.2,34.64,38.34
t101,90,4,4,4,33.5,117.5,115.75,34.53,44.16
t101,91,4,4,4,33.5,117.5,115.75,34.53,44.16
t101,92,4,4,4,33.25,117.75,117.25,37.28,46.75
t101,93,4,4,4,32.75,119.0,115.0,35.71,45.84
t101,94,4,4,4,32.5,119.75,111.5,35.96,47.02
t101,95,4,4,4,30.25,121.0,108.0,31.47,46.32
t101,96,4,4,4,32.5,121.5,107.25,33.25,46.21
t101,97,4,4,4,32.0,121.75,102.5,30.24,44.52
t101,98,4,4,4,32.0,121.25,104.25,34.53,47.03
t101,99,4,0,4,32.0,121.25,104.25,34.53,47.03
