condition_id,detector,split,num_sequences,total_gt_edges,total_pred_edges,edge_tp,edge_fp,edge_fn,edge_recall,edge_precision,edge_jaccard,edge_f1,fail_endpoint_det,fail_gate_rejection,fail_competition,mean_runtime_ms
Condition_A_Frozen_Baseline,Learned_UNet_N1,inner_val,20,105,1121,90,7,15,0.8571428571428571,0.9278350515463918,0.8035714285714286,0.8910891089108911,5,8,2,4.799929745786358
Condition_A_Frozen_Baseline,Learned_UNet_N1,train,10,85,623,75,1,10,0.8823529411764706,0.9868421052631579,0.872093023255814,0.9316770186335402,5,2,3,4.677311901468784
Condition_A_Frozen_Baseline,Learned_UNet_N0,inner_val,20,105,1099,84,8,21,0.8,0.9130434782608695,0.7433628318584071,0.852791878172589,10,7,4,4.7045717044966295
Condition_A_Frozen_Baseline,Learned_UNet_N0,train,10,85,596,70,2,15,0.8235294117647058,0.9722222222222222,0.8045977011494253,0.89171974522293,8,4,3,4.763735897722654
Condition_A_Frozen_Baseline,Classical_DoG,inner_val,20,105,256,40,3,65,0.38095238095238093,0.9302325581395349,0.37037037037037035,0.5405405405405406,62,2,1,3.769861151522491
Condition_A_Frozen_Baseline,Classical_DoG,train,10,85,151,29,2,56,0.3411764705882353,0.9354838709677419,0.3333333333333333,0.5,52,4,0,4.30456519825384
Condition_B_Causal_Linear_Velocity,Learned_UNet_N1,inner_val,20,105,1077,83,7,22,0.7904761904761904,0.9222222222222223,0.7410714285714286,0.8512820512820511,5,8,9,5.1303031024872325
Condition_B_Causal_Linear_Velocity,Learned_UNet_N1,train,10,85,605,74,2,11,0.8705882352941177,0.9736842105263158,0.8505747126436781,0.9192546583850931,5,2,4,5.2345064003020525
Condition_B_Causal_Linear_Velocity,Learned_UNet_N0,inner_val,20,105,1050,77,8,28,0.7333333333333333,0.9058823529411765,0.6814159292035398,0.8105263157894737,10,7,11,5.176580997067504
Condition_B_Causal_Linear_Velocity,Learned_UNet_N0,train,10,85,579,67,2,18,0.788235294117647,0.9710144927536232,0.7701149425287356,0.8701298701298701,8,4,6,5.1409340056125075
Condition_B_Causal_Linear_Velocity,Classical_DoG,inner_val,20,105,253,40,3,65,0.38095238095238093,0.9302325581395349,0.37037037037037035,0.5405405405405406,62,2,1,3.922035251162015
Condition_B_Causal_Linear_Velocity,Classical_DoG,train,10,85,152,29,3,56,0.3411764705882353,0.90625,0.32954545454545453,0.4957264957264957,52,4,0,4.5925451966468245
Condition_C_Causal_Damped_Velocity,Learned_UNet_N1,inner_val,20,105,1111,88,7,17,0.8380952380952381,0.9263157894736842,0.7857142857142857,0.88,5,8,4,5.160326503391843
Condition_C_Causal_Damped_Velocity,Learned_UNet_N1,train,10,85,619,74,1,11,0.8705882352941177,0.9866666666666667,0.8604651162790697,0.925,5,2,4,5.209683196153492
Condition_C_Causal_Damped_Velocity,Learned_UNet_N0,inner_val,20,105,1084,82,8,23,0.780952380952381,0.9111111111111111,0.7256637168141593,0.841025641025641,10,7,6,5.184926153742708
Condition_C_Causal_Damped_Velocity,Learned_UNet_N0,train,10,85,589,70,2,15,0.8235294117647058,0.9722222222222222,0.8045977011494253,0.89171974522293,8,4,3,5.222861698712222
Condition_C_Causal_Damped_Velocity,Classical_DoG,inner_val,20,105,256,40,3,65,0.38095238095238093,0.9302325581395349,0.37037037037037035,0.5405405405405406,62,2,1,4.000641049060505
Condition_C_Causal_Damped_Velocity,Classical_DoG,train,10,85,152,29,2,56,0.3411764705882353,0.9354838709677419,0.3333333333333333,0.5,52,4,0,4.6101440995698795
Condition_D_Ablation_Dual_Envelope_Static,Learned_UNet_N1,inner_val,20,105,1121,90,7,15,0.8571428571428571,0.9278350515463918,0.8035714285714286,0.8910891089108911,5,8,2,5.250123499718029
Condition_D_Ablation_Dual_Envelope_Static,Learned_UNet_N1,train,10,85,623,75,1,10,0.8823529411764706,0.9868421052631579,0.872093023255814,0.9316770186335402,5,2,3,5.232314803288318
Condition_D_Ablation_Dual_Envelope_Static,Learned_UNet_N0,inner_val,20,105,1099,84,8,21,0.8,0.9130434782608695,0.7433628318584071,0.852791878172589,10,7,4,5.228144198190421
Condition_D_Ablation_Dual_Envelope_Static,Learned_UNet_N0,train,10,85,596,70,2,15,0.8235294117647058,0.9722222222222222,0.8045977011494253,0.89171974522293,8,4,3,5.25463359663263
Condition_D_Ablation_Dual_Envelope_Static,Classical_DoG,inner_val,20,105,256,40,3,65,0.38095238095238093,0.9302325581395349,0.37037037037037035,0.5405405405405406,62,2,1,3.920315056166146
Condition_D_Ablation_Dual_Envelope_Static,Classical_DoG,train,10,85,151,29,2,56,0.3411764705882353,0.9354838709677419,0.3333333333333333,0.5,52,4,0,4.600325605133548
