condition_id,detector,sequence_id,split,sample_id,category,gt_nodes,gt_edges,pred_nodes,pred_edges,edge_tp,edge_fp,edge_fn,edge_recall,edge_precision,edge_jaccard,edge_f1,fail_endpoint_det,fail_gate_rejection,fail_competition,runtime_ms
Condition_A_Frozen_Baseline,Learned_UNet_N1,seq_inner_val_6bba_t85_p01_crowded,inner_val,6bba_bb9f20c3,crowded,23,18,93,67,16,0,2,0.8888888888888888,1.0,0.8888888888888888,0.9411764705882353,2,0,0,4.7545509878546
Condition_A_Frozen_Baseline,Learned_UNet_N1,seq_inner_val_6bba_t75_p02_crowded,inner_val,6bba_bb9f20c3,crowded,10,8,91,50,7,0,1,0.875,1.0,0.875,0.9333333333333333,0,0,1,4.762968979775906
Condition_A_Frozen_Baseline,Learned_UNet_N1,seq_inner_val_6bba_t85_p03_crowded,inner_val,6bba_bb9f20c3,crowded,6,4,70,47,0,2,4,0.0,0.0,0.0,0.0,2,2,0,4.668187990318984
Condition_A_Frozen_Baseline,Learned_UNet_N1,seq_inner_val_6bba_t80_p04_crowded,inner_val,6bba_bb9f20c3,crowded,11,8,91,61,8,0,0,1.0,1.0,1.0,1.0,0,0,0,5.038044007960707
Condition_A_Frozen_Baseline,Learned_UNet_N1,seq_inner_val_6bba_t75_p05_isolated,inner_val,6bba_bb9f20c3,isolated,5,4,65,36,3,0,1,0.75,1.0,0.75,0.8571428571428571,0,1,0,4.574641992803663
Condition_A_Frozen_Baseline,Learned_UNet_N1,seq_inner_val_6bba_t75_p06_isolated,inner_val,6bba_bb9f20c3,isolated,5,4,78,42,1,3,3,0.25,0.25,0.14285714285714285,0.25,0,3,0,4.873322992352769
Condition_A_Frozen_Baseline,Learned_UNet_N1,seq_inner_val_6bba_t90_p07_isolated,inner_val,6bba_bb9f20c3,isolated,5,4,55,33,1,2,3,0.25,0.3333333333333333,0.16666666666666666,0.28571428571428575,0,2,1,4.821136011742055
Condition_A_Frozen_Baseline,Learned_UNet_N1,seq_inner_val_6bba_t90_p08_boundary,inner_val,6bba_bb9f20c3,boundary,6,4,46,27,4,0,0,1.0,1.0,1.0,1.0,0,0,0,4.698546981671825
Condition_A_Frozen_Baseline,Learned_UNet_N1,seq_inner_val_6bba_t90_p09_zero_annotation,inner_val,6bba_bb9f20c3,zero_annotation,0,0,54,27,0,0,0,0.0,0.0,0.0,0.0,0,0,0,4.8085079761222005
Condition_A_Frozen_Baseline,Learned_UNet_N1,seq_inner_val_6bba_t90_p10_zero_annotation,inner_val,6bba_bb9f20c3,zero_annotation,0,0,57,26,0,0,0,0.0,0.0,0.0,0.0,0,0,0,4.644497996196151
Condition_A_Frozen_Baseline,Learned_UNet_N1,seq_inner_val_44b6_t80_p01_crowded,inner_val,44b6_d29c9ab2,crowded,10,7,98,65,6,0,1,0.8571428571428571,1.0,0.8571428571428571,0.923076923076923,1,0,0,5.483752000145614
Condition_A_Frozen_Baseline,Learned_UNet_N1,seq_inner_val_44b6_t85_p02_crowded,inner_val,44b6_d29c9ab2,crowded,15,12,96,66,12,0,0,1.0,1.0,1.0,1.0,0,0,0,4.614235018379986
Condition_A_Frozen_Baseline,Learned_UNet_N1,seq_inner_val_44b6_t90_p03_crowded,inner_val,44b6_d29c9ab2,crowded,10,8,96,61,8,0,0,1.0,1.0,1.0,1.0,0,0,0,4.547522985376418
Condition_A_Frozen_Baseline,Learned_UNet_N1,seq_inner_val_44b6_t70_p04_crowded,inner_val,44b6_d29c9ab2,crowded,10,8,115,85,8,0,0,1.0,1.0,1.0,1.0,0,0,0,5.361999996239319
Condition_A_Frozen_Baseline,Learned_UNet_N1,seq_inner_val_44b6_t90_p05_isolated,inner_val,44b6_d29c9ab2,isolated,5,4,94,63,4,0,0,1.0,1.0,1.0,1.0,0,0,0,4.462385026272386
Condition_A_Frozen_Baseline,Learned_UNet_N1,seq_inner_val_44b6_t75_p06_isolated,inner_val,44b6_d29c9ab2,isolated,5,4,119,85,4,0,0,1.0,1.0,1.0,1.0,0,0,0,4.869261989369988
Condition_A_Frozen_Baseline,Learned_UNet_N1,seq_inner_val_44b6_t70_p07_isolated,inner_val,44b6_d29c9ab2,isolated,5,4,98,68,4,0,0,1.0,1.0,1.0,1.0,0,0,0,4.9416830006521195
Condition_A_Frozen_Baseline,Learned_UNet_N1,seq_inner_val_44b6_t70_p08_boundary,inner_val,44b6_d29c9ab2,boundary,5,4,128,90,4,0,0,1.0,1.0,1.0,1.0,0,0,0,4.729206004412845
Condition_A_Frozen_Baseline,Learned_UNet_N1,seq_inner_val_44b6_t90_p09_zero_annotation,inner_val,44b6_d29c9ab2,zero_annotation,0,0,127,89,0,0,0,0.0,0.0,0.0,0.0,0,0,0,4.763214994454756
Condition_A_Frozen_Baseline,Learned_UNet_N1,seq_inner_val_44b6_t70_p10_zero_annotation,inner_val,44b6_d29c9ab2,zero_annotation,0,0,65,33,0,0,0,0.0,0.0,0.0,0.0,0,0,0,4.580927983624861
Condition_A_Frozen_Baseline,Learned_UNet_N1,seq_train_44b6_t40_p01_crowded,train,44b6_d29c9ab2,crowded,10,8,117,85,8,0,0,1.0,1.0,1.0,1.0,0,0,0,5.238730023847893
Condition_A_Frozen_Baseline,Learned_UNet_N1,seq_train_44b6_t45_p02_crowded,train,44b6_d29c9ab2,crowded,9,6,99,52,4,0,2,0.6666666666666666,1.0,0.6666666666666666,0.8,0,1,1,4.449519998161122
Condition_A_Frozen_Baseline,Learned_UNet_N1,seq_train_44b6_t40_p04_crowded,train,44b6_d29c9ab2,crowded,15,12,96,71,12,0,0,1.0,1.0,1.0,1.0,0,0,0,4.4746540079358965
Condition_A_Frozen_Baseline,Learned_UNet_N1,seq_train_44b6_t15_p05_crowded,train,44b6_d29c9ab2,crowded,14,11,88,49,8,0,3,0.7272727272727273,1.0,0.7272727272727273,0.8421052631578948,2,0,1,4.856045998167247
Condition_A_Frozen_Baseline,Learned_UNet_N1,seq_train_44b6_t20_p06_crowded,train,44b6_d29c9ab2,crowded,10,8,95,69,6,0,2,0.75,1.0,0.75,0.8571428571428571,2,0,0,4.758187016705051
Condition_A_Frozen_Baseline,Learned_UNet_N1,seq_train_6bba_t15_p01_crowded,train,6bba_bb9f20c3,crowded,9,5,83,55,4,0,1,0.8,1.0,0.8,0.888888888888889,1,0,0,4.52461198437959
Condition_A_Frozen_Baseline,Learned_UNet_N1,seq_train_6bba_t35_p02_crowded,train,6bba_bb9f20c3,crowded,8,6,78,48,5,1,1,0.8333333333333334,0.8333333333333334,0.7142857142857143,0.8333333333333334,0,1,0,4.653225012589246
Condition_A_Frozen_Baseline,Learned_UNet_N1,seq_train_6bba_t40_p03_crowded,train,6bba_bb9f20c3,crowded,11,8,89,66,8,0,0,1.0,1.0,1.0,1.0,0,0,0,4.554749000817537
Condition_A_Frozen_Baseline,Learned_UNet_N1,seq_train_6bba_t45_p04_crowded,train,6bba_bb9f20c3,crowded,12,9,73,45,8,0,1,0.8888888888888888,1.0,0.8888888888888888,0.9411764705882353,0,0,1,4.537490982329473
Condition_A_Frozen_Baseline,Learned_UNet_N1,seq_train_6bba_t15_p07_crowded,train,6bba_bb9f20c3,crowded,15,12,115,83,12,0,0,1.0,1.0,1.0,1.0,0,0,0,4.725904989754781
Condition_A_Frozen_Baseline,Learned_UNet_N0,seq_inner_val_6bba_t85_p01_crowded,inner_val,6bba_bb9f20c3,crowded,23,18,90,61,12,1,6,0.6666666666666666,0.9230769230769231,0.631578947368421,0.7741935483870968,4,1,1,4.4626210001297295
Condition_A_Frozen_Baseline,Learned_UNet_N0,seq_inner_val_6bba_t75_p02_crowded,inner_val,6bba_bb9f20c3,crowded,10,8,81,45,4,0,4,0.5,1.0,0.5,0.6666666666666666,4,0,0,4.474563000258058
Condition_A_Frozen_Baseline,Learned_UNet_N0,seq_inner_val_6bba_t85_p03_crowded,inner_val,6bba_bb9f20c3,crowded,6,4,75,53,4,0,0,1.0,1.0,1.0,1.0,0,0,0,4.894015000900254
Condition_A_Frozen_Baseline,Learned_UNet_N0,seq_inner_val_6bba_t80_p04_crowded,inner_val,6bba_bb9f20c3,crowded,11,8,95,65,8,0,0,1.0,1.0,1.0,1.0,0,0,0,4.759377014124766
Condition_A_Frozen_Baseline,Learned_UNet_N0,seq_inner_val_6bba_t75_p05_isolated,inner_val,6bba_bb9f20c3,isolated,5,4,71,36,2,0,2,0.5,1.0,0.5,0.6666666666666666,0,1,1,4.461735981749371
Condition_A_Frozen_Baseline,Learned_UNet_N0,seq_inner_val_6bba_t75_p06_isolated,inner_val,6bba_bb9f20c3,isolated,5,4,77,40,1,3,3,0.25,0.25,0.14285714285714285,0.25,0,3,0,4.579482978442684
Condition_A_Frozen_Baseline,Learned_UNet_N0,seq_inner_val_6bba_t90_p07_isolated,inner_val,6bba_bb9f20c3,isolated,5,4,65,38,3,1,1,0.75,0.75,0.6,0.75,0,1,0,4.66602502274327
Condition_A_Frozen_Baseline,Learned_UNet_N0,seq_inner_val_6bba_t90_p08_boundary,inner_val,6bba_bb9f20c3,boundary,6,4,57,35,3,0,1,0.75,1.0,0.75,0.8571428571428571,0,0,1,4.474843997741118
Condition_A_Frozen_Baseline,Learned_UNet_N0,seq_inner_val_6bba_t90_p09_zero_annotation,inner_val,6bba_bb9f20c3,zero_annotation,0,0,69,28,0,0,0,0.0,0.0,0.0,0.0,0,0,0,4.919365019304678
Condition_A_Frozen_Baseline,Learned_UNet_N0,seq_inner_val_6bba_t90_p10_zero_annotation,inner_val,6bba_bb9f20c3,zero_annotation,0,0,60,27,0,0,0,0.0,0.0,0.0,0.0,0,0,0,4.883747023995966
Condition_A_Frozen_Baseline,Learned_UNet_N0,seq_inner_val_44b6_t80_p01_crowded,inner_val,44b6_d29c9ab2,crowded,10,7,102,69,7,0,0,1.0,1.0,1.0,1.0,0,0,0,4.604589019436389
Condition_A_Frozen_Baseline,Learned_UNet_N0,seq_inner_val_44b6_t85_p02_crowded,inner_val,44b6_d29c9ab2,crowded,15,12,102,72,12,0,0,1.0,1.0,1.0,1.0,0,0,0,4.874667996773496
Condition_A_Frozen_Baseline,Learned_UNet_N0,seq_inner_val_44b6_t90_p03_crowded,inner_val,44b6_d29c9ab2,crowded,10,8,95,65,8,0,0,1.0,1.0,1.0,1.0,0,0,0,4.667167027946562
Condition_A_Frozen_Baseline,Learned_UNet_N0,seq_inner_val_44b6_t70_p04_crowded,inner_val,44b6_d29c9ab2,crowded,10,8,103,74,4,3,4,0.5,0.5714285714285714,0.36363636363636365,0.5333333333333333,2,1,1,4.76866599638015
Condition_A_Frozen_Baseline,Learned_UNet_N0,seq_inner_val_44b6_t90_p05_isolated,inner_val,44b6_d29c9ab2,isolated,5,4,90,60,4,0,0,1.0,1.0,1.0,1.0,0,0,0,4.612231015926227
Condition_A_Frozen_Baseline,Learned_UNet_N0,seq_inner_val_44b6_t75_p06_isolated,inner_val,44b6_d29c9ab2,isolated,5,4,118,80,4,0,0,1.0,1.0,1.0,1.0,0,0,0,4.713378002634272
Condition_A_Frozen_Baseline,Learned_UNet_N0,seq_inner_val_44b6_t70_p07_isolated,inner_val,44b6_d29c9ab2,isolated,5,4,83,54,4,0,0,1.0,1.0,1.0,1.0,0,0,0,4.505185992456973
Condition_A_Frozen_Baseline,Learned_UNet_N0,seq_inner_val_44b6_t70_p08_boundary,inner_val,44b6_d29c9ab2,boundary,5,4,119,82,4,0,0,1.0,1.0,1.0,1.0,0,0,0,5.277176998788491
Condition_A_Frozen_Baseline,Learned_UNet_N0,seq_inner_val_44b6_t90_p09_zero_annotation,inner_val,44b6_d29c9ab2,zero_annotation,0,0,123,82,0,0,0,0.0,0.0,0.0,0.0,0,0,0,4.961094004102051
Condition_A_Frozen_Baseline,Learned_UNet_N0,seq_inner_val_44b6_t70_p10_zero_annotation,inner_val,44b6_d29c9ab2,zero_annotation,0,0,61,33,0,0,0,0.0,0.0,0.0,0.0,0,0,0,4.531501996098086
Condition_A_Frozen_Baseline,Learned_UNet_N0,seq_train_44b6_t40_p01_crowded,train,44b6_d29c9ab2,crowded,10,8,114,82,8,0,0,1.0,1.0,1.0,1.0,0,0,0,4.512924992013723
Condition_A_Frozen_Baseline,Learned_UNet_N0,seq_train_44b6_t45_p02_crowded,train,44b6_d29c9ab2,crowded,9,6,107,61,4,0,2,0.6666666666666666,1.0,0.6666666666666666,0.8,1,0,1,5.0868079997599125
Condition_A_Frozen_Baseline,Learned_UNet_N0,seq_train_44b6_t40_p04_crowded,train,44b6_d29c9ab2,crowded,15,12,90,64,12,0,0,1.0,1.0,1.0,1.0,0,0,0,4.7709179925732315
Condition_A_Frozen_Baseline,Learned_UNet_N0,seq_train_44b6_t15_p05_crowded,train,44b6_d29c9ab2,crowded,14,11,85,45,6,0,5,0.5454545454545454,1.0,0.5454545454545454,0.7058823529411764,5,0,0,4.5597720018122345
Condition_A_Frozen_Baseline,Learned_UNet_N0,seq_train_44b6_t20_p06_crowded,train,44b6_d29c9ab2,crowded,10,8,94,62,4,1,4,0.5,0.8,0.4444444444444444,0.6153846153846154,1,3,0,4.651994997402653
Condition_A_Frozen_Baseline,Learned_UNet_N0,seq_train_6bba_t15_p01_crowded,train,6bba_bb9f20c3,crowded,9,5,79,54,4,1,1,0.8,0.8,0.6666666666666666,0.8000000000000002,0,1,0,4.952488001435995
Condition_A_Frozen_Baseline,Learned_UNet_N0,seq_train_6bba_t35_p02_crowded,train,6bba_bb9f20c3,crowded,8,6,88,53,6,0,0,1.0,1.0,1.0,1.0,0,0,0,4.702139005530626
Condition_A_Frozen_Baseline,Learned_UNet_N0,seq_train_6bba_t40_p03_crowded,train,6bba_bb9f20c3,crowded,11,8,81,56,8,0,0,1.0,1.0,1.0,1.0,0,0,0,4.78936597937718
Condition_A_Frozen_Baseline,Learned_UNet_N0,seq_train_6bba_t45_p04_crowded,train,6bba_bb9f20c3,crowded,12,9,67,43,7,0,2,0.7777777777777778,1.0,0.7777777777777778,0.8750000000000001,1,0,1,4.807752004126087
Condition_A_Frozen_Baseline,Learned_UNet_N0,seq_train_6bba_t15_p07_crowded,train,6bba_bb9f20c3,crowded,15,12,107,76,11,0,1,0.9166666666666666,1.0,0.9166666666666666,0.9565217391304348,0,0,1,4.803196003194898
Condition_A_Frozen_Baseline,Classical_DoG,seq_inner_val_6bba_t85_p01_crowded,inner_val,6bba_bb9f20c3,crowded,23,18,11,6,0,1,18,0.0,0.0,0.0,0.0,18,0,0,3.663142997538671
Condition_A_Frozen_Baseline,Classical_DoG,seq_inner_val_6bba_t75_p02_crowded,inner_val,6bba_bb9f20c3,crowded,10,8,22,12,3,0,5,0.375,1.0,0.375,0.5454545454545454,4,1,0,4.1141149995382875
Condition_A_Frozen_Baseline,Classical_DoG,seq_inner_val_6bba_t85_p03_crowded,inner_val,6bba_bb9f20c3,crowded,6,4,14,9,0,0,4,0.0,0.0,0.0,0.0,4,0,0,4.511847015237436
Condition_A_Frozen_Baseline,Classical_DoG,seq_inner_val_6bba_t80_p04_crowded,inner_val,6bba_bb9f20c3,crowded,11,8,11,8,4,0,4,0.5,1.0,0.5,0.6666666666666666,4,0,0,4.8362709931097925
Condition_A_Frozen_Baseline,Classical_DoG,seq_inner_val_6bba_t75_p05_isolated,inner_val,6bba_bb9f20c3,isolated,5,4,15,9,3,0,1,0.75,1.0,0.75,0.8571428571428571,0,1,0,4.35045498306863
Condition_A_Frozen_Baseline,Classical_DoG,seq_inner_val_6bba_t75_p06_isolated,inner_val,6bba_bb9f20c3,isolated,5,4,16,8,0,0,4,0.0,0.0,0.0,0.0,4,0,0,4.248432000167668
Condition_A_Frozen_Baseline,Classical_DoG,seq_inner_val_6bba_t90_p07_isolated,inner_val,6bba_bb9f20c3,isolated,5,4,4,3,0,0,4,0.0,0.0,0.0,0.0,4,0,0,3.6987570056226104
Condition_A_Frozen_Baseline,Classical_DoG,seq_inner_val_6bba_t90_p08_boundary,inner_val,6bba_bb9f20c3,boundary,6,4,16,12,4,0,0,1.0,1.0,1.0,1.0,0,0,0,4.3730129837058485
Condition_A_Frozen_Baseline,Classical_DoG,seq_inner_val_6bba_t90_p09_zero_annotation,inner_val,6bba_bb9f20c3,zero_annotation,0,0,1,0,0,0,0,0.0,0.0,0.0,0.0,0,0,0,1.310771011048928
Condition_A_Frozen_Baseline,Classical_DoG,seq_inner_val_6bba_t90_p10_zero_annotation,inner_val,6bba_bb9f20c3,zero_annotation,0,0,0,0,0,0,0,0.0,0.0,0.0,0.0,0,0,0,0.3857979900203645
Condition_A_Frozen_Baseline,Classical_DoG,seq_inner_val_44b6_t80_p01_crowded,inner_val,44b6_d29c9ab2,crowded,10,7,23,13,0,1,7,0.0,0.0,0.0,0.0,7,0,0,4.3689130106940866
Condition_A_Frozen_Baseline,Classical_DoG,seq_inner_val_44b6_t85_p02_crowded,inner_val,44b6_d29c9ab2,crowded,15,12,37,21,4,0,8,0.3333333333333333,1.0,0.3333333333333333,0.5,8,0,0,4.577798012178391
Condition_A_Frozen_Baseline,Classical_DoG,seq_inner_val_44b6_t90_p03_crowded,inner_val,44b6_d29c9ab2,crowded,10,8,28,20,7,0,1,0.875,1.0,0.875,0.9333333333333333,1,0,0,4.303114983486012
Condition_A_Frozen_Baseline,Classical_DoG,seq_inner_val_44b6_t70_p04_crowded,inner_val,44b6_d29c9ab2,crowded,10,8,40,22,3,1,5,0.375,0.75,0.3333333333333333,0.5,4,0,1,4.4548879959620535
Condition_A_Frozen_Baseline,Classical_DoG,seq_inner_val_44b6_t90_p05_isolated,inner_val,44b6_d29c9ab2,isolated,5,4,31,21,4,0,0,1.0,1.0,1.0,1.0,0,0,0,4.416547017171979
Condition_A_Frozen_Baseline,Classical_DoG,seq_inner_val_44b6_t75_p06_isolated,inner_val,44b6_d29c9ab2,isolated,5,4,34,20,4,0,0,1.0,1.0,1.0,1.0,0,0,0,4.554304003249854
Condition_A_Frozen_Baseline,Classical_DoG,seq_inner_val_44b6_t70_p07_isolated,inner_val,44b6_d29c9ab2,isolated,5,4,24,19,4,0,0,1.0,1.0,1.0,1.0,0,0,0,4.173912020632997
Condition_A_Frozen_Baseline,Classical_DoG,seq_inner_val_44b6_t70_p08_boundary,inner_val,44b6_d29c9ab2,boundary,5,4,48,31,0,0,4,0.0,0.0,0.0,0.0,4,0,0,4.186539008514956
Condition_A_Frozen_Baseline,Classical_DoG,seq_inner_val_44b6_t90_p09_zero_annotation,inner_val,44b6_d29c9ab2,zero_annotation,0,0,32,22,0,0,0,0.0,0.0,0.0,0.0,0,0,0,4.485420999117196
Condition_A_Frozen_Baseline,Classical_DoG,seq_inner_val_44b6_t70_p10_zero_annotation,inner_val,44b6_d29c9ab2,zero_annotation,0,0,0,0,0,0,0,0.0,0.0,0.0,0.0,0,0,0,0.38318400038406253
Condition_A_Frozen_Baseline,Classical_DoG,seq_train_44b6_t40_p01_crowded,train,44b6_d29c9ab2,crowded,10,8,33,23,4,0,4,0.5,1.0,0.5,0.6666666666666666,4,0,0,4.37748699914664
Condition_A_Frozen_Baseline,Classical_DoG,seq_train_44b6_t45_p02_crowded,train,44b6_d29c9ab2,crowded,9,6,28,14,2,1,4,0.3333333333333333,0.6666666666666666,0.2857142857142857,0.4444444444444444,2,2,0,4.248212004313245
Condition_A_Frozen_Baseline,Classical_DoG,seq_train_44b6_t40_p04_crowded,train,44b6_d29c9ab2,crowded,15,12,27,17,4,0,8,0.3333333333333333,1.0,0.3333333333333333,0.5,8,0,0,4.295602004276589
Condition_A_Frozen_Baseline,Classical_DoG,seq_train_44b6_t15_p05_crowded,train,44b6_d29c9ab2,crowded,14,11,37,19,3,0,8,0.2727272727272727,1.0,0.2727272727272727,0.42857142857142855,7,1,0,4.35550999827683
Condition_A_Frozen_Baseline,Classical_DoG,seq_train_44b6_t20_p06_crowded,train,44b6_d29c9ab2,crowded,10,8,26,18,0,0,8,0.0,0.0,0.0,0.0,8,0,0,4.310824995627627
Condition_A_Frozen_Baseline,Classical_DoG,seq_train_6bba_t15_p01_crowded,train,6bba_bb9f20c3,crowded,9,5,19,7,3,0,2,0.6,1.0,0.6,0.7499999999999999,1,1,0,4.2173909896519035
Condition_A_Frozen_Baseline,Classical_DoG,seq_train_6bba_t35_p02_crowded,train,6bba_bb9f20c3,crowded,8,6,16,9,0,0,6,0.0,0.0,0.0,0.0,6,0,0,4.468522995011881
Condition_A_Frozen_Baseline,Classical_DoG,seq_train_6bba_t40_p03_crowded,train,6bba_bb9f20c3,crowded,11,8,23,14,0,0,8,0.0,0.0,0.0,0.0,8,0,0,4.301188979297876
Condition_A_Frozen_Baseline,Classical_DoG,seq_train_6bba_t45_p04_crowded,train,6bba_bb9f20c3,crowded,12,9,19,11,6,1,3,0.6666666666666666,0.8571428571428571,0.6,0.75,3,0,0,4.2097670084331185
Condition_A_Frozen_Baseline,Classical_DoG,seq_train_6bba_t15_p07_crowded,train,6bba_bb9f20c3,crowded,15,12,32,19,7,0,5,0.5833333333333334,1.0,0.5833333333333334,0.7368421052631579,5,0,0,4.261146008502692
Condition_B_Causal_Linear_Velocity,Learned_UNet_N1,seq_inner_val_6bba_t85_p01_crowded,inner_val,6bba_bb9f20c3,crowded,23,18,93,65,13,0,5,0.7222222222222222,1.0,0.7222222222222222,0.8387096774193548,2,0,3,5.3090970031917095
Condition_B_Causal_Linear_Velocity,Learned_UNet_N1,seq_inner_val_6bba_t75_p02_crowded,inner_val,6bba_bb9f20c3,crowded,10,8,91,48,7,0,1,0.875,1.0,0.875,0.9333333333333333,0,0,1,4.973566014086828
Condition_B_Causal_Linear_Velocity,Learned_UNet_N1,seq_inner_val_6bba_t85_p03_crowded,inner_val,6bba_bb9f20c3,crowded,6,4,70,44,0,2,4,0.0,0.0,0.0,0.0,2,2,0,4.8987059853971004
Condition_B_Causal_Linear_Velocity,Learned_UNet_N1,seq_inner_val_6bba_t80_p04_crowded,inner_val,6bba_bb9f20c3,crowded,11,8,91,59,8,0,0,1.0,1.0,1.0,1.0,0,0,0,5.118069995660335
Condition_B_Causal_Linear_Velocity,Learned_UNet_N1,seq_inner_val_6bba_t75_p05_isolated,inner_val,6bba_bb9f20c3,isolated,5,4,65,36,3,0,1,0.75,1.0,0.75,0.8571428571428571,0,1,0,4.822619986953214
Condition_B_Causal_Linear_Velocity,Learned_UNet_N1,seq_inner_val_6bba_t75_p06_isolated,inner_val,6bba_bb9f20c3,isolated,5,4,78,41,1,3,3,0.25,0.25,0.14285714285714285,0.25,0,3,0,4.864826973062009
Condition_B_Causal_Linear_Velocity,Learned_UNet_N1,seq_inner_val_6bba_t90_p07_isolated,inner_val,6bba_bb9f20c3,isolated,5,4,55,32,1,2,3,0.25,0.3333333333333333,0.16666666666666666,0.28571428571428575,0,2,1,4.705580999143422
Condition_B_Causal_Linear_Velocity,Learned_UNet_N1,seq_inner_val_6bba_t90_p08_boundary,inner_val,6bba_bb9f20c3,boundary,6,4,46,24,4,0,0,1.0,1.0,1.0,1.0,0,0,0,4.549567005597055
Condition_B_Causal_Linear_Velocity,Learned_UNet_N1,seq_inner_val_6bba_t90_p09_zero_annotation,inner_val,6bba_bb9f20c3,zero_annotation,0,0,54,26,0,0,0,0.0,0.0,0.0,0.0,0,0,0,4.8575359978713095
Condition_B_Causal_Linear_Velocity,Learned_UNet_N1,seq_inner_val_6bba_t90_p10_zero_annotation,inner_val,6bba_bb9f20c3,zero_annotation,0,0,57,24,0,0,0,0.0,0.0,0.0,0.0,0,0,0,4.935650998959318
Condition_B_Causal_Linear_Velocity,Learned_UNet_N1,seq_inner_val_44b6_t80_p01_crowded,inner_val,44b6_d29c9ab2,crowded,10,7,98,64,6,0,1,0.8571428571428571,1.0,0.8571428571428571,0.923076923076923,1,0,0,5.236290016910061
Condition_B_Causal_Linear_Velocity,Learned_UNet_N1,seq_inner_val_44b6_t85_p02_crowded,inner_val,44b6_d29c9ab2,crowded,15,12,96,64,11,0,1,0.9166666666666666,1.0,0.9166666666666666,0.9565217391304348,0,0,1,5.026452010497451
Condition_B_Causal_Linear_Velocity,Learned_UNet_N1,seq_inner_val_44b6_t90_p03_crowded,inner_val,44b6_d29c9ab2,crowded,10,8,96,53,6,0,2,0.75,1.0,0.75,0.8571428571428571,0,0,2,5.22996301879175
Condition_B_Causal_Linear_Velocity,Learned_UNet_N1,seq_inner_val_44b6_t70_p04_crowded,inner_val,44b6_d29c9ab2,crowded,10,8,115,85,8,0,0,1.0,1.0,1.0,1.0,0,0,0,5.741379980463535
Condition_B_Causal_Linear_Velocity,Learned_UNet_N1,seq_inner_val_44b6_t90_p05_isolated,inner_val,44b6_d29c9ab2,isolated,5,4,94,61,3,0,1,0.75,1.0,0.75,0.8571428571428571,0,0,1,5.2172900177538395
Condition_B_Causal_Linear_Velocity,Learned_UNet_N1,seq_inner_val_44b6_t75_p06_isolated,inner_val,44b6_d29c9ab2,isolated,5,4,119,80,4,0,0,1.0,1.0,1.0,1.0,0,0,0,5.553902999963611
Condition_B_Causal_Linear_Velocity,Learned_UNet_N1,seq_inner_val_44b6_t70_p07_isolated,inner_val,44b6_d29c9ab2,isolated,5,4,98,67,4,0,0,1.0,1.0,1.0,1.0,0,0,0,5.320066004060209
Condition_B_Causal_Linear_Velocity,Learned_UNet_N1,seq_inner_val_44b6_t70_p08_boundary,inner_val,44b6_d29c9ab2,boundary,5,4,128,86,4,0,0,1.0,1.0,1.0,1.0,0,0,0,5.635575013002381
Condition_B_Causal_Linear_Velocity,Learned_UNet_N1,seq_inner_val_44b6_t90_p09_zero_annotation,inner_val,44b6_d29c9ab2,zero_annotation,0,0,127,86,0,0,0,0.0,0.0,0.0,0.0,0,0,0,5.670664017088711
Condition_B_Causal_Linear_Velocity,Learned_UNet_N1,seq_inner_val_44b6_t70_p10_zero_annotation,inner_val,44b6_d29c9ab2,zero_annotation,0,0,65,32,0,0,0,0.0,0.0,0.0,0.0,0,0,0,4.9392580112908036
Condition_B_Causal_Linear_Velocity,Learned_UNet_N1,seq_train_44b6_t40_p01_crowded,train,44b6_d29c9ab2,crowded,10,8,117,84,8,0,0,1.0,1.0,1.0,1.0,0,0,0,5.728748015826568
Condition_B_Causal_Linear_Velocity,Learned_UNet_N1,seq_train_44b6_t45_p02_crowded,train,44b6_d29c9ab2,crowded,9,6,99,49,4,1,2,0.6666666666666666,0.8,0.5714285714285714,0.7272727272727272,0,1,1,5.257003998849541
Condition_B_Causal_Linear_Velocity,Learned_UNet_N1,seq_train_44b6_t40_p04_crowded,train,44b6_d29c9ab2,crowded,15,12,96,64,12,0,0,1.0,1.0,1.0,1.0,0,0,0,5.039302981458604
Condition_B_Causal_Linear_Velocity,Learned_UNet_N1,seq_train_44b6_t15_p05_crowded,train,44b6_d29c9ab2,crowded,14,11,88,45,7,0,4,0.6363636363636364,1.0,0.6363636363636364,0.7777777777777778,2,0,2,5.0528270076029
Condition_B_Causal_Linear_Velocity,Learned_UNet_N1,seq_train_44b6_t20_p06_crowded,train,44b6_d29c9ab2,crowded,10,8,95,67,6,0,2,0.75,1.0,0.75,0.8571428571428571,2,0,0,5.320159980328754
Condition_B_Causal_Linear_Velocity,Learned_UNet_N1,seq_train_6bba_t15_p01_crowded,train,6bba_bb9f20c3,crowded,9,5,83,56,4,0,1,0.8,1.0,0.8,0.888888888888889,1,0,0,5.040201009251177
Condition_B_Causal_Linear_Velocity,Learned_UNet_N1,seq_train_6bba_t35_p02_crowded,train,6bba_bb9f20c3,crowded,8,6,78,50,5,1,1,0.8333333333333334,0.8333333333333334,0.7142857142857143,0.8333333333333334,0,1,0,5.418326996732503
Condition_B_Causal_Linear_Velocity,Learned_UNet_N1,seq_train_6bba_t40_p03_crowded,train,6bba_bb9f20c3,crowded,11,8,89,64,8,0,0,1.0,1.0,1.0,1.0,0,0,0,5.0342369941063225
Condition_B_Causal_Linear_Velocity,Learned_UNet_N1,seq_train_6bba_t45_p04_crowded,train,6bba_bb9f20c3,crowded,12,9,73,46,9,0,0,1.0,1.0,1.0,1.0,0,0,0,5.07211301010102
Condition_B_Causal_Linear_Velocity,Learned_UNet_N1,seq_train_6bba_t15_p07_crowded,train,6bba_bb9f20c3,crowded,15,12,115,80,11,0,1,0.9166666666666666,1.0,0.9166666666666666,0.9565217391304348,0,0,1,5.3821440087631345
Condition_B_Causal_Linear_Velocity,Learned_UNet_N0,seq_inner_val_6bba_t85_p01_crowded,inner_val,6bba_bb9f20c3,crowded,23,18,90,60,11,1,7,0.6111111111111112,0.9166666666666666,0.5789473684210527,0.7333333333333334,4,1,2,5.108320998260751
Condition_B_Causal_Linear_Velocity,Learned_UNet_N0,seq_inner_val_6bba_t75_p02_crowded,inner_val,6bba_bb9f20c3,crowded,10,8,81,45,4,0,4,0.5,1.0,0.5,0.6666666666666666,4,0,0,5.343230004655197
Condition_B_Causal_Linear_Velocity,Learned_UNet_N0,seq_inner_val_6bba_t85_p03_crowded,inner_val,6bba_bb9f20c3,crowded,6,4,75,46,2,0,2,0.5,1.0,0.5,0.6666666666666666,0,0,2,5.027862003771588
Condition_B_Causal_Linear_Velocity,Learned_UNet_N0,seq_inner_val_6bba_t80_p04_crowded,inner_val,6bba_bb9f20c3,crowded,11,8,95,64,8,0,0,1.0,1.0,1.0,1.0,0,0,0,5.148024007212371
Condition_B_Causal_Linear_Velocity,Learned_UNet_N0,seq_inner_val_6bba_t75_p05_isolated,inner_val,6bba_bb9f20c3,isolated,5,4,71,36,2,0,2,0.5,1.0,0.5,0.6666666666666666,0,1,1,4.9402999866288155
Condition_B_Causal_Linear_Velocity,Learned_UNet_N0,seq_inner_val_6bba_t75_p06_isolated,inner_val,6bba_bb9f20c3,isolated,5,4,77,39,1,3,3,0.25,0.25,0.14285714285714285,0.25,0,3,0,4.969311004970223
Condition_B_Causal_Linear_Velocity,Learned_UNet_N0,seq_inner_val_6bba_t90_p07_isolated,inner_val,6bba_bb9f20c3,isolated,5,4,65,35,3,1,1,0.75,0.75,0.6,0.75,0,1,0,5.158691987162456
Condition_B_Causal_Linear_Velocity,Learned_UNet_N0,seq_inner_val_6bba_t90_p08_boundary,inner_val,6bba_bb9f20c3,boundary,6,4,57,33,3,0,1,0.75,1.0,0.75,0.8571428571428571,0,0,1,4.841713991481811
Condition_B_Causal_Linear_Velocity,Learned_UNet_N0,seq_inner_val_6bba_t90_p09_zero_annotation,inner_val,6bba_bb9f20c3,zero_annotation,0,0,69,27,0,0,0,0.0,0.0,0.0,0.0,0,0,0,4.945271008182317
Condition_B_Causal_Linear_Velocity,Learned_UNet_N0,seq_inner_val_6bba_t90_p10_zero_annotation,inner_val,6bba_bb9f20c3,zero_annotation,0,0,60,27,0,0,0,0.0,0.0,0.0,0.0,0,0,0,4.888380994088948
Condition_B_Causal_Linear_Velocity,Learned_UNet_N0,seq_inner_val_44b6_t80_p01_crowded,inner_val,44b6_d29c9ab2,crowded,10,7,102,64,7,0,0,1.0,1.0,1.0,1.0,0,0,0,5.259678000584245
Condition_B_Causal_Linear_Velocity,Learned_UNet_N0,seq_inner_val_44b6_t85_p02_crowded,inner_val,44b6_d29c9ab2,crowded,15,12,102,68,11,0,1,0.9166666666666666,1.0,0.9166666666666666,0.9565217391304348,0,0,1,5.677713023032993
Condition_B_Causal_Linear_Velocity,Learned_UNet_N0,seq_inner_val_44b6_t90_p03_crowded,inner_val,44b6_d29c9ab2,crowded,10,8,95,61,7,0,1,0.875,1.0,0.875,0.9333333333333333,0,0,1,5.263929982902482
Condition_B_Causal_Linear_Velocity,Learned_UNet_N0,seq_inner_val_44b6_t70_p04_crowded,inner_val,44b6_d29c9ab2,crowded,10,8,103,72,4,3,4,0.5,0.5714285714285714,0.36363636363636365,0.5333333333333333,2,1,1,5.280032986775041
Condition_B_Causal_Linear_Velocity,Learned_UNet_N0,seq_inner_val_44b6_t90_p05_isolated,inner_val,44b6_d29c9ab2,isolated,5,4,90,59,3,0,1,0.75,1.0,0.75,0.8571428571428571,0,0,1,5.118449975270778
Condition_B_Causal_Linear_Velocity,Learned_UNet_N0,seq_inner_val_44b6_t75_p06_isolated,inner_val,44b6_d29c9ab2,isolated,5,4,118,77,3,0,1,0.75,1.0,0.75,0.8571428571428571,0,0,1,5.63537998823449
Condition_B_Causal_Linear_Velocity,Learned_UNet_N0,seq_inner_val_44b6_t70_p07_isolated,inner_val,44b6_d29c9ab2,isolated,5,4,83,52,4,0,0,1.0,1.0,1.0,1.0,0,0,0,4.984845989383757
Condition_B_Causal_Linear_Velocity,Learned_UNet_N0,seq_inner_val_44b6_t70_p08_boundary,inner_val,44b6_d29c9ab2,boundary,5,4,119,79,4,0,0,1.0,1.0,1.0,1.0,0,0,0,5.5083250044845045
Condition_B_Causal_Linear_Velocity,Learned_UNet_N0,seq_inner_val_44b6_t90_p09_zero_annotation,inner_val,44b6_d29c9ab2,zero_annotation,0,0,123,74,0,0,0,0.0,0.0,0.0,0.0,0,0,0,5.468993011163548
Condition_B_Causal_Linear_Velocity,Learned_UNet_N0,seq_inner_val_44b6_t70_p10_zero_annotation,inner_val,44b6_d29c9ab2,zero_annotation,0,0,61,32,0,0,0,0.0,0.0,0.0,0.0,0,0,0,4.9631659931037575
Condition_B_Causal_Linear_Velocity,Learned_UNet_N0,seq_train_44b6_t40_p01_crowded,train,44b6_d29c9ab2,crowded,10,8,114,81,8,0,0,1.0,1.0,1.0,1.0,0,0,0,5.4461150139104575
Condition_B_Causal_Linear_Velocity,Learned_UNet_N0,seq_train_44b6_t45_p02_crowded,train,44b6_d29c9ab2,crowded,9,6,107,58,4,0,2,0.6666666666666666,1.0,0.6666666666666666,0.8,1,0,1,5.433765007182956
Condition_B_Causal_Linear_Velocity,Learned_UNet_N0,seq_train_44b6_t40_p04_crowded,train,44b6_d29c9ab2,crowded,15,12,90,61,11,0,1,0.9166666666666666,1.0,0.9166666666666666,0.9565217391304348,0,0,1,5.122840026160702
Condition_B_Causal_Linear_Velocity,Learned_UNet_N0,seq_train_44b6_t15_p05_crowded,train,44b6_d29c9ab2,crowded,14,11,85,41,5,0,6,0.45454545454545453,1.0,0.45454545454545453,0.625,5,0,1,4.97319400892593
Condition_B_Causal_Linear_Velocity,Learned_UNet_N0,seq_train_44b6_t20_p06_crowded,train,44b6_d29c9ab2,crowded,10,8,94,61,4,1,4,0.5,0.8,0.4444444444444444,0.6153846153846154,1,3,0,5.052709981100634
Condition_B_Causal_Linear_Velocity,Learned_UNet_N0,seq_train_6bba_t15_p01_crowded,train,6bba_bb9f20c3,crowded,9,5,79,54,4,1,1,0.8,0.8,0.6666666666666666,0.8000000000000002,0,1,0,5.079274997115135
Condition_B_Causal_Linear_Velocity,Learned_UNet_N0,seq_train_6bba_t35_p02_crowded,train,6bba_bb9f20c3,crowded,8,6,88,51,6,0,0,1.0,1.0,1.0,1.0,0,0,0,5.089901009341702
Condition_B_Causal_Linear_Velocity,Learned_UNet_N0,seq_train_6bba_t40_p03_crowded,train,6bba_bb9f20c3,crowded,11,8,81,56,8,0,0,1.0,1.0,1.0,1.0,0,0,0,4.9017420096788555
Condition_B_Causal_Linear_Velocity,Learned_UNet_N0,seq_train_6bba_t45_p04_crowded,train,6bba_bb9f20c3,crowded,12,9,67,42,6,0,3,0.6666666666666666,1.0,0.6666666666666666,0.8,1,0,2,4.839367000386119
Condition_B_Causal_Linear_Velocity,Learned_UNet_N0,seq_train_6bba_t15_p07_crowded,train,6bba_bb9f20c3,crowded,15,12,107,74,11,0,1,0.9166666666666666,1.0,0.9166666666666666,0.9565217391304348,0,0,1,5.470431002322584
Condition_B_Causal_Linear_Velocity,Classical_DoG,seq_inner_val_6bba_t85_p01_crowded,inner_val,6bba_bb9f20c3,crowded,23,18,11,6,0,1,18,0.0,0.0,0.0,0.0,18,0,0,3.7996210157871246
Condition_B_Causal_Linear_Velocity,Classical_DoG,seq_inner_val_6bba_t75_p02_crowded,inner_val,6bba_bb9f20c3,crowded,10,8,22,12,3,0,5,0.375,1.0,0.375,0.5454545454545454,4,1,0,4.502743016928434
Condition_B_Causal_Linear_Velocity,Classical_DoG,seq_inner_val_6bba_t85_p03_crowded,inner_val,6bba_bb9f20c3,crowded,6,4,14,9,0,0,4,0.0,0.0,0.0,0.0,4,0,0,4.4186830054968596
Condition_B_Causal_Linear_Velocity,Classical_DoG,seq_inner_val_6bba_t80_p04_crowded,inner_val,6bba_bb9f20c3,crowded,11,8,11,8,4,0,4,0.5,1.0,0.5,0.6666666666666666,4,0,0,4.537671018624678
Condition_B_Causal_Linear_Velocity,Classical_DoG,seq_inner_val_6bba_t75_p05_isolated,inner_val,6bba_bb9f20c3,isolated,5,4,15,9,3,0,1,0.75,1.0,0.75,0.8571428571428571,0,1,0,4.5628359948750585
Condition_B_Causal_Linear_Velocity,Classical_DoG,seq_inner_val_6bba_t75_p06_isolated,inner_val,6bba_bb9f20c3,isolated,5,4,16,8,0,0,4,0.0,0.0,0.0,0.0,4,0,0,4.57346998155117
Condition_B_Causal_Linear_Velocity,Classical_DoG,seq_inner_val_6bba_t90_p07_isolated,inner_val,6bba_bb9f20c3,isolated,5,4,4,2,0,0,4,0.0,0.0,0.0,0.0,4,0,0,3.5231989750172943
Condition_B_Causal_Linear_Velocity,Classical_DoG,seq_inner_val_6bba_t90_p08_boundary,inner_val,6bba_bb9f20c3,boundary,6,4,16,12,4,0,0,1.0,1.0,1.0,1.0,0,0,0,4.642640997190028
Condition_B_Causal_Linear_Velocity,Classical_DoG,seq_inner_val_6bba_t90_p09_zero_annotation,inner_val,6bba_bb9f20c3,zero_annotation,0,0,1,0,0,0,0,0.0,0.0,0.0,0.0,0,0,0,1.2040529982186854
Condition_B_Causal_Linear_Velocity,Classical_DoG,seq_inner_val_6bba_t90_p10_zero_annotation,inner_val,6bba_bb9f20c3,zero_annotation,0,0,0,0,0,0,0,0.0,0.0,0.0,0.0,0,0,0,0.42367298738099635
Condition_B_Causal_Linear_Velocity,Classical_DoG,seq_inner_val_44b6_t80_p01_crowded,inner_val,44b6_d29c9ab2,crowded,10,7,23,12,0,1,7,0.0,0.0,0.0,0.0,7,0,0,4.6613689919468015
Condition_B_Causal_Linear_Velocity,Classical_DoG,seq_inner_val_44b6_t85_p02_crowded,inner_val,44b6_d29c9ab2,crowded,15,12,37,21,4,0,8,0.3333333333333333,1.0,0.3333333333333333,0.5,8,0,0,4.860121000092477
Condition_B_Causal_Linear_Velocity,Classical_DoG,seq_inner_val_44b6_t90_p03_crowded,inner_val,44b6_d29c9ab2,crowded,10,8,28,20,7,0,1,0.875,1.0,0.875,0.9333333333333333,1,0,0,4.587034025462344
Condition_B_Causal_Linear_Velocity,Classical_DoG,seq_inner_val_44b6_t70_p04_crowded,inner_val,44b6_d29c9ab2,crowded,10,8,40,22,3,1,5,0.375,0.75,0.3333333333333333,0.5,4,0,1,4.743094003060833
Condition_B_Causal_Linear_Velocity,Classical_DoG,seq_inner_val_44b6_t90_p05_isolated,inner_val,44b6_d29c9ab2,isolated,5,4,31,21,4,0,0,1.0,1.0,1.0,1.0,0,0,0,4.624349996447563
Condition_B_Causal_Linear_Velocity,Classical_DoG,seq_inner_val_44b6_t75_p06_isolated,inner_val,44b6_d29c9ab2,isolated,5,4,34,19,4,0,0,1.0,1.0,1.0,1.0,0,0,0,4.51398899895139
Condition_B_Causal_Linear_Velocity,Classical_DoG,seq_inner_val_44b6_t70_p07_isolated,inner_val,44b6_d29c9ab2,isolated,5,4,24,19,4,0,0,1.0,1.0,1.0,1.0,0,0,0,4.599965002853423
Condition_B_Causal_Linear_Velocity,Classical_DoG,seq_inner_val_44b6_t70_p08_boundary,inner_val,44b6_d29c9ab2,boundary,5,4,48,31,0,0,4,0.0,0.0,0.0,0.0,4,0,0,4.6232190215960145
Condition_B_Causal_Linear_Velocity,Classical_DoG,seq_inner_val_44b6_t90_p09_zero_annotation,inner_val,44b6_d29c9ab2,zero_annotation,0,0,32,22,0,0,0,0.0,0.0,0.0,0.0,0,0,0,4.605072987033054
Condition_B_Causal_Linear_Velocity,Classical_DoG,seq_inner_val_44b6_t70_p10_zero_annotation,inner_val,44b6_d29c9ab2,zero_annotation,0,0,0,0,0,0,0,0.0,0.0,0.0,0.0,0,0,0,0.4339010047260672
Condition_B_Causal_Linear_Velocity,Classical_DoG,seq_train_44b6_t40_p01_crowded,train,44b6_d29c9ab2,crowded,10,8,33,23,4,0,4,0.5,1.0,0.5,0.6666666666666666,4,0,0,4.722798999864608
Condition_B_Causal_Linear_Velocity,Classical_DoG,seq_train_44b6_t45_p02_crowded,train,44b6_d29c9ab2,crowded,9,6,28,15,2,1,4,0.3333333333333333,0.6666666666666666,0.2857142857142857,0.4444444444444444,2,2,0,4.756740992888808
Condition_B_Causal_Linear_Velocity,Classical_DoG,seq_train_44b6_t40_p04_crowded,train,44b6_d29c9ab2,crowded,15,12,27,17,4,0,8,0.3333333333333333,1.0,0.3333333333333333,0.5,8,0,0,4.3013849935960025
Condition_B_Causal_Linear_Velocity,Classical_DoG,seq_train_44b6_t15_p05_crowded,train,44b6_d29c9ab2,crowded,14,11,37,19,3,1,8,0.2727272727272727,0.75,0.25,0.39999999999999997,7,1,0,4.625186993507668
Condition_B_Causal_Linear_Velocity,Classical_DoG,seq_train_44b6_t20_p06_crowded,train,44b6_d29c9ab2,crowded,10,8,26,18,0,0,8,0.0,0.0,0.0,0.0,8,0,0,4.594936995999888
Condition_B_Causal_Linear_Velocity,Classical_DoG,seq_train_6bba_t15_p01_crowded,train,6bba_bb9f20c3,crowded,9,5,19,7,3,0,2,0.6,1.0,0.6,0.7499999999999999,1,1,0,4.375916003482416
Condition_B_Causal_Linear_Velocity,Classical_DoG,seq_train_6bba_t35_p02_crowded,train,6bba_bb9f20c3,crowded,8,6,16,9,0,0,6,0.0,0.0,0.0,0.0,6,0,0,4.5301420032046735
Condition_B_Causal_Linear_Velocity,Classical_DoG,seq_train_6bba_t40_p03_crowded,train,6bba_bb9f20c3,crowded,11,8,23,14,0,0,8,0.0,0.0,0.0,0.0,8,0,0,4.718468990176916
Condition_B_Causal_Linear_Velocity,Classical_DoG,seq_train_6bba_t45_p04_crowded,train,6bba_bb9f20c3,crowded,12,9,19,11,6,1,3,0.6666666666666666,0.8571428571428571,0.6,0.75,3,0,0,4.7195469960570335
Condition_B_Causal_Linear_Velocity,Classical_DoG,seq_train_6bba_t15_p07_crowded,train,6bba_bb9f20c3,crowded,15,12,32,19,7,0,5,0.5833333333333334,1.0,0.5833333333333334,0.7368421052631579,5,0,0,4.580328997690231
Condition_C_Causal_Damped_Velocity,Learned_UNet_N1,seq_inner_val_6bba_t85_p01_crowded,inner_val,6bba_bb9f20c3,crowded,23,18,93,68,16,0,2,0.8888888888888888,1.0,0.8888888888888888,0.9411764705882353,2,0,0,5.142842011991888
Condition_C_Causal_Damped_Velocity,Learned_UNet_N1,seq_inner_val_6bba_t75_p02_crowded,inner_val,6bba_bb9f20c3,crowded,10,8,91,49,7,0,1,0.875,1.0,0.875,0.9333333333333333,0,0,1,5.262285005301237
Condition_C_Causal_Damped_Velocity,Learned_UNet_N1,seq_inner_val_6bba_t85_p03_crowded,inner_val,6bba_bb9f20c3,crowded,6,4,70,47,0,2,4,0.0,0.0,0.0,0.0,2,2,0,4.950472997734323
Condition_C_Causal_Damped_Velocity,Learned_UNet_N1,seq_inner_val_6bba_t80_p04_crowded,inner_val,6bba_bb9f20c3,crowded,11,8,91,60,8,0,0,1.0,1.0,1.0,1.0,0,0,0,5.066798999905586
Condition_C_Causal_Damped_Velocity,Learned_UNet_N1,seq_inner_val_6bba_t75_p05_isolated,inner_val,6bba_bb9f20c3,isolated,5,4,65,36,3,0,1,0.75,1.0,0.75,0.8571428571428571,0,1,0,4.931436007609591
Condition_C_Causal_Damped_Velocity,Learned_UNet_N1,seq_inner_val_6bba_t75_p06_isolated,inner_val,6bba_bb9f20c3,isolated,5,4,78,42,1,3,3,0.25,0.25,0.14285714285714285,0.25,0,3,0,5.252441012999043
Condition_C_Causal_Damped_Velocity,Learned_UNet_N1,seq_inner_val_6bba_t90_p07_isolated,inner_val,6bba_bb9f20c3,isolated,5,4,55,33,1,2,3,0.25,0.3333333333333333,0.16666666666666666,0.28571428571428575,0,2,1,4.9421690055169165
Condition_C_Causal_Damped_Velocity,Learned_UNet_N1,seq_inner_val_6bba_t90_p08_boundary,inner_val,6bba_bb9f20c3,boundary,6,4,46,27,4,0,0,1.0,1.0,1.0,1.0,0,0,0,4.556669999146834
Condition_C_Causal_Damped_Velocity,Learned_UNet_N1,seq_inner_val_6bba_t90_p09_zero_annotation,inner_val,6bba_bb9f20c3,zero_annotation,0,0,54,27,0,0,0,0.0,0.0,0.0,0.0,0,0,0,4.752011009259149
Condition_C_Causal_Damped_Velocity,Learned_UNet_N1,seq_inner_val_6bba_t90_p10_zero_annotation,inner_val,6bba_bb9f20c3,zero_annotation,0,0,57,25,0,0,0,0.0,0.0,0.0,0.0,0,0,0,4.876546998275444
Condition_C_Causal_Damped_Velocity,Learned_UNet_N1,seq_inner_val_44b6_t80_p01_crowded,inner_val,44b6_d29c9ab2,crowded,10,7,98,66,6,0,1,0.8571428571428571,1.0,0.8571428571428571,0.923076923076923,1,0,0,5.296200019074604
Condition_C_Causal_Damped_Velocity,Learned_UNet_N1,seq_inner_val_44b6_t85_p02_crowded,inner_val,44b6_d29c9ab2,crowded,15,12,96,65,11,0,1,0.9166666666666666,1.0,0.9166666666666666,0.9565217391304348,0,0,1,5.412007973063737
Condition_C_Causal_Damped_Velocity,Learned_UNet_N1,seq_inner_val_44b6_t90_p03_crowded,inner_val,44b6_d29c9ab2,crowded,10,8,96,59,7,0,1,0.875,1.0,0.875,0.9333333333333333,0,0,1,5.195940990233794
Condition_C_Causal_Damped_Velocity,Learned_UNet_N1,seq_inner_val_44b6_t70_p04_crowded,inner_val,44b6_d29c9ab2,crowded,10,8,115,85,8,0,0,1.0,1.0,1.0,1.0,0,0,0,5.34709298517555
Condition_C_Causal_Damped_Velocity,Learned_UNet_N1,seq_inner_val_44b6_t90_p05_isolated,inner_val,44b6_d29c9ab2,isolated,5,4,94,63,4,0,0,1.0,1.0,1.0,1.0,0,0,0,5.0821749900933355
Condition_C_Causal_Damped_Velocity,Learned_UNet_N1,seq_inner_val_44b6_t75_p06_isolated,inner_val,44b6_d29c9ab2,isolated,5,4,119,81,4,0,0,1.0,1.0,1.0,1.0,0,0,0,5.559758021263406
Condition_C_Causal_Damped_Velocity,Learned_UNet_N1,seq_inner_val_44b6_t70_p07_isolated,inner_val,44b6_d29c9ab2,isolated,5,4,98,68,4,0,0,1.0,1.0,1.0,1.0,0,0,0,5.54112100508064
Condition_C_Causal_Damped_Velocity,Learned_UNet_N1,seq_inner_val_44b6_t70_p08_boundary,inner_val,44b6_d29c9ab2,boundary,5,4,128,90,4,0,0,1.0,1.0,1.0,1.0,0,0,0,5.448143027024344
Condition_C_Causal_Damped_Velocity,Learned_UNet_N1,seq_inner_val_44b6_t90_p09_zero_annotation,inner_val,44b6_d29c9ab2,zero_annotation,0,0,127,87,0,0,0,0.0,0.0,0.0,0.0,0,0,0,5.579873017268255
Condition_C_Causal_Damped_Velocity,Learned_UNet_N1,seq_inner_val_44b6_t70_p10_zero_annotation,inner_val,44b6_d29c9ab2,zero_annotation,0,0,65,33,0,0,0,0.0,0.0,0.0,0.0,0,0,0,5.010544991819188
Condition_C_Causal_Damped_Velocity,Learned_UNet_N1,seq_train_44b6_t40_p01_crowded,train,44b6_d29c9ab2,crowded,10,8,117,85,8,0,0,1.0,1.0,1.0,1.0,0,0,0,5.218123988015577
Condition_C_Causal_Damped_Velocity,Learned_UNet_N1,seq_train_44b6_t45_p02_crowded,train,44b6_d29c9ab2,crowded,9,6,99,52,3,0,3,0.5,1.0,0.5,0.6666666666666666,0,1,2,5.2480669983197
Condition_C_Causal_Damped_Velocity,Learned_UNet_N1,seq_train_44b6_t40_p04_crowded,train,44b6_d29c9ab2,crowded,15,12,96,69,12,0,0,1.0,1.0,1.0,1.0,0,0,0,5.146215000422671
Condition_C_Causal_Damped_Velocity,Learned_UNet_N1,seq_train_44b6_t15_p05_crowded,train,44b6_d29c9ab2,crowded,14,11,88,45,7,0,4,0.6363636363636364,1.0,0.6363636363636364,0.7777777777777778,2,0,2,5.1263780042063445
Condition_C_Causal_Damped_Velocity,Learned_UNet_N1,seq_train_44b6_t20_p06_crowded,train,44b6_d29c9ab2,crowded,10,8,95,69,6,0,2,0.75,1.0,0.75,0.8571428571428571,2,0,0,5.100112990476191
Condition_C_Causal_Damped_Velocity,Learned_UNet_N1,seq_train_6bba_t15_p01_crowded,train,6bba_bb9f20c3,crowded,9,5,83,55,4,0,1,0.8,1.0,0.8,0.888888888888889,1,0,0,5.32928598113358
Condition_C_Causal_Damped_Velocity,Learned_UNet_N1,seq_train_6bba_t35_p02_crowded,train,6bba_bb9f20c3,crowded,8,6,78,50,5,1,1,0.8333333333333334,0.8333333333333334,0.7142857142857143,0.8333333333333334,0,1,0,4.932787996949628
Condition_C_Causal_Damped_Velocity,Learned_UNet_N1,seq_train_6bba_t40_p03_crowded,train,6bba_bb9f20c3,crowded,11,8,89,65,8,0,0,1.0,1.0,1.0,1.0,0,0,0,5.214131000684574
Condition_C_Causal_Damped_Velocity,Learned_UNet_N1,seq_train_6bba_t45_p04_crowded,train,6bba_bb9f20c3,crowded,12,9,73,46,9,0,0,1.0,1.0,1.0,1.0,0,0,0,4.9652229936327785
Condition_C_Causal_Damped_Velocity,Learned_UNet_N1,seq_train_6bba_t15_p07_crowded,train,6bba_bb9f20c3,crowded,15,12,115,83,12,0,0,1.0,1.0,1.0,1.0,0,0,0,5.816507007693872
Condition_C_Causal_Damped_Velocity,Learned_UNet_N0,seq_inner_val_6bba_t85_p01_crowded,inner_val,6bba_bb9f20c3,crowded,23,18,90,60,11,1,7,0.6111111111111112,0.9166666666666666,0.5789473684210527,0.7333333333333334,4,1,2,4.969900008291006
Condition_C_Causal_Damped_Velocity,Learned_UNet_N0,seq_inner_val_6bba_t75_p02_crowded,inner_val,6bba_bb9f20c3,crowded,10,8,81,45,4,0,4,0.5,1.0,0.5,0.6666666666666666,4,0,0,5.0324019975960255
Condition_C_Causal_Damped_Velocity,Learned_UNet_N0,seq_inner_val_6bba_t85_p03_crowded,inner_val,6bba_bb9f20c3,crowded,6,4,75,49,3,0,1,0.75,1.0,0.75,0.8571428571428571,0,0,1,4.8810380103532225
Condition_C_Causal_Damped_Velocity,Learned_UNet_N0,seq_inner_val_6bba_t80_p04_crowded,inner_val,6bba_bb9f20c3,crowded,11,8,95,64,8,0,0,1.0,1.0,1.0,1.0,0,0,0,5.292811983963475
Condition_C_Causal_Damped_Velocity,Learned_UNet_N0,seq_inner_val_6bba_t75_p05_isolated,inner_val,6bba_bb9f20c3,isolated,5,4,71,36,2,0,2,0.5,1.0,0.5,0.6666666666666666,0,1,1,4.917575017316267
Condition_C_Causal_Damped_Velocity,Learned_UNet_N0,seq_inner_val_6bba_t75_p06_isolated,inner_val,6bba_bb9f20c3,isolated,5,4,77,40,1,3,3,0.25,0.25,0.14285714285714285,0.25,0,3,0,5.2165749948471785
Condition_C_Causal_Damped_Velocity,Learned_UNet_N0,seq_inner_val_6bba_t90_p07_isolated,inner_val,6bba_bb9f20c3,isolated,5,4,65,36,3,1,1,0.75,0.75,0.6,0.75,0,1,0,5.510551010956988
Condition_C_Causal_Damped_Velocity,Learned_UNet_N0,seq_inner_val_6bba_t90_p08_boundary,inner_val,6bba_bb9f20c3,boundary,6,4,57,33,3,0,1,0.75,1.0,0.75,0.8571428571428571,0,0,1,4.726172017399222
Condition_C_Causal_Damped_Velocity,Learned_UNet_N0,seq_inner_val_6bba_t90_p09_zero_annotation,inner_val,6bba_bb9f20c3,zero_annotation,0,0,69,27,0,0,0,0.0,0.0,0.0,0.0,0,0,0,4.760509007610381
Condition_C_Causal_Damped_Velocity,Learned_UNet_N0,seq_inner_val_6bba_t90_p10_zero_annotation,inner_val,6bba_bb9f20c3,zero_annotation,0,0,60,27,0,0,0,0.0,0.0,0.0,0.0,0,0,0,5.172565026441589
Condition_C_Causal_Damped_Velocity,Learned_UNet_N0,seq_inner_val_44b6_t80_p01_crowded,inner_val,44b6_d29c9ab2,crowded,10,7,102,68,7,0,0,1.0,1.0,1.0,1.0,0,0,0,5.507305002538487
Condition_C_Causal_Damped_Velocity,Learned_UNet_N0,seq_inner_val_44b6_t85_p02_crowded,inner_val,44b6_d29c9ab2,crowded,15,12,102,70,12,0,0,1.0,1.0,1.0,1.0,0,0,0,5.249865993391722
Condition_C_Causal_Damped_Velocity,Learned_UNet_N0,seq_inner_val_44b6_t90_p03_crowded,inner_val,44b6_d29c9ab2,crowded,10,8,95,65,8,0,0,1.0,1.0,1.0,1.0,0,0,0,5.154635000508279
Condition_C_Causal_Damped_Velocity,Learned_UNet_N0,seq_inner_val_44b6_t70_p04_crowded,inner_val,44b6_d29c9ab2,crowded,10,8,103,75,4,3,4,0.5,0.5714285714285714,0.36363636363636365,0.5333333333333333,2,1,1,5.39334598579444
Condition_C_Causal_Damped_Velocity,Learned_UNet_N0,seq_inner_val_44b6_t90_p05_isolated,inner_val,44b6_d29c9ab2,isolated,5,4,90,61,4,0,0,1.0,1.0,1.0,1.0,0,0,0,5.2357469976413995
Condition_C_Causal_Damped_Velocity,Learned_UNet_N0,seq_inner_val_44b6_t75_p06_isolated,inner_val,44b6_d29c9ab2,isolated,5,4,118,79,4,0,0,1.0,1.0,1.0,1.0,0,0,0,5.561263009440154
Condition_C_Causal_Damped_Velocity,Learned_UNet_N0,seq_inner_val_44b6_t70_p07_isolated,inner_val,44b6_d29c9ab2,isolated,5,4,83,54,4,0,0,1.0,1.0,1.0,1.0,0,0,0,5.231093993643299
Condition_C_Causal_Damped_Velocity,Learned_UNet_N0,seq_inner_val_44b6_t70_p08_boundary,inner_val,44b6_d29c9ab2,boundary,5,4,119,82,4,0,0,1.0,1.0,1.0,1.0,0,0,0,5.420892994152382
Condition_C_Causal_Damped_Velocity,Learned_UNet_N0,seq_inner_val_44b6_t90_p09_zero_annotation,inner_val,44b6_d29c9ab2,zero_annotation,0,0,123,79,0,0,0,0.0,0.0,0.0,0.0,0,0,0,5.363675008993596
Condition_C_Causal_Damped_Velocity,Learned_UNet_N0,seq_inner_val_44b6_t70_p10_zero_annotation,inner_val,44b6_d29c9ab2,zero_annotation,0,0,61,34,0,0,0,0.0,0.0,0.0,0.0,0,0,0,5.100600013975054
Condition_C_Causal_Damped_Velocity,Learned_UNet_N0,seq_train_44b6_t40_p01_crowded,train,44b6_d29c9ab2,crowded,10,8,114,82,8,0,0,1.0,1.0,1.0,1.0,0,0,0,5.52055099979043
Condition_C_Causal_Damped_Velocity,Learned_UNet_N0,seq_train_44b6_t45_p02_crowded,train,44b6_d29c9ab2,crowded,9,6,107,60,4,0,2,0.6666666666666666,1.0,0.6666666666666666,0.8,1,0,1,5.304810998495668
Condition_C_Causal_Damped_Velocity,Learned_UNet_N0,seq_train_44b6_t40_p04_crowded,train,44b6_d29c9ab2,crowded,15,12,90,62,12,0,0,1.0,1.0,1.0,1.0,0,0,0,5.388898978708312
Condition_C_Causal_Damped_Velocity,Learned_UNet_N0,seq_train_44b6_t15_p05_crowded,train,44b6_d29c9ab2,crowded,14,11,85,43,6,0,5,0.5454545454545454,1.0,0.5454545454545454,0.7058823529411764,5,0,0,5.000637000193819
Condition_C_Causal_Damped_Velocity,Learned_UNet_N0,seq_train_44b6_t20_p06_crowded,train,44b6_d29c9ab2,crowded,10,8,94,62,4,1,4,0.5,0.8,0.4444444444444444,0.6153846153846154,1,3,0,5.516199016710743
Condition_C_Causal_Damped_Velocity,Learned_UNet_N0,seq_train_6bba_t15_p01_crowded,train,6bba_bb9f20c3,crowded,9,5,79,53,4,1,1,0.8,0.8,0.6666666666666666,0.8000000000000002,0,1,0,5.084656004328281
Condition_C_Causal_Damped_Velocity,Learned_UNet_N0,seq_train_6bba_t35_p02_crowded,train,6bba_bb9f20c3,crowded,8,6,88,52,6,0,0,1.0,1.0,1.0,1.0,0,0,0,5.145190021721646
Condition_C_Causal_Damped_Velocity,Learned_UNet_N0,seq_train_6bba_t40_p03_crowded,train,6bba_bb9f20c3,crowded,11,8,81,56,8,0,0,1.0,1.0,1.0,1.0,0,0,0,5.365392979001626
Condition_C_Causal_Damped_Velocity,Learned_UNet_N0,seq_train_6bba_t45_p04_crowded,train,6bba_bb9f20c3,crowded,12,9,67,43,7,0,2,0.7777777777777778,1.0,0.7777777777777778,0.8750000000000001,1,0,1,4.742631979752332
Condition_C_Causal_Damped_Velocity,Learned_UNet_N0,seq_train_6bba_t15_p07_crowded,train,6bba_bb9f20c3,crowded,15,12,107,76,11,0,1,0.9166666666666666,1.0,0.9166666666666666,0.9565217391304348,0,0,1,5.159649008419365
Condition_C_Causal_Damped_Velocity,Classical_DoG,seq_inner_val_6bba_t85_p01_crowded,inner_val,6bba_bb9f20c3,crowded,23,18,11,6,0,1,18,0.0,0.0,0.0,0.0,18,0,0,4.1679169808048755
Condition_C_Causal_Damped_Velocity,Classical_DoG,seq_inner_val_6bba_t75_p02_crowded,inner_val,6bba_bb9f20c3,crowded,10,8,22,12,3,0,5,0.375,1.0,0.375,0.5454545454545454,4,1,0,4.697910975664854
Condition_C_Causal_Damped_Velocity,Classical_DoG,seq_inner_val_6bba_t85_p03_crowded,inner_val,6bba_bb9f20c3,crowded,6,4,14,9,0,0,4,0.0,0.0,0.0,0.0,4,0,0,4.401949001476169
Condition_C_Causal_Damped_Velocity,Classical_DoG,seq_inner_val_6bba_t80_p04_crowded,inner_val,6bba_bb9f20c3,crowded,11,8,11,8,4,0,4,0.5,1.0,0.5,0.6666666666666666,4,0,0,4.479504015762359
Condition_C_Causal_Damped_Velocity,Classical_DoG,seq_inner_val_6bba_t75_p05_isolated,inner_val,6bba_bb9f20c3,isolated,5,4,15,9,3,0,1,0.75,1.0,0.75,0.8571428571428571,0,1,0,4.293565987609327
Condition_C_Causal_Damped_Velocity,Classical_DoG,seq_inner_val_6bba_t75_p06_isolated,inner_val,6bba_bb9f20c3,isolated,5,4,16,8,0,0,4,0.0,0.0,0.0,0.0,4,0,0,4.468837025342509
Condition_C_Causal_Damped_Velocity,Classical_DoG,seq_inner_val_6bba_t90_p07_isolated,inner_val,6bba_bb9f20c3,isolated,5,4,4,3,0,0,4,0.0,0.0,0.0,0.0,4,0,0,3.7035940040368587
Condition_C_Causal_Damped_Velocity,Classical_DoG,seq_inner_val_6bba_t90_p08_boundary,inner_val,6bba_bb9f20c3,boundary,6,4,16,12,4,0,0,1.0,1.0,1.0,1.0,0,0,0,4.476450994843617
Condition_C_Causal_Damped_Velocity,Classical_DoG,seq_inner_val_6bba_t90_p09_zero_annotation,inner_val,6bba_bb9f20c3,zero_annotation,0,0,1,0,0,0,0,0.0,0.0,0.0,0.0,0,0,0,1.3897480093874037
Condition_C_Causal_Damped_Velocity,Classical_DoG,seq_inner_val_6bba_t90_p10_zero_annotation,inner_val,6bba_bb9f20c3,zero_annotation,0,0,0,0,0,0,0,0.0,0.0,0.0,0.0,0,0,0,0.3940720052924007
Condition_C_Causal_Damped_Velocity,Classical_DoG,seq_inner_val_44b6_t80_p01_crowded,inner_val,44b6_d29c9ab2,crowded,10,7,23,13,0,1,7,0.0,0.0,0.0,0.0,7,0,0,4.616499005351216
Condition_C_Causal_Damped_Velocity,Classical_DoG,seq_inner_val_44b6_t85_p02_crowded,inner_val,44b6_d29c9ab2,crowded,15,12,37,21,4,0,8,0.3333333333333333,1.0,0.3333333333333333,0.5,8,0,0,4.771559004439041
Condition_C_Causal_Damped_Velocity,Classical_DoG,seq_inner_val_44b6_t90_p03_crowded,inner_val,44b6_d29c9ab2,crowded,10,8,28,20,7,0,1,0.875,1.0,0.875,0.9333333333333333,1,0,0,4.751464002765715
Condition_C_Causal_Damped_Velocity,Classical_DoG,seq_inner_val_44b6_t70_p04_crowded,inner_val,44b6_d29c9ab2,crowded,10,8,40,22,3,1,5,0.375,0.75,0.3333333333333333,0.5,4,0,1,5.033532972447574
Condition_C_Causal_Damped_Velocity,Classical_DoG,seq_inner_val_44b6_t90_p05_isolated,inner_val,44b6_d29c9ab2,isolated,5,4,31,21,4,0,0,1.0,1.0,1.0,1.0,0,0,0,4.6939890016801655
Condition_C_Causal_Damped_Velocity,Classical_DoG,seq_inner_val_44b6_t75_p06_isolated,inner_val,44b6_d29c9ab2,isolated,5,4,34,20,4,0,0,1.0,1.0,1.0,1.0,0,0,0,5.2183679945301265
Condition_C_Causal_Damped_Velocity,Classical_DoG,seq_inner_val_44b6_t70_p07_isolated,inner_val,44b6_d29c9ab2,isolated,5,4,24,19,4,0,0,1.0,1.0,1.0,1.0,0,0,0,4.509202990448102
Condition_C_Causal_Damped_Velocity,Classical_DoG,seq_inner_val_44b6_t70_p08_boundary,inner_val,44b6_d29c9ab2,boundary,5,4,48,31,0,0,4,0.0,0.0,0.0,0.0,4,0,0,4.854647995671257
Condition_C_Causal_Damped_Velocity,Classical_DoG,seq_inner_val_44b6_t90_p09_zero_annotation,inner_val,44b6_d29c9ab2,zero_annotation,0,0,32,22,0,0,0,0.0,0.0,0.0,0.0,0,0,0,4.68347201240249
Condition_C_Causal_Damped_Velocity,Classical_DoG,seq_inner_val_44b6_t70_p10_zero_annotation,inner_val,44b6_d29c9ab2,zero_annotation,0,0,0,0,0,0,0,0.0,0.0,0.0,0.0,0,0,0,0.406537001254037
Condition_C_Causal_Damped_Velocity,Classical_DoG,seq_train_44b6_t40_p01_crowded,train,44b6_d29c9ab2,crowded,10,8,33,23,4,0,4,0.5,1.0,0.5,0.6666666666666666,4,0,0,4.698523000115529
Condition_C_Causal_Damped_Velocity,Classical_DoG,seq_train_44b6_t45_p02_crowded,train,44b6_d29c9ab2,crowded,9,6,28,15,2,1,4,0.3333333333333333,0.6666666666666666,0.2857142857142857,0.4444444444444444,2,2,0,4.739323980174959
Condition_C_Causal_Damped_Velocity,Classical_DoG,seq_train_44b6_t40_p04_crowded,train,44b6_d29c9ab2,crowded,15,12,27,17,4,0,8,0.3333333333333333,1.0,0.3333333333333333,0.5,8,0,0,4.4780120078939945
Condition_C_Causal_Damped_Velocity,Classical_DoG,seq_train_44b6_t15_p05_crowded,train,44b6_d29c9ab2,crowded,14,11,37,19,3,0,8,0.2727272727272727,1.0,0.2727272727272727,0.42857142857142855,7,1,0,4.919232014799491
Condition_C_Causal_Damped_Velocity,Classical_DoG,seq_train_44b6_t20_p06_crowded,train,44b6_d29c9ab2,crowded,10,8,26,18,0,0,8,0.0,0.0,0.0,0.0,8,0,0,4.6283319825306535
Condition_C_Causal_Damped_Velocity,Classical_DoG,seq_train_6bba_t15_p01_crowded,train,6bba_bb9f20c3,crowded,9,5,19,7,3,0,2,0.6,1.0,0.6,0.7499999999999999,1,1,0,4.695306997746229
Condition_C_Causal_Damped_Velocity,Classical_DoG,seq_train_6bba_t35_p02_crowded,train,6bba_bb9f20c3,crowded,8,6,16,9,0,0,6,0.0,0.0,0.0,0.0,6,0,0,4.209712002193555
Condition_C_Causal_Damped_Velocity,Classical_DoG,seq_train_6bba_t40_p03_crowded,train,6bba_bb9f20c3,crowded,11,8,23,14,0,0,8,0.0,0.0,0.0,0.0,8,0,0,4.514600994298235
Condition_C_Causal_Damped_Velocity,Classical_DoG,seq_train_6bba_t45_p04_crowded,train,6bba_bb9f20c3,crowded,12,9,19,11,6,1,3,0.6666666666666666,0.8571428571428571,0.6,0.75,3,0,0,4.4958009966649115
Condition_C_Causal_Damped_Velocity,Classical_DoG,seq_train_6bba_t15_p07_crowded,train,6bba_bb9f20c3,crowded,15,12,32,19,7,0,5,0.5833333333333334,1.0,0.5833333333333334,0.7368421052631579,5,0,0,4.722597019281238
Condition_D_Ablation_Dual_Envelope_Static,Learned_UNet_N1,seq_inner_val_6bba_t85_p01_crowded,inner_val,6bba_bb9f20c3,crowded,23,18,93,67,16,0,2,0.8888888888888888,1.0,0.8888888888888888,0.9411764705882353,2,0,0,5.16495099873282
Condition_D_Ablation_Dual_Envelope_Static,Learned_UNet_N1,seq_inner_val_6bba_t75_p02_crowded,inner_val,6bba_bb9f20c3,crowded,10,8,91,50,7,0,1,0.875,1.0,0.875,0.9333333333333333,0,0,1,5.096019012853503
Condition_D_Ablation_Dual_Envelope_Static,Learned_UNet_N1,seq_inner_val_6bba_t85_p03_crowded,inner_val,6bba_bb9f20c3,crowded,6,4,70,47,0,2,4,0.0,0.0,0.0,0.0,2,2,0,5.018377007218078
Condition_D_Ablation_Dual_Envelope_Static,Learned_UNet_N1,seq_inner_val_6bba_t80_p04_crowded,inner_val,6bba_bb9f20c3,crowded,11,8,91,61,8,0,0,1.0,1.0,1.0,1.0,0,0,0,5.4264919890556484
Condition_D_Ablation_Dual_Envelope_Static,Learned_UNet_N1,seq_inner_val_6bba_t75_p05_isolated,inner_val,6bba_bb9f20c3,isolated,5,4,65,36,3,0,1,0.75,1.0,0.75,0.8571428571428571,0,1,0,4.938088997732848
Condition_D_Ablation_Dual_Envelope_Static,Learned_UNet_N1,seq_inner_val_6bba_t75_p06_isolated,inner_val,6bba_bb9f20c3,isolated,5,4,78,42,1,3,3,0.25,0.25,0.14285714285714285,0.25,0,3,0,5.106435011839494
Condition_D_Ablation_Dual_Envelope_Static,Learned_UNet_N1,seq_inner_val_6bba_t90_p07_isolated,inner_val,6bba_bb9f20c3,isolated,5,4,55,33,1,2,3,0.25,0.3333333333333333,0.16666666666666666,0.28571428571428575,0,2,1,5.078162997961044
Condition_D_Ablation_Dual_Envelope_Static,Learned_UNet_N1,seq_inner_val_6bba_t90_p08_boundary,inner_val,6bba_bb9f20c3,boundary,6,4,46,27,4,0,0,1.0,1.0,1.0,1.0,0,0,0,5.272301001241431
Condition_D_Ablation_Dual_Envelope_Static,Learned_UNet_N1,seq_inner_val_6bba_t90_p09_zero_annotation,inner_val,6bba_bb9f20c3,zero_annotation,0,0,54,27,0,0,0,0.0,0.0,0.0,0.0,0,0,0,4.8237240116577595
Condition_D_Ablation_Dual_Envelope_Static,Learned_UNet_N1,seq_inner_val_6bba_t90_p10_zero_annotation,inner_val,6bba_bb9f20c3,zero_annotation,0,0,57,26,0,0,0,0.0,0.0,0.0,0.0,0,0,0,4.795460001332685
Condition_D_Ablation_Dual_Envelope_Static,Learned_UNet_N1,seq_inner_val_44b6_t80_p01_crowded,inner_val,44b6_d29c9ab2,crowded,10,7,98,65,6,0,1,0.8571428571428571,1.0,0.8571428571428571,0.923076923076923,1,0,0,5.276779003906995
Condition_D_Ablation_Dual_Envelope_Static,Learned_UNet_N1,seq_inner_val_44b6_t85_p02_crowded,inner_val,44b6_d29c9ab2,crowded,15,12,96,66,12,0,0,1.0,1.0,1.0,1.0,0,0,0,5.121225985931233
Condition_D_Ablation_Dual_Envelope_Static,Learned_UNet_N1,seq_inner_val_44b6_t90_p03_crowded,inner_val,44b6_d29c9ab2,crowded,10,8,96,61,8,0,0,1.0,1.0,1.0,1.0,0,0,0,5.791649018647149
Condition_D_Ablation_Dual_Envelope_Static,Learned_UNet_N1,seq_inner_val_44b6_t70_p04_crowded,inner_val,44b6_d29c9ab2,crowded,10,8,115,85,8,0,0,1.0,1.0,1.0,1.0,0,0,0,5.578529002377763
Condition_D_Ablation_Dual_Envelope_Static,Learned_UNet_N1,seq_inner_val_44b6_t90_p05_isolated,inner_val,44b6_d29c9ab2,isolated,5,4,94,63,4,0,0,1.0,1.0,1.0,1.0,0,0,0,5.216115998337045
Condition_D_Ablation_Dual_Envelope_Static,Learned_UNet_N1,seq_inner_val_44b6_t75_p06_isolated,inner_val,44b6_d29c9ab2,isolated,5,4,119,85,4,0,0,1.0,1.0,1.0,1.0,0,0,0,5.6973579921759665
Condition_D_Ablation_Dual_Envelope_Static,Learned_UNet_N1,seq_inner_val_44b6_t70_p07_isolated,inner_val,44b6_d29c9ab2,isolated,5,4,98,68,4,0,0,1.0,1.0,1.0,1.0,0,0,0,5.345895973732695
Condition_D_Ablation_Dual_Envelope_Static,Learned_UNet_N1,seq_inner_val_44b6_t70_p08_boundary,inner_val,44b6_d29c9ab2,boundary,5,4,128,90,4,0,0,1.0,1.0,1.0,1.0,0,0,0,5.508984002517536
Condition_D_Ablation_Dual_Envelope_Static,Learned_UNet_N1,seq_inner_val_44b6_t90_p09_zero_annotation,inner_val,44b6_d29c9ab2,zero_annotation,0,0,127,89,0,0,0,0.0,0.0,0.0,0.0,0,0,0,5.77835098374635
Condition_D_Ablation_Dual_Envelope_Static,Learned_UNet_N1,seq_inner_val_44b6_t70_p10_zero_annotation,inner_val,44b6_d29c9ab2,zero_annotation,0,0,65,33,0,0,0,0.0,0.0,0.0,0.0,0,0,0,4.967571003362536
Condition_D_Ablation_Dual_Envelope_Static,Learned_UNet_N1,seq_train_44b6_t40_p01_crowded,train,44b6_d29c9ab2,crowded,10,8,117,85,8,0,0,1.0,1.0,1.0,1.0,0,0,0,5.470535979839042
Condition_D_Ablation_Dual_Envelope_Static,Learned_UNet_N1,seq_train_44b6_t45_p02_crowded,train,44b6_d29c9ab2,crowded,9,6,99,52,4,0,2,0.6666666666666666,1.0,0.6666666666666666,0.8,0,1,1,5.302130011841655
Condition_D_Ablation_Dual_Envelope_Static,Learned_UNet_N1,seq_train_44b6_t40_p04_crowded,train,44b6_d29c9ab2,crowded,15,12,96,71,12,0,0,1.0,1.0,1.0,1.0,0,0,0,5.080588976852596
Condition_D_Ablation_Dual_Envelope_Static,Learned_UNet_N1,seq_train_44b6_t15_p05_crowded,train,44b6_d29c9ab2,crowded,14,11,88,49,8,0,3,0.7272727272727273,1.0,0.7272727272727273,0.8421052631578948,2,0,1,5.123478011228144
Condition_D_Ablation_Dual_Envelope_Static,Learned_UNet_N1,seq_train_44b6_t20_p06_crowded,train,44b6_d29c9ab2,crowded,10,8,95,69,6,0,2,0.75,1.0,0.75,0.8571428571428571,2,0,0,5.071291991043836
Condition_D_Ablation_Dual_Envelope_Static,Learned_UNet_N1,seq_train_6bba_t15_p01_crowded,train,6bba_bb9f20c3,crowded,9,5,83,55,4,0,1,0.8,1.0,0.8,0.888888888888889,1,0,0,5.2999040053691715
Condition_D_Ablation_Dual_Envelope_Static,Learned_UNet_N1,seq_train_6bba_t35_p02_crowded,train,6bba_bb9f20c3,crowded,8,6,78,48,5,1,1,0.8333333333333334,0.8333333333333334,0.7142857142857143,0.8333333333333334,0,1,0,5.232550000073388
Condition_D_Ablation_Dual_Envelope_Static,Learned_UNet_N1,seq_train_6bba_t40_p03_crowded,train,6bba_bb9f20c3,crowded,11,8,89,66,8,0,0,1.0,1.0,1.0,1.0,0,0,0,5.249227018794045
Condition_D_Ablation_Dual_Envelope_Static,Learned_UNet_N1,seq_train_6bba_t45_p04_crowded,train,6bba_bb9f20c3,crowded,12,9,73,45,8,0,1,0.8888888888888888,1.0,0.8888888888888888,0.9411764705882353,0,0,1,4.993558017304167
Condition_D_Ablation_Dual_Envelope_Static,Learned_UNet_N1,seq_train_6bba_t15_p07_crowded,train,6bba_bb9f20c3,crowded,15,12,115,83,12,0,0,1.0,1.0,1.0,1.0,0,0,0,5.499884020537138
Condition_D_Ablation_Dual_Envelope_Static,Learned_UNet_N0,seq_inner_val_6bba_t85_p01_crowded,inner_val,6bba_bb9f20c3,crowded,23,18,90,61,12,1,6,0.6666666666666666,0.9230769230769231,0.631578947368421,0.7741935483870968,4,1,1,5.1397940260358155
Condition_D_Ablation_Dual_Envelope_Static,Learned_UNet_N0,seq_inner_val_6bba_t75_p02_crowded,inner_val,6bba_bb9f20c3,crowded,10,8,81,45,4,0,4,0.5,1.0,0.5,0.6666666666666666,4,0,0,5.108757992275059
Condition_D_Ablation_Dual_Envelope_Static,Learned_UNet_N0,seq_inner_val_6bba_t85_p03_crowded,inner_val,6bba_bb9f20c3,crowded,6,4,75,53,4,0,0,1.0,1.0,1.0,1.0,0,0,0,5.831459013279527
Condition_D_Ablation_Dual_Envelope_Static,Learned_UNet_N0,seq_inner_val_6bba_t80_p04_crowded,inner_val,6bba_bb9f20c3,crowded,11,8,95,65,8,0,0,1.0,1.0,1.0,1.0,0,0,0,5.484713998157531
Condition_D_Ablation_Dual_Envelope_Static,Learned_UNet_N0,seq_inner_val_6bba_t75_p05_isolated,inner_val,6bba_bb9f20c3,isolated,5,4,71,36,2,0,2,0.5,1.0,0.5,0.6666666666666666,0,1,1,5.027890001656488
Condition_D_Ablation_Dual_Envelope_Static,Learned_UNet_N0,seq_inner_val_6bba_t75_p06_isolated,inner_val,6bba_bb9f20c3,isolated,5,4,77,40,1,3,3,0.25,0.25,0.14285714285714285,0.25,0,3,0,5.072019994258881
Condition_D_Ablation_Dual_Envelope_Static,Learned_UNet_N0,seq_inner_val_6bba_t90_p07_isolated,inner_val,6bba_bb9f20c3,isolated,5,4,65,38,3,1,1,0.75,0.75,0.6,0.75,0,1,0,4.993823997210711
Condition_D_Ablation_Dual_Envelope_Static,Learned_UNet_N0,seq_inner_val_6bba_t90_p08_boundary,inner_val,6bba_bb9f20c3,boundary,6,4,57,35,3,0,1,0.75,1.0,0.75,0.8571428571428571,0,0,1,5.005582002922893
Condition_D_Ablation_Dual_Envelope_Static,Learned_UNet_N0,seq_inner_val_6bba_t90_p09_zero_annotation,inner_val,6bba_bb9f20c3,zero_annotation,0,0,69,28,0,0,0,0.0,0.0,0.0,0.0,0,0,0,5.010274995584041
Condition_D_Ablation_Dual_Envelope_Static,Learned_UNet_N0,seq_inner_val_6bba_t90_p10_zero_annotation,inner_val,6bba_bb9f20c3,zero_annotation,0,0,60,27,0,0,0,0.0,0.0,0.0,0.0,0,0,0,5.159880995051935
Condition_D_Ablation_Dual_Envelope_Static,Learned_UNet_N0,seq_inner_val_44b6_t80_p01_crowded,inner_val,44b6_d29c9ab2,crowded,10,7,102,69,7,0,0,1.0,1.0,1.0,1.0,0,0,0,5.350356019334868
Condition_D_Ablation_Dual_Envelope_Static,Learned_UNet_N0,seq_inner_val_44b6_t85_p02_crowded,inner_val,44b6_d29c9ab2,crowded,15,12,102,72,12,0,0,1.0,1.0,1.0,1.0,0,0,0,5.36244799150154
Condition_D_Ablation_Dual_Envelope_Static,Learned_UNet_N0,seq_inner_val_44b6_t90_p03_crowded,inner_val,44b6_d29c9ab2,crowded,10,8,95,65,8,0,0,1.0,1.0,1.0,1.0,0,0,0,5.267206986900419
Condition_D_Ablation_Dual_Envelope_Static,Learned_UNet_N0,seq_inner_val_44b6_t70_p04_crowded,inner_val,44b6_d29c9ab2,crowded,10,8,103,74,4,3,4,0.5,0.5714285714285714,0.36363636363636365,0.5333333333333333,2,1,1,5.207891983445734
Condition_D_Ablation_Dual_Envelope_Static,Learned_UNet_N0,seq_inner_val_44b6_t90_p05_isolated,inner_val,44b6_d29c9ab2,isolated,5,4,90,60,4,0,0,1.0,1.0,1.0,1.0,0,0,0,5.189315997995436
Condition_D_Ablation_Dual_Envelope_Static,Learned_UNet_N0,seq_inner_val_44b6_t75_p06_isolated,inner_val,44b6_d29c9ab2,isolated,5,4,118,80,4,0,0,1.0,1.0,1.0,1.0,0,0,0,5.582573008723557
Condition_D_Ablation_Dual_Envelope_Static,Learned_UNet_N0,seq_inner_val_44b6_t70_p07_isolated,inner_val,44b6_d29c9ab2,isolated,5,4,83,54,4,0,0,1.0,1.0,1.0,1.0,0,0,0,5.119538982398808
Condition_D_Ablation_Dual_Envelope_Static,Learned_UNet_N0,seq_inner_val_44b6_t70_p08_boundary,inner_val,44b6_d29c9ab2,boundary,5,4,119,82,4,0,0,1.0,1.0,1.0,1.0,0,0,0,5.491902003996074
Condition_D_Ablation_Dual_Envelope_Static,Learned_UNet_N0,seq_inner_val_44b6_t90_p09_zero_annotation,inner_val,44b6_d29c9ab2,zero_annotation,0,0,123,82,0,0,0,0.0,0.0,0.0,0.0,0,0,0,5.481155996676534
Condition_D_Ablation_Dual_Envelope_Static,Learned_UNet_N0,seq_inner_val_44b6_t70_p10_zero_annotation,inner_val,44b6_d29c9ab2,zero_annotation,0,0,61,33,0,0,0,0.0,0.0,0.0,0.0,0,0,0,4.676297976402566
Condition_D_Ablation_Dual_Envelope_Static,Learned_UNet_N0,seq_train_44b6_t40_p01_crowded,train,44b6_d29c9ab2,crowded,10,8,114,82,8,0,0,1.0,1.0,1.0,1.0,0,0,0,5.3986969869583845
Condition_D_Ablation_Dual_Envelope_Static,Learned_UNet_N0,seq_train_44b6_t45_p02_crowded,train,44b6_d29c9ab2,crowded,9,6,107,61,4,0,2,0.6666666666666666,1.0,0.6666666666666666,0.8,1,0,1,5.348306003725156
Condition_D_Ablation_Dual_Envelope_Static,Learned_UNet_N0,seq_train_44b6_t40_p04_crowded,train,44b6_d29c9ab2,crowded,15,12,90,64,12,0,0,1.0,1.0,1.0,1.0,0,0,0,5.182535998756066
Condition_D_Ablation_Dual_Envelope_Static,Learned_UNet_N0,seq_train_44b6_t15_p05_crowded,train,44b6_d29c9ab2,crowded,14,11,85,45,6,0,5,0.5454545454545454,1.0,0.5454545454545454,0.7058823529411764,5,0,0,5.193171993596479
Condition_D_Ablation_Dual_Envelope_Static,Learned_UNet_N0,seq_train_44b6_t20_p06_crowded,train,44b6_d29c9ab2,crowded,10,8,94,62,4,1,4,0.5,0.8,0.4444444444444444,0.6153846153846154,1,3,0,5.210278002778068
Condition_D_Ablation_Dual_Envelope_Static,Learned_UNet_N0,seq_train_6bba_t15_p01_crowded,train,6bba_bb9f20c3,crowded,9,5,79,54,4,1,1,0.8,0.8,0.6666666666666666,0.8000000000000002,0,1,0,5.120771995279938
Condition_D_Ablation_Dual_Envelope_Static,Learned_UNet_N0,seq_train_6bba_t35_p02_crowded,train,6bba_bb9f20c3,crowded,8,6,88,53,6,0,0,1.0,1.0,1.0,1.0,0,0,0,5.133197992108762
Condition_D_Ablation_Dual_Envelope_Static,Learned_UNet_N0,seq_train_6bba_t40_p03_crowded,train,6bba_bb9f20c3,crowded,11,8,81,56,8,0,0,1.0,1.0,1.0,1.0,0,0,0,5.17770298756659
Condition_D_Ablation_Dual_Envelope_Static,Learned_UNet_N0,seq_train_6bba_t45_p04_crowded,train,6bba_bb9f20c3,crowded,12,9,67,43,7,0,2,0.7777777777777778,1.0,0.7777777777777778,0.8750000000000001,1,0,1,5.255519005004317
Condition_D_Ablation_Dual_Envelope_Static,Learned_UNet_N0,seq_train_6bba_t15_p07_crowded,train,6bba_bb9f20c3,crowded,15,12,107,76,11,0,1,0.9166666666666666,1.0,0.9166666666666666,0.9565217391304348,0,0,1,5.526155000552535
Condition_D_Ablation_Dual_Envelope_Static,Classical_DoG,seq_inner_val_6bba_t85_p01_crowded,inner_val,6bba_bb9f20c3,crowded,23,18,11,6,0,1,18,0.0,0.0,0.0,0.0,18,0,0,3.7078630120959133
Condition_D_Ablation_Dual_Envelope_Static,Classical_DoG,seq_inner_val_6bba_t75_p02_crowded,inner_val,6bba_bb9f20c3,crowded,10,8,22,12,3,0,5,0.375,1.0,0.375,0.5454545454545454,4,1,0,4.500219016335905
Condition_D_Ablation_Dual_Envelope_Static,Classical_DoG,seq_inner_val_6bba_t85_p03_crowded,inner_val,6bba_bb9f20c3,crowded,6,4,14,9,0,0,4,0.0,0.0,0.0,0.0,4,0,0,4.487887985305861
Condition_D_Ablation_Dual_Envelope_Static,Classical_DoG,seq_inner_val_6bba_t80_p04_crowded,inner_val,6bba_bb9f20c3,crowded,11,8,11,8,4,0,4,0.5,1.0,0.5,0.6666666666666666,4,0,0,4.379435005830601
Condition_D_Ablation_Dual_Envelope_Static,Classical_DoG,seq_inner_val_6bba_t75_p05_isolated,inner_val,6bba_bb9f20c3,isolated,5,4,15,9,3,0,1,0.75,1.0,0.75,0.8571428571428571,0,1,0,4.436671995790675
Condition_D_Ablation_Dual_Envelope_Static,Classical_DoG,seq_inner_val_6bba_t75_p06_isolated,inner_val,6bba_bb9f20c3,isolated,5,4,16,8,0,0,4,0.0,0.0,0.0,0.0,4,0,0,4.473160021007061
Condition_D_Ablation_Dual_Envelope_Static,Classical_DoG,seq_inner_val_6bba_t90_p07_isolated,inner_val,6bba_bb9f20c3,isolated,5,4,4,3,0,0,4,0.0,0.0,0.0,0.0,4,0,0,3.6413170164451003
Condition_D_Ablation_Dual_Envelope_Static,Classical_DoG,seq_inner_val_6bba_t90_p08_boundary,inner_val,6bba_bb9f20c3,boundary,6,4,16,12,4,0,0,1.0,1.0,1.0,1.0,0,0,0,4.504437994910404
Condition_D_Ablation_Dual_Envelope_Static,Classical_DoG,seq_inner_val_6bba_t90_p09_zero_annotation,inner_val,6bba_bb9f20c3,zero_annotation,0,0,1,0,0,0,0,0.0,0.0,0.0,0.0,0,0,0,1.2324280105531216
Condition_D_Ablation_Dual_Envelope_Static,Classical_DoG,seq_inner_val_6bba_t90_p10_zero_annotation,inner_val,6bba_bb9f20c3,zero_annotation,0,0,0,0,0,0,0,0.0,0.0,0.0,0.0,0,0,0,0.3990740224253386
Condition_D_Ablation_Dual_Envelope_Static,Classical_DoG,seq_inner_val_44b6_t80_p01_crowded,inner_val,44b6_d29c9ab2,crowded,10,7,23,13,0,1,7,0.0,0.0,0.0,0.0,7,0,0,4.6921150060370564
Condition_D_Ablation_Dual_Envelope_Static,Classical_DoG,seq_inner_val_44b6_t85_p02_crowded,inner_val,44b6_d29c9ab2,crowded,15,12,37,21,4,0,8,0.3333333333333333,1.0,0.3333333333333333,0.5,8,0,0,4.713882983196527
Condition_D_Ablation_Dual_Envelope_Static,Classical_DoG,seq_inner_val_44b6_t90_p03_crowded,inner_val,44b6_d29c9ab2,crowded,10,8,28,20,7,0,1,0.875,1.0,0.875,0.9333333333333333,1,0,0,4.6346550225280225
Condition_D_Ablation_Dual_Envelope_Static,Classical_DoG,seq_inner_val_44b6_t70_p04_crowded,inner_val,44b6_d29c9ab2,crowded,10,8,40,22,3,1,5,0.375,0.75,0.3333333333333333,0.5,4,0,1,4.737656010547653
Condition_D_Ablation_Dual_Envelope_Static,Classical_DoG,seq_inner_val_44b6_t90_p05_isolated,inner_val,44b6_d29c9ab2,isolated,5,4,31,21,4,0,0,1.0,1.0,1.0,1.0,0,0,0,4.792282008565962
Condition_D_Ablation_Dual_Envelope_Static,Classical_DoG,seq_inner_val_44b6_t75_p06_isolated,inner_val,44b6_d29c9ab2,isolated,5,4,34,20,4,0,0,1.0,1.0,1.0,1.0,0,0,0,4.70014798338525
Condition_D_Ablation_Dual_Envelope_Static,Classical_DoG,seq_inner_val_44b6_t70_p07_isolated,inner_val,44b6_d29c9ab2,isolated,5,4,24,19,4,0,0,1.0,1.0,1.0,1.0,0,0,0,4.447945015272126
Condition_D_Ablation_Dual_Envelope_Static,Classical_DoG,seq_inner_val_44b6_t70_p08_boundary,inner_val,44b6_d29c9ab2,boundary,5,4,48,31,0,0,4,0.0,0.0,0.0,0.0,4,0,0,4.878263018326834
Condition_D_Ablation_Dual_Envelope_Static,Classical_DoG,seq_inner_val_44b6_t90_p09_zero_annotation,inner_val,44b6_d29c9ab2,zero_annotation,0,0,32,22,0,0,0,0.0,0.0,0.0,0.0,0,0,0,4.6015490079298615
Condition_D_Ablation_Dual_Envelope_Static,Classical_DoG,seq_inner_val_44b6_t70_p10_zero_annotation,inner_val,44b6_d29c9ab2,zero_annotation,0,0,0,0,0,0,0,0.0,0.0,0.0,0.0,0,0,0,0.4453109868336469
Condition_D_Ablation_Dual_Envelope_Static,Classical_DoG,seq_train_44b6_t40_p01_crowded,train,44b6_d29c9ab2,crowded,10,8,33,23,4,0,4,0.5,1.0,0.5,0.6666666666666666,4,0,0,4.809014993952587
Condition_D_Ablation_Dual_Envelope_Static,Classical_DoG,seq_train_44b6_t45_p02_crowded,train,44b6_d29c9ab2,crowded,9,6,28,14,2,1,4,0.3333333333333333,0.6666666666666666,0.2857142857142857,0.4444444444444444,2,2,0,4.6740350080654025
Condition_D_Ablation_Dual_Envelope_Static,Classical_DoG,seq_train_44b6_t40_p04_crowded,train,44b6_d29c9ab2,crowded,15,12,27,17,4,0,8,0.3333333333333333,1.0,0.3333333333333333,0.5,8,0,0,4.4699400023091584
Condition_D_Ablation_Dual_Envelope_Static,Classical_DoG,seq_train_44b6_t15_p05_crowded,train,44b6_d29c9ab2,crowded,14,11,37,19,3,0,8,0.2727272727272727,1.0,0.2727272727272727,0.42857142857142855,7,1,0,4.682110011344776
Condition_D_Ablation_Dual_Envelope_Static,Classical_DoG,seq_train_44b6_t20_p06_crowded,train,44b6_d29c9ab2,crowded,10,8,26,18,0,0,8,0.0,0.0,0.0,0.0,8,0,0,4.7026580141391605
Condition_D_Ablation_Dual_Envelope_Static,Classical_DoG,seq_train_6bba_t15_p01_crowded,train,6bba_bb9f20c3,crowded,9,5,19,7,3,0,2,0.6,1.0,0.6,0.7499999999999999,1,1,0,4.488595004659146
Condition_D_Ablation_Dual_Envelope_Static,Classical_DoG,seq_train_6bba_t35_p02_crowded,train,6bba_bb9f20c3,crowded,8,6,16,9,0,0,6,0.0,0.0,0.0,0.0,6,0,0,4.2767660052049905
Condition_D_Ablation_Dual_Envelope_Static,Classical_DoG,seq_train_6bba_t40_p03_crowded,train,6bba_bb9f20c3,crowded,11,8,23,14,0,0,8,0.0,0.0,0.0,0.0,8,0,0,4.855726001551375
Condition_D_Ablation_Dual_Envelope_Static,Classical_DoG,seq_train_6bba_t45_p04_crowded,train,6bba_bb9f20c3,crowded,12,9,19,11,6,1,3,0.6666666666666666,0.8571428571428571,0.6,0.75,3,0,0,4.448576015420258
Condition_D_Ablation_Dual_Envelope_Static,Classical_DoG,seq_train_6bba_t15_p07_crowded,train,6bba_bb9f20c3,crowded,15,12,32,19,7,0,5,0.5833333333333334,1.0,0.5833333333333334,0.7368421052631579,5,0,0,4.59583499468863
