feature,discriminative_direction,roc_auc,pr_auc,auc_deviation_from_random,positive_mean,negative_mean,positive_median,negative_median,positive_p25,positive_p75,negative_p25,negative_p75
source_raw_center_intensity,lower_is_positive,0.8888,0.0415,0.3888,526.2353,788.2144,520.0,832.0,468.0,570.0,666.0,918.0
source_score_ratio,lower_is_positive,0.8572,0.0307,0.3572,1.0382,1.6934,1.0179,1.7554,0.9628,1.0576,1.2605,2.1431
source_dog_score,lower_is_positive,0.8569,0.0307,0.3569,0.1108,0.1809,0.108,0.1889,0.1024,0.1166,0.1345,0.2292
target_raw_center_intensity,lower_is_positive,0.8427,0.0303,0.3427,532.7059,765.8541,506.0,809.0,468.0,570.0,643.25,905.0
target_dog_score,lower_is_positive,0.825,0.0251,0.325,0.1082,0.1779,0.108,0.1859,0.1005,0.1207,0.1304,0.2285
target_score_ratio,lower_is_positive,0.8241,0.0246,0.3241,1.0198,1.6679,1.031,1.7477,0.9403,1.1342,1.2256,2.1558
target_raw_signal_background_ratio,lower_is_positive,0.723,0.0173,0.223,1.3245,1.4598,1.3147,1.4416,1.2663,1.3464,1.3123,1.5767
target_raw_local_contrast,lower_is_positive,0.6786,0.0157,0.1786,0.3287,0.412,0.3073,0.4036,0.2561,0.3452,0.2979,0.5128
source_raw_signal_background_ratio,lower_is_positive,0.6639,0.0147,0.1639,1.3569,1.4573,1.3247,1.4376,1.2663,1.4406,1.3132,1.5739
target_candidate_count_5um,lower_is_positive,0.6557,0.0149,0.1557,1.5294,2.03,1.0,2.0,1.0,2.0,1.0,3.0
source_neighbor_count_5um,lower_is_positive,0.6514,0.013,0.1514,0.5294,1.0137,0.0,1.0,0.0,1.0,0.0,2.0
target_distance_margin_um,higher_is_positive,0.6371,0.0151,0.1371,1.1712,0.3019,1.2742,0.4806,0.1378,2.6116,-1.1328,1.7354
second_nearest_distance_um,higher_is_positive,0.6101,0.0124,0.1101,4.172,3.668,4.9802,4.019,3.6006,5.0,2.5638,5.0
source_candidate_count_5um,lower_is_positive,0.6081,0.0117,0.1081,1.6471,2.0058,2.0,2.0,1.0,2.0,1.0,2.0
target_neighbor_count_5um,lower_is_positive,0.6077,0.0122,0.1077,0.6471,0.9916,0.0,1.0,0.0,1.0,0.0,1.0
source_raw_local_contrast,lower_is_positive,0.6052,0.0129,0.1052,0.366,0.4156,0.3444,0.4148,0.2691,0.424,0.3056,0.5108
distance_margin_um,higher_is_positive,0.5997,0.0131,0.0997,0.9568,0.3101,1.1636,0.448,-0.1814,2.0874,-1.0308,1.7158
dx_um,higher_is_positive,0.5954,0.0126,0.0954,0.5223,-0.1138,0.5345,-0.2712,-0.8148,1.2279,-1.2977,1.1386
distance_ratio_to_second,lower_is_positive,0.5862,0.0118,0.0862,0.875,1.2117,0.7673,0.8939,0.5825,1.0534,0.6228,1.3738
previous_velocity_y,higher_is_positive,0.586,0.0156,0.086,0.1867,0.0511,0.0,0.0,0.0,0.0528,0.0,0.0
direction_x,higher_is_positive,0.5823,0.0137,0.0823,0.1081,-0.0443,0.1365,-0.0902,-0.2794,0.4873,-0.4426,0.395
previous_velocity_z,lower_is_positive,0.5785,0.023,0.0785,-0.5018,-0.227,0.0,0.0,-0.6783,0.0,0.0,0.0
source_refinement_shift_z,higher_is_positive,0.5688,0.0123,0.0688,0.413,0.3604,0.3937,0.3635,0.3173,0.494,0.1892,0.5185
nearest_source_competitor_distance_um,higher_is_positive,0.5662,0.0197,0.0662,2.9711,2.7099,2.9126,2.6559,2.3767,3.5798,1.7951,3.5849
contrast_difference,lower_is_positive,0.5657,0.0137,0.0657,-0.0373,-0.0035,-0.0334,0.0006,-0.1014,0.0382,-0.0671,0.0639
intensity_difference,higher_is_positive,0.5594,0.0103,0.0594,6.4706,-22.3604,29.0,-9.0,-21.0,46.0,-95.5,63.0
source_refinement_shift_3d,higher_is_positive,0.559,0.0122,0.059,0.4434,0.4062,0.4396,0.3954,0.3448,0.533,0.2541,0.537
abs_dz_um,lower_is_positive,0.5572,0.0116,0.0572,1.9587,2.2595,1.5563,2.1921,1.1695,3.0198,1.0289,3.3535
normalized_abs_dz,lower_is_positive,0.5571,0.0116,0.0571,1.2054,1.3905,0.9577,1.3489,0.7197,1.8583,0.6332,2.0637
distance_um,lower_is_positive,0.5507,0.0104,0.0507,3.2152,3.3579,3.042,3.5718,2.3884,3.8364,2.5086,4.3307
nearest_competitor_distance_um,higher_is_positive,0.5495,0.01,0.0495,2.9008,2.73,2.9126,2.6738,2.3767,3.6006,1.8135,3.6401
source_neighbor_count_3um,lower_is_positive,0.5476,0.0098,0.0476,0.1176,0.225,0.0,0.0,0.0,0.0,0.0,0.0
target_refinement_shift_xy,lower_is_positive,0.5448,0.0168,0.0448,0.1358,0.1487,0.1512,0.1516,0.0886,0.1847,0.108,0.1894
xy_z_ratio,higher_is_positive,0.5432,0.0119,0.0432,3.9973,4.3665,0.9305,0.7965,0.5052,2.1761,0.3336,2.2361
target_candidate_count_4um,lower_is_positive,0.5377,0.0096,0.0377,1.1176,1.2587,1.0,1.0,1.0,1.0,1.0,2.0
source_candidate_count_3um,lower_is_positive,0.5356,0.0096,0.0356,0.5882,0.6934,1.0,1.0,0.0,1.0,0.0,1.0
max_refinement_shift_3d,higher_is_positive,0.5343,0.0122,0.0343,0.5295,0.5078,0.5371,0.5149,0.3954,0.6963,0.391,0.6289
dxy_um,higher_is_positive,0.5338,0.0145,0.0338,2.1377,1.9914,2.0472,1.6262,1.0771,3.2528,0.9319,3.0478
density_ratio_target_source,higher_is_positive,0.5313,0.0099,0.0313,1.1765,1.1599,1.0,1.0,1.0,1.0,0.6667,1.5
direction_z,lower_is_positive,0.5296,0.0101,0.0296,-0.4874,-0.3626,-0.7321,-0.632,-0.8925,-0.1209,-0.9417,0.1831
source_refinement_shift_xy,lower_is_positive,0.5283,0.0138,0.0283,0.1405,0.1486,0.1401,0.152,0.0886,0.1972,0.1072,0.1906
target_rank_by_distance,lower_is_positive,0.5242,0.0093,0.0242,1.4118,1.5021,1.0,1.0,1.0,2.0,1.0,2.0
dz_um,lower_is_positive,0.5234,0.0093,0.0234,-1.5341,-1.2228,-1.5563,-1.5582,-3.0198,-0.4732,-3.1698,0.464
previous_velocity_magnitude,higher_is_positive,0.5216,0.0135,0.0216,0.6268,0.5066,0.0,0.0,0.0,1.143,0.0,0.7951
source_candidate_count_4um,higher_is_positive,0.5206,0.0092,0.0206,1.2941,1.255,1.0,1.0,1.0,2.0,1.0,2.0
direction_change,higher_is_positive,0.5173,0.0292,0.0173,0.2816,0.2165,0.0,0.0,0.0,0.0085,0.0,0.0241
has_velocity_history,higher_is_positive,0.514,0.0091,0.014,0.2941,0.2661,0.0,0.0,0.0,1.0,0.0,1.0
has_previous_observation,higher_is_positive,0.514,0.0091,0.014,0.2941,0.2661,0.0,0.0,0.0,1.0,0.0,1.0
target_neighbor_count_3um,lower_is_positive,0.5137,0.0091,0.0137,0.1765,0.2155,0.0,0.0,0.0,0.0,0.0,0.0
velocity_change,higher_is_positive,0.5129,0.0237,0.0129,1.0015,0.926,0.0,0.0,0.0,0.4099,0.0,1.0481
target_candidate_count_3um,lower_is_positive,0.5116,0.0091,0.0116,0.6471,0.6939,1.0,1.0,0.0,1.0,0.0,1.0
target_refinement_shift_3d,lower_is_positive,0.5115,0.0103,0.0115,0.3956,0.402,0.3741,0.3887,0.2781,0.5371,0.2526,0.5308
dy_um,lower_is_positive,0.5083,0.0419,0.0083,-0.2769,0.0891,0.2954,0.2182,-0.0921,0.5835,-0.3901,0.7675
track_history_length,higher_is_positive,0.5053,0.0091,0.0053,1.2941,1.343,1.0,1.0,1.0,2.0,1.0,2.0
direction_y,lower_is_positive,0.504,0.0239,0.004,-0.0122,0.0571,0.1014,0.0709,-0.0241,0.1862,-0.1166,0.2698
previous_velocity_x,lower_is_positive,0.5026,0.0091,0.0026,0.0395,-0.0368,0.0,0.0,0.0,0.0,0.0,0.0
score_difference,lower_is_positive,0.5021,0.0092,0.0021,-0.0026,-0.003,0.0014,-0.0003,-0.0099,0.0086,-0.0235,0.0217
target_refinement_shift_z,higher_is_positive,0.502,0.0099,0.002,0.3566,0.3556,0.3611,0.3588,0.2248,0.5045,0.1878,0.5089
score_ratio_target_source,higher_is_positive,0.5008,0.0097,0.0008,1.012,1.0783,1.0133,0.9986,0.9115,1.0796,0.8739,1.1405
