gt_source_id,gt_target_id,true_displacement_um,in_candidate_set,true_candidate_dist_um,closest_false_candidate_dist_um,distance_margin_um,true_candidate_rank,competing_candidates_count,failure_type
1000007,2000013,3.3746,0,7.04,4.7495,,,1,Gate Failure (Exceeds 5.0 µm)
2000013,3000022,2.0715,1,2.3884,,2.6116,1.0,1,Recovered
3000022,4000032,2.1877,1,3.7593,3.6006,-0.1587,2.0,2,Competition Failure (Inside Gate)
4000028,5000038,8.3256,0,10.7187,,,,0,Gate Failure (Exceeds 5.0 µm)
4000030,5000040,3.4471,1,3.8364,,1.1636,1.0,1,Recovered
5000038,6000046,3.3004,0,7.3824,1.3083,,,2,Gate Failure (Exceeds 5.0 µm)
5000040,6000048,1.7236,1,2.5622,1.2344,-1.3278,2.0,3,Competition Failure (Inside Gate)
7000056,8000064,3.25,0,5.8299,,,,0,Gate Failure (Exceeds 5.0 µm)
8000062,9000072,0.8125,1,3.5798,3.3984,-0.1814,2.0,2,Competition Failure (Inside Gate)
9000077,10000084,3.3004,1,3.7258,2.4537,-1.2721,3.0,3,Competition Failure (Inside Gate)
