gate_xy_um,gate_z_um,gt_source_id,gt_target_id,source_t,target_t,gt_displacement_um,pred_physical_disp_um,normalized_aniso_dist,is_within_gate,baseline_status,anisotropic_status,transition_category
3.0,3.0,2000013,3000022,1,2,2.0715,7.8879,2.6293,False,unlinked,unlinked,still_failed
3.0,3.0,3000018,4000028,2,3,3.3746,3.8326,1.2775,False,unlinked,unlinked,still_failed
3.0,3.0,3000022,4000032,2,3,2.1877,12.1128,4.0376,False,unlinked,unlinked,still_failed
3.0,3.0,4000028,5000038,3,4,8.3256,10.4762,3.4921,False,unlinked,unlinked,still_failed
3.0,3.0,4000032,5000042,3,4,1.8617,2.6013,0.8671,True,linked,linked,baseline_success
3.0,3.0,5000038,6000046,4,5,3.3004,6.9182,2.3061,False,unlinked,unlinked,still_failed
3.0,3.0,5000040,6000048,4,5,1.7236,6.9062,2.3021,False,unlinked,unlinked,still_failed
3.0,3.0,5000042,6000050,4,5,3.4947,3.7233,1.2411,False,unlinked,unlinked,still_failed
3.0,3.0,6000046,7000054,5,6,0.5745,3.1729,1.0576,False,unlinked,unlinked,still_failed
3.0,3.0,6000048,7000056,5,6,3.3746,2.0312,0.6771,True,linked,linked,baseline_success
3.0,3.0,7000054,8000062,6,7,3.2753,0.9084,0.3028,True,linked,linked,baseline_success
3.0,3.0,7000056,8000064,6,7,3.25,6.5632,2.1877,False,unlinked,unlinked,still_failed
3.0,3.0,8000062,9000072,7,8,0.8125,3.4947,1.1649,False,unlinked,unlinked,still_failed
3.0,3.0,8000064,9000074,7,8,3.3004,6.5632,2.1877,False,unlinked,unlinked,still_failed
3.0,3.0,9000079,10000086,8,9,0.5745,2.6013,0.8671,True,linked,linked,baseline_success
3.0,3.0,1000004,2000011,0,1,,,,False,unlinked,unlinked,endpoint_unavailable
3.0,3.0,1000007,2000013,0,1,,,,False,unlinked,unlinked,endpoint_unavailable
3.0,3.0,2000011,3000020,1,2,,,,False,unlinked,unlinked,endpoint_unavailable
3.0,3.0,3000020,4000030,2,3,,,,False,unlinked,unlinked,endpoint_unavailable
3.0,3.0,4000030,5000040,3,4,,,,False,unlinked,unlinked,endpoint_unavailable
3.0,3.0,6000050,7000058,5,6,,,,False,unlinked,unlinked,endpoint_unavailable
3.0,3.0,7000058,8000068,6,7,,,,False,unlinked,unlinked,endpoint_unavailable
3.0,3.0,8000068,9000077,7,8,,,,False,unlinked,unlinked,endpoint_unavailable
3.0,3.0,8000070,9000079,7,8,,,,False,unlinked,unlinked,endpoint_unavailable
3.0,3.0,9000072,10000080,8,9,,,,False,unlinked,unlinked,endpoint_unavailable
3.0,3.0,9000074,10000081,8,9,,,,False,unlinked,unlinked,endpoint_unavailable
3.0,3.0,9000077,10000084,8,9,,,,False,unlinked,unlinked,endpoint_unavailable
3.0,3.5,2000013,3000022,1,2,2.0715,7.8879,2.5694,False,unlinked,unlinked,still_failed
3.0,3.5,3000018,4000028,2,3,3.3746,3.8326,1.1492,False,unlinked,unlinked,still_failed
3.0,3.5,3000022,4000032,2,3,2.1877,12.1128,3.6742,False,unlinked,unlinked,still_failed
3.0,3.5,4000028,5000038,3,4,8.3256,10.4762,3.0647,False,unlinked,unlinked,still_failed
3.0,3.5,4000032,5000042,3,4,1.8617,2.6013,0.821,True,linked,linked,baseline_success
3.0,3.5,5000038,6000046,4,5,3.3004,6.9182,2.018,False,unlinked,unlinked,still_failed
3.0,3.5,5000040,6000048,4,5,1.7236,6.9062,2.1445,False,unlinked,unlinked,still_failed
3.0,3.5,5000042,6000050,4,5,3.4947,3.7233,1.2093,False,unlinked,unlinked,still_failed
3.0,3.5,6000046,7000054,5,6,0.5745,3.1729,1.0202,False,unlinked,unlinked,still_failed
3.0,3.5,6000048,7000056,5,6,3.3746,2.0312,0.6169,True,linked,linked,baseline_success
3.0,3.5,7000054,8000062,6,7,3.2753,0.9084,0.3028,True,linked,linked,baseline_success
3.0,3.5,7000056,8000064,6,7,3.25,6.5632,1.8817,False,unlinked,unlinked,still_failed
3.0,3.5,8000062,9000072,7,8,0.8125,3.4947,1.131,False,unlinked,unlinked,still_failed
3.0,3.5,8000064,9000074,7,8,3.3004,6.5632,2.1154,False,unlinked,unlinked,still_failed
3.0,3.5,9000079,10000086,8,9,0.5745,2.6013,0.821,True,linked,linked,baseline_success
3.0,3.5,1000004,2000011,0,1,,,,False,unlinked,unlinked,endpoint_unavailable
3.0,3.5,1000007,2000013,0,1,,,,False,unlinked,unlinked,endpoint_unavailable
3.0,3.5,2000011,3000020,1,2,,,,False,unlinked,unlinked,endpoint_unavailable
3.0,3.5,3000020,4000030,2,3,,,,False,unlinked,unlinked,endpoint_unavailable
3.0,3.5,4000030,5000040,3,4,,,,False,unlinked,unlinked,endpoint_unavailable
3.0,3.5,6000050,7000058,5,6,,,,False,unlinked,unlinked,endpoint_unavailable
3.0,3.5,7000058,8000068,6,7,,,,False,unlinked,unlinked,endpoint_unavailable
3.0,3.5,8000068,9000077,7,8,,,,False,unlinked,unlinked,endpoint_unavailable
3.0,3.5,8000070,9000079,7,8,,,,False,unlinked,unlinked,endpoint_unavailable
3.0,3.5,9000072,10000080,8,9,,,,False,unlinked,unlinked,endpoint_unavailable
3.0,3.5,9000074,10000081,8,9,,,,False,unlinked,unlinked,endpoint_unavailable
3.0,3.5,9000077,10000084,8,9,,,,False,unlinked,unlinked,endpoint_unavailable
3.0,4.0,2000013,3000022,1,2,2.0715,7.8879,2.5298,False,unlinked,unlinked,still_failed
3.0,4.0,3000018,4000028,2,3,3.3746,3.8326,1.0576,False,unlinked,unlinked,still_failed
3.0,4.0,3000022,4000032,2,3,2.1877,12.1128,3.4178,False,unlinked,unlinked,still_failed
3.0,4.0,4000028,5000038,3,4,8.3256,10.4762,2.752,False,unlinked,unlinked,still_failed
3.0,4.0,4000032,5000042,3,4,1.8617,2.6013,0.7896,True,linked,linked,baseline_success
3.0,4.0,5000038,6000046,4,5,3.3004,6.9182,1.8067,False,unlinked,unlinked,still_failed
3.0,4.0,5000040,6000048,4,5,1.7236,6.9062,2.0358,False,unlinked,unlinked,still_failed
3.0,4.0,5000042,6000050,4,5,3.4947,3.7233,1.1883,False,unlinked,unlinked,still_failed
3.0,4.0,6000046,7000054,5,6,0.5745,3.1729,0.9951,True,unlinked,unlinked,competition
3.0,4.0,6000048,7000056,5,6,3.3746,2.0312,0.5745,True,linked,linked,baseline_success
3.0,4.0,7000054,8000062,6,7,3.2753,0.9084,0.3028,True,linked,linked,baseline_success
3.0,4.0,7000056,8000064,6,7,3.25,6.5632,1.653,False,unlinked,unlinked,still_failed
3.0,4.0,8000062,9000072,7,8,0.8125,3.4947,1.1084,False,unlinked,unlinked,still_failed
3.0,4.0,8000064,9000074,7,8,3.3004,6.5632,2.067,False,unlinked,unlinked,still_failed
3.0,4.0,9000079,10000086,8,9,0.5745,2.6013,0.7896,True,linked,linked,baseline_success
3.0,4.0,1000004,2000011,0,1,,,,False,unlinked,unlinked,endpoint_unavailable
3.0,4.0,1000007,2000013,0,1,,,,False,unlinked,unlinked,endpoint_unavailable
3.0,4.0,2000011,3000020,1,2,,,,False,unlinked,unlinked,endpoint_unavailable
3.0,4.0,3000020,4000030,2,3,,,,False,unlinked,unlinked,endpoint_unavailable
3.0,4.0,4000030,5000040,3,4,,,,False,unlinked,unlinked,endpoint_unavailable
3.0,4.0,6000050,7000058,5,6,,,,False,unlinked,unlinked,endpoint_unavailable
3.0,4.0,7000058,8000068,6,7,,,,False,unlinked,unlinked,endpoint_unavailable
3.0,4.0,8000068,9000077,7,8,,,,False,unlinked,unlinked,endpoint_unavailable
3.0,4.0,8000070,9000079,7,8,,,,False,unlinked,unlinked,endpoint_unavailable
3.0,4.0,9000072,10000080,8,9,,,,False,unlinked,unlinked,endpoint_unavailable
3.0,4.0,9000074,10000081,8,9,,,,False,unlinked,unlinked,endpoint_unavailable
3.0,4.0,9000077,10000084,8,9,,,,False,unlinked,unlinked,endpoint_unavailable
3.0,4.5,2000013,3000022,1,2,2.0715,7.8879,2.5023,False,unlinked,unlinked,still_failed
3.0,4.5,3000018,4000028,2,3,3.3746,3.8326,0.99,True,unlinked,unlinked,competition
3.0,4.5,3000022,4000032,2,3,2.1877,12.1128,3.2302,False,unlinked,unlinked,still_failed
3.0,4.5,4000028,5000038,3,4,8.3256,10.4762,2.5153,False,unlinked,unlinked,still_failed
3.0,4.5,4000032,5000042,3,4,1.8617,2.6013,0.7674,True,linked,linked,baseline_success
3.0,4.5,5000038,6000046,4,5,3.3004,6.9182,1.6462,False,unlinked,unlinked,still_failed
3.0,4.5,5000040,6000048,4,5,1.7236,6.9062,1.9577,False,unlinked,unlinked,still_failed
3.0,4.5,5000042,6000050,4,5,3.4947,3.7233,1.1736,False,unlinked,unlinked,still_failed
3.0,4.5,6000046,7000054,5,6,0.5745,3.1729,0.9775,True,unlinked,unlinked,competition
3.0,4.5,6000048,7000056,5,6,3.3746,2.0312,0.5435,True,linked,linked,baseline_success
3.0,4.5,7000054,8000062,6,7,3.2753,0.9084,0.3028,True,linked,linked,baseline_success
3.0,4.5,7000056,8000064,6,7,3.25,6.5632,1.4758,False,unlinked,unlinked,still_failed
3.0,4.5,8000062,9000072,7,8,0.8125,3.4947,1.0927,False,unlinked,unlinked,still_failed
3.0,4.5,8000064,9000074,7,8,3.3004,6.5632,2.0333,False,unlinked,unlinked,still_failed
3.0,4.5,9000079,10000086,8,9,0.5745,2.6013,0.7674,True,linked,linked,baseline_success
3.0,4.5,1000004,2000011,0,1,,,,False,unlinked,unlinked,endpoint_unavailable
3.0,4.5,1000007,2000013,0,1,,,,False,unlinked,unlinked,endpoint_unavailable
3.0,4.5,2000011,3000020,1,2,,,,False,unlinked,unlinked,endpoint_unavailable
3.0,4.5,3000020,4000030,2,3,,,,False,unlinked,unlinked,endpoint_unavailable
3.0,4.5,4000030,5000040,3,4,,,,False,unlinked,unlinked,endpoint_unavailable
3.0,4.5,6000050,7000058,5,6,,,,False,unlinked,unlinked,endpoint_unavailable
3.0,4.5,7000058,8000068,6,7,,,,False,unlinked,unlinked,endpoint_unavailable
3.0,4.5,8000068,9000077,7,8,,,,False,unlinked,unlinked,endpoint_unavailable
3.0,4.5,8000070,9000079,7,8,,,,False,unlinked,unlinked,endpoint_unavailable
3.0,4.5,9000072,10000080,8,9,,,,False,unlinked,unlinked,endpoint_unavailable
3.0,4.5,9000074,10000081,8,9,,,,False,unlinked,unlinked,endpoint_unavailable
3.0,4.5,9000077,10000084,8,9,,,,False,unlinked,unlinked,endpoint_unavailable
3.0,5.0,2000013,3000022,1,2,2.0715,7.8879,2.4824,False,unlinked,unlinked,still_failed
3.0,5.0,3000018,4000028,2,3,3.3746,3.8326,0.9386,True,unlinked,linked,newly_recovered
3.0,5.0,3000022,4000032,2,3,2.1877,12.1128,3.089,False,unlinked,unlinked,still_failed
3.0,5.0,4000028,5000038,3,4,8.3256,10.4762,2.3312,False,unlinked,unlinked,still_failed
3.0,5.0,4000032,5000042,3,4,1.8617,2.6013,0.751,True,linked,linked,baseline_success
3.0,5.0,5000038,6000046,4,5,3.3004,6.9182,1.521,False,unlinked,unlinked,still_failed
3.0,5.0,5000040,6000048,4,5,1.7236,6.9062,1.8999,False,unlinked,unlinked,still_failed
3.0,5.0,5000042,6000050,4,5,3.4947,3.7233,1.163,False,unlinked,unlinked,still_failed
3.0,5.0,6000046,7000054,5,6,0.5745,3.1729,0.9648,True,unlinked,unlinked,competition
3.0,5.0,6000048,7000056,5,6,3.3746,2.0312,0.5203,True,linked,linked,baseline_success
3.0,5.0,7000054,8000062,6,7,3.2753,0.9084,0.3028,True,linked,linked,baseline_success
3.0,5.0,7000056,8000064,6,7,3.25,6.5632,1.3348,False,unlinked,unlinked,still_failed
3.0,5.0,8000062,9000072,7,8,0.8125,3.4947,1.0813,False,unlinked,unlinked,still_failed
3.0,5.0,8000064,9000074,7,8,3.3004,6.5632,2.0087,False,unlinked,unlinked,still_failed
3.0,5.0,9000079,10000086,8,9,0.5745,2.6013,0.751,True,linked,linked,baseline_success
3.0,5.0,1000004,2000011,0,1,,,,False,unlinked,unlinked,endpoint_unavailable
3.0,5.0,1000007,2000013,0,1,,,,False,unlinked,unlinked,endpoint_unavailable
3.0,5.0,2000011,3000020,1,2,,,,False,unlinked,unlinked,endpoint_unavailable
3.0,5.0,3000020,4000030,2,3,,,,False,unlinked,unlinked,endpoint_unavailable
3.0,5.0,4000030,5000040,3,4,,,,False,unlinked,unlinked,endpoint_unavailable
3.0,5.0,6000050,7000058,5,6,,,,False,unlinked,unlinked,endpoint_unavailable
3.0,5.0,7000058,8000068,6,7,,,,False,unlinked,unlinked,endpoint_unavailable
3.0,5.0,8000068,9000077,7,8,,,,False,unlinked,unlinked,endpoint_unavailable
3.0,5.0,8000070,9000079,7,8,,,,False,unlinked,unlinked,endpoint_unavailable
3.0,5.0,9000072,10000080,8,9,,,,False,unlinked,unlinked,endpoint_unavailable
3.0,5.0,9000074,10000081,8,9,,,,False,unlinked,unlinked,endpoint_unavailable
3.0,5.0,9000077,10000084,8,9,,,,False,unlinked,unlinked,endpoint_unavailable
3.0,5.5,2000013,3000022,1,2,2.0715,7.8879,2.4676,False,unlinked,unlinked,still_failed
3.0,5.5,3000018,4000028,2,3,3.3746,3.8326,0.8987,True,unlinked,linked,newly_recovered
3.0,5.5,3000022,4000032,2,3,2.1877,12.1128,2.9803,False,unlinked,unlinked,still_failed
3.0,5.5,4000028,5000038,3,4,8.3256,10.4762,2.1851,False,unlinked,unlinked,still_failed
3.0,5.5,4000032,5000042,3,4,1.8617,2.6013,0.7387,True,linked,linked,baseline_success
3.0,5.5,5000038,6000046,4,5,3.3004,6.9182,1.4213,False,unlinked,unlinked,still_failed
3.0,5.5,5000040,6000048,4,5,1.7236,6.9062,1.856,False,unlinked,unlinked,still_failed
3.0,5.5,5000042,6000050,4,5,3.4947,3.7233,1.1551,False,unlinked,unlinked,still_failed
3.0,5.5,6000046,7000054,5,6,0.5745,3.1729,0.9552,True,unlinked,unlinked,competition
3.0,5.5,6000048,7000056,5,6,3.3746,2.0312,0.5023,True,linked,linked,baseline_success
3.0,5.5,7000054,8000062,6,7,3.2753,0.9084,0.3028,True,linked,linked,baseline_success
3.0,5.5,7000056,8000064,6,7,3.25,6.5632,1.22,False,unlinked,unlinked,still_failed
3.0,5.5,8000062,9000072,7,8,0.8125,3.4947,1.0728,False,unlinked,unlinked,still_failed
3.0,5.5,8000064,9000074,7,8,3.3004,6.5632,1.9904,False,unlinked,unlinked,still_failed
3.0,5.5,9000079,10000086,8,9,0.5745,2.6013,0.7387,True,linked,linked,baseline_success
3.0,5.5,1000004,2000011,0,1,,,,False,unlinked,unlinked,endpoint_unavailable
3.0,5.5,1000007,2000013,0,1,,,,False,unlinked,unlinked,endpoint_unavailable
3.0,5.5,2000011,3000020,1,2,,,,False,unlinked,unlinked,endpoint_unavailable
3.0,5.5,3000020,4000030,2,3,,,,False,unlinked,unlinked,endpoint_unavailable
3.0,5.5,4000030,5000040,3,4,,,,False,unlinked,unlinked,endpoint_unavailable
3.0,5.5,6000050,7000058,5,6,,,,False,unlinked,unlinked,endpoint_unavailable
3.0,5.5,7000058,8000068,6,7,,,,False,unlinked,unlinked,endpoint_unavailable
3.0,5.5,8000068,9000077,7,8,,,,False,unlinked,unlinked,endpoint_unavailable
3.0,5.5,8000070,9000079,7,8,,,,False,unlinked,unlinked,endpoint_unavailable
3.0,5.5,9000072,10000080,8,9,,,,False,unlinked,unlinked,endpoint_unavailable
3.0,5.5,9000074,10000081,8,9,,,,False,unlinked,unlinked,endpoint_unavailable
3.0,5.5,9000077,10000084,8,9,,,,False,unlinked,unlinked,endpoint_unavailable
3.0,6.0,2000013,3000022,1,2,2.0715,7.8879,2.4562,False,unlinked,unlinked,still_failed
3.0,6.0,3000018,4000028,2,3,3.3746,3.8326,0.8671,True,unlinked,linked,newly_recovered
3.0,6.0,3000022,4000032,2,3,2.1877,12.1128,2.8949,False,unlinked,unlinked,still_failed
3.0,6.0,4000028,5000038,3,4,8.3256,10.4762,2.067,False,unlinked,unlinked,still_failed
3.0,6.0,4000032,5000042,3,4,1.8617,2.6013,0.7292,True,linked,linked,baseline_success
3.0,6.0,5000038,6000046,4,5,3.3004,6.9182,1.3406,False,unlinked,unlinked,still_failed
3.0,6.0,5000040,6000048,4,5,1.7236,6.9062,1.8218,False,unlinked,unlinked,still_failed
3.0,6.0,5000042,6000050,4,5,3.4947,3.7233,1.149,False,unlinked,unlinked,still_failed
3.0,6.0,6000046,7000054,5,6,0.5745,3.1729,0.9479,True,unlinked,unlinked,competition
3.0,6.0,6000048,7000056,5,6,3.3746,2.0312,0.4883,True,linked,linked,baseline_success
3.0,6.0,7000054,8000062,6,7,3.2753,0.9084,0.3028,True,linked,linked,baseline_success
3.0,6.0,7000056,8000064,6,7,3.25,6.5632,1.1249,False,unlinked,unlinked,still_failed
3.0,6.0,8000062,9000072,7,8,0.8125,3.4947,1.0663,False,unlinked,unlinked,still_failed
3.0,6.0,8000064,9000074,7,8,3.3004,6.5632,1.9763,False,unlinked,unlinked,still_failed
3.0,6.0,9000079,10000086,8,9,0.5745,2.6013,0.7292,True,linked,linked,baseline_success
3.0,6.0,1000004,2000011,0,1,,,,False,unlinked,unlinked,endpoint_unavailable
3.0,6.0,1000007,2000013,0,1,,,,False,unlinked,unlinked,endpoint_unavailable
3.0,6.0,2000011,3000020,1,2,,,,False,unlinked,unlinked,endpoint_unavailable
3.0,6.0,3000020,4000030,2,3,,,,False,unlinked,unlinked,endpoint_unavailable
3.0,6.0,4000030,5000040,3,4,,,,False,unlinked,unlinked,endpoint_unavailable
3.0,6.0,6000050,7000058,5,6,,,,False,unlinked,unlinked,endpoint_unavailable
3.0,6.0,7000058,8000068,6,7,,,,False,unlinked,unlinked,endpoint_unavailable
3.0,6.0,8000068,9000077,7,8,,,,False,unlinked,unlinked,endpoint_unavailable
3.0,6.0,8000070,9000079,7,8,,,,False,unlinked,unlinked,endpoint_unavailable
3.0,6.0,9000072,10000080,8,9,,,,False,unlinked,unlinked,endpoint_unavailable
3.0,6.0,9000074,10000081,8,9,,,,False,unlinked,unlinked,endpoint_unavailable
3.0,6.0,9000077,10000084,8,9,,,,False,unlinked,unlinked,endpoint_unavailable
3.0,7.0,2000013,3000022,1,2,2.0715,7.8879,2.4403,False,unlinked,unlinked,still_failed
3.0,7.0,3000018,4000028,2,3,3.3746,3.8326,0.821,True,unlinked,linked,newly_recovered
3.0,7.0,3000022,4000032,2,3,2.1877,12.1128,2.7712,False,unlinked,unlinked,still_failed
3.0,7.0,4000028,5000038,3,4,8.3256,10.4762,1.89,False,unlinked,unlinked,still_failed
3.0,7.0,4000032,5000042,3,4,1.8617,2.6013,0.7158,True,linked,linked,baseline_success
3.0,7.0,5000038,6000046,4,5,3.3004,6.9182,1.2189,False,unlinked,unlinked,still_failed
3.0,7.0,5000040,6000048,4,5,1.7236,6.9062,1.7731,False,unlinked,unlinked,still_failed
3.0,7.0,5000042,6000050,4,5,3.4947,3.7233,1.1405,False,unlinked,unlinked,still_failed
3.0,7.0,6000046,7000054,5,6,0.5745,3.1729,0.9376,True,unlinked,linked,newly_recovered
3.0,7.0,6000048,7000056,5,6,3.3746,2.0312,0.4679,True,linked,linked,baseline_success
3.0,7.0,7000054,8000062,6,7,3.2753,0.9084,0.3028,True,linked,linked,baseline_success
3.0,7.0,7000056,8000064,6,7,3.25,6.5632,0.9767,True,unlinked,unlinked,competition
3.0,7.0,8000062,9000072,7,8,0.8125,3.4947,1.0571,False,unlinked,unlinked,still_failed
3.0,7.0,8000064,9000074,7,8,3.3004,6.5632,1.9565,False,unlinked,unlinked,still_failed
3.0,7.0,9000079,10000086,8,9,0.5745,2.6013,0.7158,True,linked,linked,baseline_success
3.0,7.0,1000004,2000011,0,1,,,,False,unlinked,unlinked,endpoint_unavailable
3.0,7.0,1000007,2000013,0,1,,,,False,unlinked,unlinked,endpoint_unavailable
3.0,7.0,2000011,3000020,1,2,,,,False,unlinked,unlinked,endpoint_unavailable
3.0,7.0,3000020,4000030,2,3,,,,False,unlinked,unlinked,endpoint_unavailable
3.0,7.0,4000030,5000040,3,4,,,,False,unlinked,unlinked,endpoint_unavailable
3.0,7.0,6000050,7000058,5,6,,,,False,unlinked,unlinked,endpoint_unavailable
3.0,7.0,7000058,8000068,6,7,,,,False,unlinked,unlinked,endpoint_unavailable
3.0,7.0,8000068,9000077,7,8,,,,False,unlinked,unlinked,endpoint_unavailable
3.0,7.0,8000070,9000079,7,8,,,,False,unlinked,unlinked,endpoint_unavailable
3.0,7.0,9000072,10000080,8,9,,,,False,unlinked,unlinked,endpoint_unavailable
3.0,7.0,9000074,10000081,8,9,,,,False,unlinked,unlinked,endpoint_unavailable
3.0,7.0,9000077,10000084,8,9,,,,False,unlinked,unlinked,endpoint_unavailable
