sequence_partition,partition_description,is_held_out,method_id,method_description,scoring_mode,unmatched_cost,lambda_dist,num_frames,num_transitions,gt_nodes,gt_edges,detections,gt_node_recall,gt_node_recall_pct,mean_loc_err_um,median_loc_err_um,candidate_pairs_within_5um,positive_candidate_prevalence_pct,predicted_edges,edge_tp,edge_fp,edge_fn,precision,recall,f1,raw_edge_jaccard,adjusted_edge_jaccard,division_jaccard,rejected_sources,rejected_targets,rejected_source_pct,rejected_target_pct,runtime_sec,peak_memory_mb,fail_missing_endpoint,fail_candidate_gate,fail_wrong_target,fail_assignment_conflict,fail_rejection_of_gt,success_recovery
Window0_Benchmark,"Benchmark Window (Frames 0–9, 9 transitions)",False,Distance_Baseline,Method A: Distance-Only Baseline (R1_A3 Locked),distance,5.0,0.0,10,9,31,27,1566,29,93.55,3.5667,2.9595,1915,0.89,839,11,13,16,0.4583,0.4074,0.4314,0.275,0.275,0.0,1084,1165,92.81,99.49,0.0998,2.12,3,8,4,1,0,11
Window0_Benchmark,"Benchmark Window (Frames 0–9, 9 transitions)",False,Learned_Selective_C0.50,Method B: Learned Affinity Selective Assignment (C=0.50),learned,0.5,0.0,10,9,31,27,1566,29,93.55,3.5667,2.9595,1915,0.89,237,10,10,17,0.5,0.3704,0.4255,0.2703,0.2703,0.0,1136,1171,97.26,100.0,0.3987,2.48,3,8,4,1,1,10
Window0_Benchmark,"Benchmark Window (Frames 0–9, 9 transitions)",False,Hybrid_Selective_L0.10_C0.50,"Method C: Hybrid Selective Assignment (lambda=0.10, C=0.50)",hybrid,0.5,0.1,10,9,31,27,1566,29,93.55,3.5667,2.9595,1915,0.89,222,10,9,17,0.5263,0.3704,0.4348,0.2778,0.2778,0.0,1137,1171,97.35,100.0,0.3594,2.42,3,8,4,1,1,10
Window0_Benchmark,"Benchmark Window (Frames 0–9, 9 transitions)",False,Learned_Forced_Matching,"Method D: Forced Learned Matching (5B Diagnostic, C=1e5)",learned,100000.0,0.0,10,9,31,27,1566,29,93.55,3.5667,2.9595,1915,0.89,1012,10,17,17,0.3704,0.3704,0.3704,0.2273,0.2273,0.0,1064,1162,91.1,99.23,0.3781,2.51,3,8,5,1,0,10
Window0_Train,"Benchmark Training Sub-split (Frames 0–5, 5 transitions)",False,Distance_Baseline,Method A: Distance-Only Baseline (R1_A3 Locked),distance,5.0,0.0,6,5,16,13,982,15,93.75,3.4211,2.9709,1092,0.73,472,4,6,9,0.4,0.3077,0.3478,0.2105,0.2105,0.0,579,660,87.33,99.1,0.0616,2.02,2,4,2,1,0,4
Window0_Train,"Benchmark Training Sub-split (Frames 0–5, 5 transitions)",False,Learned_Selective_C0.50,Method B: Learned Affinity Selective Assignment (C=0.50),learned,0.5,0.0,6,5,16,13,982,15,93.75,3.4211,2.9709,1092,0.73,136,4,7,9,0.3636,0.3077,0.3333,0.2,0.2,0.0,631,666,95.17,100.0,0.2096,2.41,2,4,3,0,0,4
Window0_Train,"Benchmark Training Sub-split (Frames 0–5, 5 transitions)",False,Hybrid_Selective_L0.10_C0.50,"Method C: Hybrid Selective Assignment (lambda=0.10, C=0.50)",hybrid,0.5,0.1,6,5,16,13,982,15,93.75,3.4211,2.9709,1092,0.73,128,4,6,9,0.4,0.3077,0.3478,0.2105,0.2105,0.0,632,666,95.32,100.0,0.2088,2.41,2,4,3,0,0,4
Window0_Train,"Benchmark Training Sub-split (Frames 0–5, 5 transitions)",False,Learned_Forced_Matching,"Method D: Forced Learned Matching (5B Diagnostic, C=1e5)",learned,100000.0,0.0,6,5,16,13,982,15,93.75,3.4211,2.9709,1092,0.73,577,4,8,9,0.3333,0.3077,0.32,0.1905,0.1905,0.0,559,657,84.31,98.65,0.2162,2.42,2,4,3,0,0,4
Window0_Val1,"Benchmark Validation Sub-split (Frames 5–9, 4 transitions)",True,Distance_Baseline,Method A: Distance-Only Baseline (R1_A3 Locked),distance,5.0,0.0,5,4,18,14,736,17,94.44,3.5569,2.6616,823,1.09,367,7,7,7,0.5,0.5,0.5,0.3333,0.3333,0.0,411,500,81.39,99.01,0.0474,1.63,1,4,2,0,0,7
Window0_Val1,"Benchmark Validation Sub-split (Frames 5–9, 4 transitions)",True,Learned_Selective_C0.50,Method B: Learned Affinity Selective Assignment (C=0.50),learned,0.5,0.0,5,4,18,14,736,17,94.44,3.5569,2.6616,823,1.09,101,6,3,8,0.6667,0.4286,0.5217,0.3529,0.3529,0.0,483,505,95.64,100.0,0.1634,1.99,1,4,1,1,1,6
Window0_Val1,"Benchmark Validation Sub-split (Frames 5–9, 4 transitions)",True,Hybrid_Selective_L0.10_C0.50,"Method C: Hybrid Selective Assignment (lambda=0.10, C=0.50)",hybrid,0.5,0.1,5,4,18,14,736,17,94.44,3.5569,2.6616,823,1.09,94,6,3,8,0.6667,0.4286,0.5217,0.3529,0.3529,0.0,484,505,95.84,100.0,0.1559,1.99,1,4,1,1,1,6
Window0_Val1,"Benchmark Validation Sub-split (Frames 5–9, 4 transitions)",True,Learned_Forced_Matching,"Method D: Forced Learned Matching (5B Diagnostic, C=1e5)",learned,100000.0,0.0,5,4,18,14,736,17,94.44,3.5569,2.6616,823,1.09,435,6,9,8,0.4,0.4286,0.4138,0.2609,0.2609,0.0,386,499,76.44,98.81,0.1615,2.0,1,4,2,1,0,6
Window1_ExtendedHoldout,"Extended Developmental Horizon (Frames 10–19, 9 transitions)",True,Distance_Baseline,Method A: Distance-Only Baseline (R1_A3 Locked),distance,5.0,0.0,10,9,41,35,1329,26,63.41,4.0099,3.9046,1499,0.47,674,4,18,31,0.1818,0.1143,0.1404,0.0755,0.0755,0.0,856,912,92.34,99.24,0.0733,1.62,16,13,1,1,0,4
Window1_ExtendedHoldout,"Extended Developmental Horizon (Frames 10–19, 9 transitions)",True,Learned_Selective_C0.50,Method B: Learned Affinity Selective Assignment (C=0.50),learned,0.5,0.0,10,9,41,35,1329,26,63.41,4.0099,3.9046,1499,0.47,223,3,19,32,0.1364,0.0857,0.1053,0.0556,0.0556,0.0,906,919,97.73,100.0,0.3023,1.82,16,13,1,2,0,3
Window1_ExtendedHoldout,"Extended Developmental Horizon (Frames 10–19, 9 transitions)",True,Hybrid_Selective_L0.10_C0.50,"Method C: Hybrid Selective Assignment (lambda=0.10, C=0.50)",hybrid,0.5,0.1,10,9,41,35,1329,26,63.41,4.0099,3.9046,1499,0.47,214,3,18,32,0.1429,0.0857,0.1071,0.0566,0.0566,0.0,906,919,97.73,100.0,0.2875,1.81,16,13,1,2,0,3
Window1_ExtendedHoldout,"Extended Developmental Horizon (Frames 10–19, 9 transitions)",True,Learned_Forced_Matching,"Method D: Forced Learned Matching (5B Diagnostic, C=1e5)",learned,100000.0,0.0,10,9,41,35,1329,26,63.41,4.0099,3.9046,1499,0.47,795,3,19,32,0.1364,0.0857,0.1053,0.0556,0.0556,0.0,844,914,91.05,99.46,0.2968,1.9,16,13,1,2,0,3
Continuous_Full20,"Continuous Horizon (Frames 0–19, 19 transitions)",False,Distance_Baseline,Method A: Distance-Only Baseline (R1_A3 Locked),distance,5.0,0.0,20,19,72,66,2895,55,76.39,3.7762,3.4511,3591,0.7,1593,16,31,50,0.3404,0.2424,0.2832,0.1649,0.1649,0.0,2119,2195,96.19,99.73,0.1652,2.56,22,21,5,2,0,16
Continuous_Full20,"Continuous Horizon (Frames 0–19, 19 transitions)",False,Learned_Selective_C0.50,Method B: Learned Affinity Selective Assignment (C=0.50),learned,0.5,0.0,20,19,72,66,2895,55,76.39,3.7762,3.4511,3591,0.7,471,13,30,53,0.3023,0.197,0.2385,0.1354,0.1354,0.0,2171,2201,98.55,100.0,0.693,2.64,22,21,5,4,1,13
Continuous_Full20,"Continuous Horizon (Frames 0–19, 19 transitions)",False,Hybrid_Selective_L0.10_C0.50,"Method C: Hybrid Selective Assignment (lambda=0.10, C=0.50)",hybrid,0.5,0.1,20,19,72,66,2895,55,76.39,3.7762,3.4511,3591,0.7,447,13,28,53,0.3171,0.197,0.243,0.1383,0.1383,0.0,2172,2201,98.59,100.0,0.655,2.63,22,21,5,4,1,13
Continuous_Full20,"Continuous Horizon (Frames 0–19, 19 transitions)",False,Learned_Forced_Matching,"Method D: Forced Learned Matching (5B Diagnostic, C=1e5)",learned,100000.0,0.0,20,19,72,66,2895,55,76.39,3.7762,3.4511,3591,0.7,1898,13,37,53,0.26,0.197,0.2241,0.1262,0.1262,0.0,2099,2192,95.28,99.59,0.6824,2.87,22,21,6,4,0,13
