case_id,target_offset,method,pred_z,pred_y,pred_x,true_z,true_y,true_x,err_z_um,err_xy_um,err_total_um
0,"(+0.25, +0.40, +0.35)",integer_peak,15.0,25.0,25.0,15.25,25.4,25.35,0.4062,0.2159,0.4601
0,"(+0.25, +0.40, +0.35)",quadratic_refine,15.113,25.392,25.34,15.25,25.4,25.35,0.222,0.0052,0.222
0,"(+0.25, +0.40, +0.35)",centroid_refine,15.247,25.16,25.14,15.25,25.4,25.35,0.0052,0.1297,0.1298
1,"(-0.30, +0.20, -0.40)",integer_peak,15.0,25.0,25.0,14.7,25.2,24.6,0.4875,0.1817,0.5203
1,"(-0.30, +0.20, -0.40)",quadratic_refine,14.85,25.191,24.608,14.7,25.2,24.6,0.2432,0.005,0.2432
1,"(-0.30, +0.20, -0.40)",centroid_refine,14.704,25.079,24.842,14.7,25.2,24.6,0.0067,0.1098,0.11
2,"(+0.15, -0.35, +0.25)",integer_peak,15.0,25.0,25.0,15.15,24.65,25.25,0.2438,0.1747,0.2999
2,"(+0.15, -0.35, +0.25)",quadratic_refine,15.059,24.66,25.24,15.15,24.65,25.25,0.1476,0.0058,0.1477
2,"(+0.15, -0.35, +0.25)",centroid_refine,15.152,24.854,25.104,15.15,24.65,25.25,0.0038,0.1018,0.1019
3,"(-0.45, -0.25, -0.15)",integer_peak,15.0,25.0,25.0,14.55,24.75,24.85,0.7312,0.1184,0.7408
3,"(-0.45, -0.25, -0.15)",quadratic_refine,14.643,24.76,24.857,14.55,24.75,24.85,0.1517,0.0051,0.1518
3,"(-0.45, -0.25, -0.15)",centroid_refine,14.558,24.904,24.942,14.55,24.75,24.85,0.0135,0.0728,0.074
4,"(+0.00, +0.35, -0.30)",integer_peak,15.0,25.0,25.0,15.0,25.35,24.7,0.0,0.1873,0.1873
4,"(+0.00, +0.35, -0.30)",quadratic_refine,15.0,25.34,24.711,15.0,25.35,24.7,0.0,0.0059,0.0059
4,"(+0.00, +0.35, -0.30)",centroid_refine,15.0,25.159,24.863,15.0,25.35,24.7,0.0,0.1021,0.1021
5,"(+0.35, +0.00, +0.20)",integer_peak,15.0,25.0,25.0,15.35,25.0,25.2,0.5687,0.0812,0.5745
5,"(+0.35, +0.00, +0.20)",quadratic_refine,15.198,25.0,25.191,15.35,25.0,25.2,0.2464,0.0037,0.2465
5,"(+0.35, +0.00, +0.20)",centroid_refine,15.347,25.0,25.079,15.35,25.0,25.2,0.0046,0.0492,0.0494
6,"(-0.20, -0.40, +0.00)",integer_peak,15.0,25.0,25.0,14.8,24.6,25.0,0.325,0.1625,0.3634
6,"(-0.20, -0.40, +0.00)",quadratic_refine,14.916,24.608,25.0,14.8,24.6,25.0,0.1888,0.0033,0.1888
6,"(-0.20, -0.40, +0.00)",centroid_refine,14.798,24.835,25.0,14.8,24.6,25.0,0.0033,0.0956,0.0957
7,"(+0.40, +0.40, +0.40)",integer_peak,15.0,25.0,25.0,15.4,25.4,25.4,0.65,0.2298,0.6894
7,"(+0.40, +0.40, +0.40)",quadratic_refine,15.263,25.392,25.392,15.4,25.4,25.4,0.2219,0.0046,0.2219
7,"(+0.40, +0.40, +0.40)",centroid_refine,15.391,25.154,25.154,15.4,25.4,25.4,0.0145,0.1412,0.1419
