feature,category,association_model_coefficient,abs_coefficient,sign,effect_on_association
distance_margin_um,Competition,-2.3896,2.3896,-,Penalizes Association (-)
distance_ratio_to_second,Competition,-2.0306,2.0306,-,Penalizes Association (-)
source_dog_score,Appearance,-1.9198,1.9198,-,Penalizes Association (-)
target_dog_score,Appearance,-1.7705,1.7705,-,Penalizes Association (-)
source_candidate_count_5um,Competition,-1.081,1.081,-,Penalizes Association (-)
target_refinement_shift_3d,Localization Uncertainty,0.7191,0.7191,+,Favors Association (+)
distance_um,Geometry,-0.6769,0.6769,-,Penalizes Association (-)
source_neighbor_count_5um,Neighborhood Context,-0.6552,0.6552,-,Penalizes Association (-)
target_rank_by_distance,Competition,0.5252,0.5252,+,Favors Association (+)
abs_dz_um,Geometry,-0.316,0.316,-,Penalizes Association (-)
dxy_um,Geometry,0.3023,0.3023,+,Favors Association (+)
track_history_length,Temporal,-0.2741,0.2741,-,Penalizes Association (-)
score_difference,Appearance,0.0279,0.0279,+,Favors Association (+)
