frame,detection_id,z,y,x,z_um,y_um,x_um,dog_score,primary_threshold,score_ratio,support_frame,support_distance_um
0,t0_148,8.0,167.0,69.0,13.0,67.8438,28.0312,0.103581,0.105367,0.983042,1,3.6562
0,t0_149,35.0,163.0,93.0,56.875,66.2188,37.7812,0.10214,0.105367,0.969368,1,2.4711
0,t0_150,10.0,153.0,14.0,16.25,62.1562,5.6875,0.101497,0.105367,0.963264,1,3.5648
0,t0_151,10.0,173.0,107.0,16.25,70.2812,43.4688,0.095106,0.105367,0.90261,1,4.0217
0,t0_152,26.0,169.0,131.0,42.25,68.6562,53.2188,0.093816,0.105367,0.890365,1,4.143
0,t0_153,53.0,140.0,132.0,86.125,56.875,53.625,0.093815,0.105367,0.890358,1,4.0828
0,t0_154,10.0,175.0,116.0,16.25,71.0938,47.125,0.088411,0.105367,0.839077,1,4.0828
0,t0_155,2.0,177.0,185.0,3.25,71.9062,75.1562,0.086383,0.105367,0.819827,1,2.4375
0,t0_156,48.0,144.0,37.0,78.0,58.5,15.0312,0.079641,0.105367,0.755841,1,4.0828
0,t0_157,62.0,120.0,122.0,100.75,48.75,49.5625,0.071771,0.105367,0.681145,1,4.9589
0,t0_158,20.0,167.0,65.0,32.5,67.8438,26.4062,0.068677,0.105367,0.651784,1,2.9295
0,t0_159,8.0,163.0,35.0,13.0,66.2188,14.2188,0.065294,0.105367,0.619678,1,4.3754
0,t0_160,25.0,155.0,120.0,40.625,62.9688,48.75,0.060447,0.105367,0.573676,1,4.4502
0,t0_161,15.0,136.0,9.0,24.375,55.25,3.6562,0.055421,0.105367,0.525978,1,4.1628
0,t0_162,8.0,183.0,146.0,13.0,74.3438,59.3125,0.052888,0.105367,0.501939,1,4.9589
0,t0_163,62.0,116.0,112.0,100.75,47.125,45.5,0.051295,0.105367,0.486819,1,1.2188
1,t1_150,49.0,143.0,50.0,79.625,58.0938,20.3125,0.105289,0.106702,0.986754,0,4.3185
1,t1_151,49.0,145.0,54.0,79.625,58.9062,21.9375,0.104623,0.106702,0.980512,0,2.7252
1,t1_152,3.0,165.0,65.0,4.875,67.0312,26.4062,0.103675,0.106702,0.97163,2,3.3746
1,t1_153,20.0,185.0,181.0,32.5,75.1562,73.5312,0.102003,0.106702,0.955958,2,4.3943
1,t1_154,14.0,186.0,212.0,22.75,75.5625,86.125,0.100915,0.106702,0.945762,2,1.7236
1,t1_155,15.0,187.0,170.0,24.375,75.9688,69.0625,0.09914,0.106702,0.929122,0,3.7454
1,t1_156,13.0,174.0,176.0,21.125,70.6875,71.5,0.098882,0.106702,0.926707,2,1.7236
1,t1_157,25.0,180.0,141.0,40.625,73.125,57.2812,0.097785,0.106702,0.916427,0,2.0312
1,t1_158,3.0,165.0,14.0,4.875,67.0312,5.6875,0.097693,0.106702,0.915566,0,3.35
1,t1_159,3.0,169.0,99.0,4.875,68.6562,40.2188,0.095453,0.106702,0.894569,0,2.6013
1,t1_160,16.0,128.0,25.0,26.0,52.0,10.1562,0.092644,0.106702,0.868244,2,4.0217
1,t1_161,24.0,180.0,146.0,39.0,73.125,59.3125,0.091954,0.106702,0.861777,0,3.35
1,t1_162,14.0,175.0,224.0,22.75,71.0938,91.0,0.08853,0.106702,0.829693,0,4.7724
1,t1_163,2.0,182.0,251.0,3.25,73.9375,101.9688,0.087897,0.106702,0.823761,2,3.2753
1,t1_164,13.0,189.0,227.0,21.125,76.7812,92.2188,0.0852,0.106702,0.798485,0,3.8326
1,t1_165,47.0,166.0,164.0,76.375,67.4375,66.625,0.084813,0.106702,0.79486,0,3.1729
1,t1_166,45.0,165.0,148.0,73.125,67.0312,60.125,0.084629,0.106702,0.793131,0,4.3754
1,t1_167,23.0,185.0,216.0,37.375,75.1562,87.75,0.082862,0.106702,0.77657,0,2.6013
1,t1_168,3.0,154.0,11.0,4.875,62.5625,4.4688,0.080511,0.106702,0.754541,0,2.3337
1,t1_169,27.0,161.0,65.0,43.875,65.4062,26.4062,0.078842,0.106702,0.738894,0,1.9902
1,t1_170,12.0,182.0,136.0,19.5,73.9375,55.25,0.077553,0.106702,0.726815,0,3.7454
1,t1_171,28.0,177.0,238.0,45.5,71.9062,96.6875,0.076394,0.106702,0.715957,0,2.8726
1,t1_172,37.0,126.0,79.0,60.125,51.1875,32.0938,0.074977,0.106702,0.702671,0,3.2753
1,t1_173,3.0,168.0,129.0,4.875,68.25,52.4062,0.069969,0.106702,0.655737,2,3.3746
1,t1_174,6.0,159.0,48.0,9.75,64.5938,19.5,0.068055,0.106702,0.6378,2,3.3004
1,t1_175,1.0,145.0,10.0,1.625,58.9062,4.0625,0.066959,0.106702,0.627534,0,2.6013
1,t1_176,19.0,179.0,205.0,30.875,72.7188,83.2812,0.066341,0.106702,0.621735,0,4.9589
1,t1_177,25.0,158.0,31.0,40.625,64.1875,12.5938,0.065659,0.106702,0.615347,0,2.7252
1,t1_178,34.0,122.0,70.0,55.25,49.5625,28.4375,0.065588,0.106702,0.614683,0,4.9422
1,t1_179,35.0,126.0,79.0,56.875,51.1875,32.0938,0.064795,0.106702,0.607252,0,4.6141
1,t1_180,47.0,151.0,94.0,76.375,61.3438,38.1875,0.059719,0.106702,0.559678,0,2.4375
1,t1_181,5.0,154.0,14.0,8.125,62.5625,5.6875,0.056987,0.106702,0.534075,0,3.854
1,t1_182,21.0,161.0,41.0,34.125,65.4062,16.6562,0.053474,0.106702,0.50115,0,2.3337
1,t1_183,43.0,148.0,41.0,69.875,60.125,16.6562,0.053471,0.106702,0.501119,0,2.3688
1,t1_184,47.0,149.0,85.0,76.375,60.5312,34.5312,0.051341,0.106702,0.481164,0,2.6013
1,t1_185,39.0,170.0,136.0,63.375,69.0625,55.25,0.046669,0.106702,0.437375,0,4.0828
1,t1_186,38.0,178.0,180.0,61.75,72.3125,73.125,0.045818,0.106702,0.429398,0,2.0715
1,t1_187,39.0,144.0,6.0,63.375,58.5,2.4375,0.044002,0.106702,0.412383,0,4.2414
1,t1_188,39.0,175.0,193.0,63.375,71.0938,78.4062,0.043599,0.106702,0.408602,0,4.0217
2,t2_127,56.0,125.0,131.0,91.0,50.7812,53.2188,0.107953,0.108363,0.996216,1,3.4947
2,t2_128,35.0,173.0,198.0,56.875,70.2812,80.4375,0.10278,0.108363,0.948482,3,3.2753
2,t2_129,44.0,166.0,168.0,71.5,67.4375,68.25,0.102674,0.108363,0.947505,3,1.8617
2,t2_130,7.0,177.0,156.0,11.375,71.9062,63.375,0.100211,0.108363,0.924778,3,3.6562
2,t2_131,47.0,146.0,54.0,76.375,59.3125,21.9375,0.098478,0.108363,0.908779,3,4.3376
2,t2_132,47.0,142.0,46.0,76.375,57.6875,18.6875,0.095533,0.108363,0.881603,3,1.675
2,t2_133,8.0,181.0,113.0,13.0,73.5312,45.9062,0.094772,0.108363,0.874583,1,0.8125
2,t2_134,8.0,171.0,248.0,13.0,69.4688,100.75,0.089877,0.108363,0.829406,3,4.0828
2,t2_135,2.0,185.0,232.0,3.25,75.1562,94.25,0.088217,0.108363,0.814093,1,1.7236
2,t2_136,5.0,136.0,54.0,8.125,55.25,21.9375,0.087234,0.108363,0.805024,3,1.675
2,t2_137,20.0,161.0,172.0,32.5,65.4062,69.875,0.087133,0.108363,0.804085,1,3.6336
2,t2_138,9.0,182.0,175.0,14.625,73.9375,71.0938,0.086512,0.108363,0.798354,1,4.1826
2,t2_139,24.0,160.0,65.0,39.0,65.0,26.4062,0.086483,0.108363,0.798086,1,0.5745
2,t2_140,8.0,169.0,127.0,13.0,68.6562,51.5938,0.08472,0.108363,0.781824,3,3.25
2,t2_141,14.0,186.0,163.0,22.75,75.5625,66.2188,0.080789,0.108363,0.745544,3,4.0217
2,t2_142,14.0,174.0,80.0,22.75,70.6875,32.5,0.076257,0.108363,0.703717,1,2.0312
2,t2_143,11.0,170.0,104.0,17.875,69.0625,42.25,0.075932,0.108363,0.700717,1,3.6336
2,t2_144,16.0,130.0,26.0,26.0,52.8125,10.5625,0.074844,0.108363,0.690679,1,4.9422
2,t2_145,15.0,159.0,45.0,24.375,64.5938,18.2812,0.074316,0.108363,0.685811,1,3.4947
2,t2_146,42.0,150.0,50.0,68.25,60.9375,20.3125,0.071835,0.108363,0.662914,3,4.542
2,t2_147,9.0,182.0,147.0,14.625,73.9375,59.7188,0.068516,0.108363,0.632288,1,3.5648
2,t2_148,47.0,141.0,37.0,76.375,57.2812,15.0312,0.068343,0.108363,0.630685,3,2.0312
2,t2_149,10.0,179.0,156.0,16.25,72.7188,63.375,0.067654,0.108363,0.624331,1,1.4648
2,t2_150,14.0,172.0,70.0,22.75,69.875,28.4375,0.065879,0.108363,0.607951,1,2.9575
2,t2_151,49.0,171.0,211.0,79.625,69.4688,85.7188,0.06568,0.108363,0.606115,1,3.471
2,t2_152,17.0,178.0,115.0,27.625,72.3125,46.7188,0.061884,0.108363,0.571081,1,3.854
2,t2_153,42.0,148.0,42.0,68.25,60.125,17.0625,0.057176,0.108363,0.527636,3,4.3943
2,t2_154,10.0,146.0,104.0,16.25,59.3125,42.25,0.056576,0.108363,0.522096,3,1.8617
2,t2_155,44.0,135.0,13.0,71.5,54.8438,5.2812,0.050593,0.108363,0.466889,3,4.6675
2,t2_156,34.0,179.0,180.0,55.25,72.7188,73.125,0.045275,0.108363,0.417814,1,4.824
2,t2_157,38.0,162.0,108.0,61.75,65.8125,43.875,0.043713,0.108363,0.403394,3,4.3376
2,t2_158,29.0,145.0,69.0,47.125,58.9062,28.0312,0.043622,0.108363,0.402559,1,2.0312
2,t2_159,11.0,138.0,55.0,17.875,56.0625,22.3438,0.043523,0.108363,0.401645,1,2.3337
3,t3_136,57.0,112.0,113.0,92.625,45.5,45.9062,0.10544,0.110641,0.952993,2,4.9422
3,t3_137,6.0,180.0,151.0,9.75,73.125,61.3438,0.103157,0.110641,0.932356,4,2.3337
3,t3_138,55.0,125.0,136.0,89.375,50.7812,55.25,0.101986,0.110641,0.921771,4,3.471
3,t3_139,4.0,177.0,114.0,6.5,71.9062,46.3125,0.100321,0.110641,0.906729,2,4.143
3,t3_140,33.0,132.0,82.0,53.625,53.625,33.3125,0.098087,0.110641,0.886534,4,3.5648
3,t3_141,9.0,175.0,227.0,14.625,71.0938,92.2188,0.097733,0.110641,0.88333,2,1.675
3,t3_142,33.0,132.0,90.0,53.625,53.625,36.5625,0.097306,0.110641,0.879475,4,3.9177
3,t3_143,2.0,178.0,114.0,3.25,72.3125,46.3125,0.096923,0.110641,0.876013,2,2.4711
3,t3_144,7.0,174.0,228.0,11.375,70.6875,92.625,0.096905,0.110641,0.875848,4,1.7236
3,t3_145,14.0,129.0,15.0,22.75,52.4062,6.0938,0.096568,0.110641,0.872805,2,1.675
3,t3_146,10.0,186.0,225.0,16.25,75.5625,91.4062,0.09514,0.110641,0.859894,2,4.632
3,t3_147,31.0,130.0,101.0,50.375,52.8125,41.0312,0.086431,0.110641,0.781187,4,1.4648
3,t3_148,8.0,181.0,150.0,13.0,73.5312,60.9375,0.085946,0.110641,0.776799,4,2.9575
3,t3_149,45.0,147.0,52.0,73.125,59.7188,21.125,0.08536,0.110641,0.7715,4,3.4947
3,t3_150,14.0,178.0,81.0,22.75,72.3125,32.9062,0.070786,0.110641,0.639783,4,4.9589
3,t3_151,22.0,161.0,63.0,35.75,65.4062,25.5938,0.070086,0.110641,0.633454,2,3.811
3,t3_152,10.0,166.0,167.0,16.25,67.4375,67.8438,0.063682,0.110641,0.575575,4,4.2414
3,t3_153,3.0,163.0,52.0,4.875,66.2188,21.125,0.058659,0.110641,0.530176,4,4.0828
3,t3_154,36.0,163.0,103.0,58.5,66.2188,41.8438,0.055668,0.110641,0.503142,2,4.6141
3,t3_155,33.0,177.0,171.0,53.625,71.9062,69.4688,0.052407,0.110641,0.473667,4,4.1826
3,t3_156,62.0,116.0,123.0,100.75,47.125,49.9688,0.04843,0.110641,0.437722,2,4.875
3,t3_157,16.0,151.0,6.0,26.0,61.3438,2.4375,0.047086,0.110641,0.425574,4,4.542
3,t3_158,8.0,185.0,111.0,13.0,75.1562,45.0938,0.045186,0.110641,0.408406,4,4.3185
4,t4_131,3.0,179.0,144.0,4.875,72.7188,58.5,0.106589,0.106702,0.998943,5,2.3337
4,t4_132,40.0,170.0,168.0,65.0,69.0625,68.25,0.106551,0.106702,0.998584,5,3.25
4,t4_133,13.0,183.0,181.0,21.125,74.3438,73.5312,0.104533,0.106702,0.979671,5,2.3337
4,t4_134,6.0,186.0,224.0,9.75,75.5625,91.0,0.102582,0.106702,0.961389,5,3.854
4,t4_135,19.0,186.0,242.0,30.875,75.5625,98.3125,0.100337,0.106702,0.940347,3,2.7252
4,t4_136,21.0,167.0,142.0,34.125,67.8438,57.6875,0.099951,0.106702,0.93673,3,4.8919
4,t4_137,43.0,169.0,165.0,69.875,68.6562,67.0312,0.096108,0.106702,0.900718,3,1.675
4,t4_138,42.0,147.0,149.0,68.25,59.7188,60.5312,0.09426,0.106702,0.8834,5,1.8617
4,t4_139,43.0,152.0,90.0,69.875,61.75,36.5625,0.094236,0.106702,0.883172,3,0.9084
4,t4_140,21.0,180.0,154.0,34.125,73.125,62.5625,0.094109,0.106702,0.881981,3,2.3337
4,t4_141,19.0,162.0,63.0,30.875,65.8125,25.5938,0.09127,0.106702,0.855377,3,3.4471
4,t4_142,26.0,136.0,39.0,42.25,55.25,15.8438,0.088894,0.106702,0.833108,3,4.755
4,t4_143,41.0,151.0,57.0,66.625,61.3438,23.1562,0.086122,0.106702,0.807128,5,4.3754
4,t4_144,14.0,172.0,180.0,22.75,69.875,73.125,0.083752,0.106702,0.784915,5,2.2981
4,t4_145,14.0,182.0,214.0,22.75,73.9375,86.9375,0.082878,0.106702,0.776721,5,3.3004
4,t4_146,28.0,150.0,39.0,45.5,60.9375,15.8438,0.080122,0.106702,0.750896,3,0.5745
4,t4_147,41.0,153.0,63.0,66.625,62.1562,25.5938,0.076715,0.106702,0.718965,5,4.824
4,t4_148,27.0,131.0,96.0,43.875,53.2188,39.0,0.071286,0.106702,0.66809,5,1.8617
4,t4_149,8.0,175.0,83.0,13.0,71.0938,33.7188,0.067317,0.106702,0.630887,3,1.4648
4,t4_150,33.0,175.0,200.0,53.625,71.0938,81.25,0.066855,0.106702,0.626559,3,0.9084
4,t4_151,14.0,179.0,124.0,22.75,72.7188,50.375,0.066141,0.106702,0.619867,3,3.6562
4,t4_152,43.0,172.0,204.0,69.875,69.875,82.875,0.064236,0.106702,0.60201,3,1.8168
4,t4_153,17.0,173.0,185.0,27.625,70.2812,75.1562,0.058371,0.106702,0.54705,5,3.9177
4,t4_154,33.0,147.0,22.0,53.625,59.7188,8.9375,0.054522,0.106702,0.510977,3,0.9084
4,t4_155,31.0,169.0,122.0,50.375,68.6562,49.5625,0.052064,0.106702,0.48794,3,3.854
4,t4_156,39.0,140.0,13.0,63.375,56.875,5.2812,0.052052,0.106702,0.487823,3,3.0401
4,t4_157,21.0,162.0,44.0,34.125,65.8125,17.875,0.042376,0.106702,0.397145,5,4.3754
5,t5_128,31.0,137.0,90.0,50.375,55.6562,36.5625,0.101705,0.106161,0.958029,4,2.3688
5,t5_129,61.0,137.0,102.0,99.125,55.6562,41.4375,0.101112,0.106161,0.952438,4,4.9589
5,t5_130,28.0,173.0,191.0,45.5,70.2812,77.5938,0.10034,0.106161,0.945166,4,4.824
5,t5_131,31.0,136.0,85.0,50.375,55.25,34.5312,0.099991,0.106161,0.941886,4,0.8125
5,t5_132,3.0,178.0,244.0,4.875,72.3125,99.125,0.099984,0.106161,0.941816,6,1.675
5,t5_133,7.0,176.0,84.0,11.375,71.5,34.125,0.099448,0.106161,0.936769,6,3.4471
5,t5_134,1.0,176.0,171.0,1.625,71.5,69.4688,0.099033,0.106161,0.932858,4,3.35
5,t5_135,18.0,188.0,249.0,29.25,76.375,101.1562,0.09876,0.106161,0.930284,6,1.8617
5,t5_136,25.0,137.0,39.0,40.625,55.6562,15.8438,0.097856,0.106161,0.921769,6,3.3004
5,t5_137,3.0,173.0,226.0,4.875,70.2812,91.8125,0.091071,0.106161,0.857858,4,4.9589
5,t5_138,6.0,174.0,89.0,9.75,70.6875,36.1562,0.085733,0.106161,0.80758,6,2.0312
5,t5_139,2.0,154.0,12.0,3.25,62.5625,4.875,0.081845,0.106161,0.770956,4,4.1826
5,t5_140,53.0,116.0,131.0,86.125,47.125,53.2188,0.071457,0.106161,0.673101,4,4.875
5,t5_141,26.0,155.0,46.0,42.25,62.9688,18.6875,0.067974,0.106161,0.640289,4,1.9902
5,t5_142,17.0,162.0,37.0,27.625,65.8125,15.0312,0.058243,0.106161,0.54863,6,4.824
5,t5_143,31.0,163.0,101.0,50.375,66.2188,41.0312,0.055079,0.106161,0.518824,4,3.471
5,t5_144,36.0,179.0,250.0,58.5,72.7188,101.5625,0.052625,0.106161,0.495713,4,4.1628
5,t5_145,56.0,134.0,71.0,91.0,54.4375,28.8438,0.052412,0.106161,0.493706,4,3.6788
5,t5_146,46.0,147.0,70.0,74.75,59.7188,28.4375,0.0502,0.106161,0.472871,4,3.35
5,t5_147,14.0,188.0,249.0,22.75,76.375,101.1562,0.048864,0.106161,0.460282,6,4.9589
5,t5_148,1.0,167.0,53.0,1.625,67.8438,21.5312,0.046719,0.106161,0.440073,6,3.9177
5,t5_149,24.0,177.0,142.0,39.0,71.9062,57.6875,0.045233,0.106161,0.426077,4,4.4872
5,t5_150,36.0,140.0,11.0,58.5,56.875,4.4688,0.044377,0.106161,0.418019,4,3.6336
5,t5_151,10.0,147.0,14.0,16.25,59.7188,5.6875,0.040235,0.106161,0.379001,6,2.0715
6,t6_128,60.0,149.0,164.0,97.5,60.5312,66.625,0.106243,0.106382,0.998693,7,1.2188
6,t6_129,62.0,150.0,174.0,100.75,60.9375,70.6875,0.104513,0.106382,0.982431,7,3.3746
6,t6_130,40.0,175.0,249.0,65.0,71.0938,101.1562,0.104025,0.106382,0.977842,7,2.0715
6,t6_131,43.0,173.0,249.0,69.875,70.2812,101.1562,0.103185,0.106382,0.969951,5,1.7236
6,t6_132,50.0,131.0,138.0,81.25,53.2188,56.0625,0.102424,0.106382,0.962799,5,3.3004
6,t6_133,62.0,148.0,162.0,100.75,60.125,65.8125,0.101837,0.106382,0.957276,7,3.3004
6,t6_134,11.0,186.0,178.0,17.875,75.5625,72.3125,0.100597,0.106382,0.945619,5,1.8617
6,t6_135,11.0,184.0,139.0,17.875,74.75,56.4688,0.09547,0.106382,0.897429,7,3.3746
6,t6_136,42.0,146.0,45.0,68.25,59.3125,18.2812,0.091882,0.106382,0.863703,5,0.9084
6,t6_137,2.0,183.0,207.0,3.25,74.3438,84.0938,0.090718,0.106382,0.852755,7,2.3337
6,t6_138,1.0,153.0,104.0,1.625,62.1562,42.25,0.08134,0.106382,0.764608,5,1.8617
6,t6_139,37.0,154.0,56.0,60.125,62.5625,22.75,0.075309,0.106382,0.70791,7,4.824
6,t6_140,35.0,169.0,148.0,56.875,68.6562,60.125,0.074728,0.106382,0.702447,5,4.6141
6,t6_141,37.0,153.0,53.0,60.125,62.1562,21.5312,0.074058,0.106382,0.696152,7,4.3943
6,t6_142,3.0,145.0,109.0,4.875,58.9062,44.2812,0.073606,0.106382,0.691908,5,4.6675
6,t6_143,7.0,187.0,164.0,11.375,75.9688,66.625,0.068995,0.106382,0.648556,5,2.9575
6,t6_144,17.0,166.0,60.0,27.625,67.4375,24.375,0.06865,0.106382,0.645314,5,2.3337
6,t6_145,10.0,182.0,121.0,16.25,73.9375,49.1562,0.065933,0.106382,0.61978,5,3.0401
6,t6_146,47.0,150.0,113.0,76.375,60.9375,45.9062,0.064262,0.106382,0.604072,5,1.9902
6,t6_147,14.0,160.0,32.0,22.75,65.0,13.0,0.062441,0.106382,0.58695,7,4.3185
6,t6_148,16.0,168.0,68.0,26.0,68.25,27.625,0.061613,0.106382,0.579168,5,3.7454
6,t6_149,1.0,165.0,105.0,1.625,67.0312,42.6562,0.059588,0.106382,0.560132,5,4.3754
6,t6_150,25.0,157.0,45.0,40.625,63.7812,18.2812,0.059023,0.106382,0.554825,5,3.854
6,t6_151,16.0,160.0,31.0,26.0,65.0,12.5938,0.057345,0.106382,0.53905,7,4.755
6,t6_152,12.0,158.0,31.0,19.5,64.1875,12.5938,0.055677,0.106382,0.523373,5,2.0715
6,t6_153,27.0,174.0,123.0,43.875,70.6875,49.9688,0.051465,0.106382,0.483775,7,4.4872
6,t6_154,17.0,180.0,145.0,27.625,73.125,58.9062,0.046428,0.106382,0.436431,5,2.6328
6,t6_155,37.0,174.0,195.0,60.125,70.6875,79.2188,0.04596,0.106382,0.432032,5,2.4375
6,t6_156,29.0,167.0,100.0,47.125,67.8438,40.625,0.04518,0.106382,0.424694,7,4.875
6,t6_157,12.0,178.0,98.0,19.5,72.3125,39.8125,0.044885,0.106382,0.421922,7,4.4872
6,t6_158,57.0,154.0,173.0,92.625,62.5625,70.2812,0.043569,0.106382,0.409555,7,1.7236
6,t6_159,52.0,138.0,64.0,84.5,56.0625,26.0,0.042807,0.106382,0.402392,5,2.4375
6,t6_160,37.0,177.0,205.0,60.125,71.9062,83.2812,0.041039,0.106382,0.385769,7,2.8726
7,t7_115,62.0,92.0,60.0,100.75,37.375,24.375,0.102933,0.106909,0.962808,8,1.8617
7,t7_116,16.0,186.0,154.0,26.0,75.5625,62.5625,0.101949,0.106909,0.953608,8,4.755
7,t7_117,48.0,132.0,137.0,78.0,53.625,55.6562,0.100532,0.106909,0.940354,8,3.2753
7,t7_118,40.0,119.0,29.0,65.0,48.3438,11.7812,0.09445,0.106909,0.883459,6,4.8919
7,t7_119,35.0,153.0,51.0,56.875,62.1562,20.7188,0.093414,0.106909,0.873771,8,4.9087
7,t7_120,7.0,182.0,121.0,11.375,73.9375,49.1562,0.093157,0.106909,0.871366,6,2.7252
7,t7_121,33.0,152.0,46.0,53.625,61.75,18.6875,0.082621,0.106909,0.772815,8,4.3754
7,t7_122,2.0,173.0,79.0,3.25,70.2812,32.0938,0.08046,0.106909,0.752606,6,2.5694
7,t7_123,3.0,180.0,88.0,4.875,73.125,35.75,0.07882,0.106909,0.73726,6,4.143
7,t7_124,55.0,138.0,87.0,89.375,56.0625,35.3438,0.076415,0.106909,0.714764,8,4.4872
7,t7_125,40.0,147.0,44.0,65.0,59.7188,17.875,0.075177,0.106909,0.703191,6,0.5745
7,t7_126,37.0,148.0,42.0,60.125,60.125,17.0625,0.075174,0.106909,0.703157,6,3.1729
7,t7_127,12.0,162.0,35.0,19.5,65.8125,14.2188,0.074231,0.106909,0.694337,8,3.7233
7,t7_128,35.0,156.0,62.0,56.875,63.375,25.1875,0.073147,0.106909,0.684203,8,4.4872
7,t7_129,25.0,179.0,164.0,40.625,72.7188,66.625,0.071095,0.106909,0.665005,6,3.9177
7,t7_130,12.0,177.0,95.0,19.5,71.9062,38.5938,0.064588,0.106909,0.604139,8,4.9087
7,t7_131,8.0,162.0,31.0,13.0,65.8125,12.5938,0.063083,0.106909,0.590064,6,4.3185
7,t7_132,32.0,141.0,13.0,52.0,57.2812,5.2812,0.061228,0.106909,0.572714,6,4.6141
7,t7_133,22.0,158.0,43.0,35.75,64.1875,17.4688,0.060914,0.106909,0.569775,6,4.0828
7,t7_134,23.0,183.0,171.0,37.375,74.3438,69.4688,0.057194,0.106909,0.534983,6,4.1826
7,t7_135,27.0,166.0,98.0,43.875,67.4375,39.8125,0.05604,0.106909,0.524189,8,4.6141
7,t7_136,4.0,167.0,53.0,6.5,67.8438,21.5312,0.055787,0.106909,0.521818,8,1.4648
7,t7_137,9.0,173.0,120.0,14.625,70.2812,48.75,0.055413,0.106909,0.518321,6,2.9295
7,t7_138,27.0,163.0,79.0,43.875,66.2188,32.0938,0.054972,0.106909,0.514196,8,3.35
7,t7_139,60.0,144.0,136.0,97.5,58.5,55.25,0.054584,0.106909,0.510568,6,4.2414
7,t7_140,60.0,111.0,10.0,97.5,45.0938,4.0625,0.053556,0.106909,0.500947,6,3.0671
7,t7_141,42.0,149.0,69.0,68.25,60.5312,28.0312,0.05155,0.106909,0.482184,6,4.2414
7,t7_142,27.0,161.0,73.0,43.875,65.4062,29.6562,0.050317,0.106909,0.470648,6,3.6788
7,t7_143,54.0,156.0,172.0,87.75,63.375,69.875,0.048748,0.106909,0.455974,8,3.4947
7,t7_144,19.0,176.0,107.0,30.875,71.5,43.4688,0.042984,0.106909,0.402058,8,4.824
7,t7_145,9.0,173.0,88.0,14.625,70.2812,35.75,0.042898,0.106909,0.401255,6,2.6013
7,t7_146,25.0,145.0,46.0,40.625,58.9062,18.6875,0.04051,0.106909,0.378923,6,4.9589
7,t7_147,35.0,166.0,123.0,56.875,67.4375,49.9688,0.040135,0.106909,0.375408,8,4.6675
7,t7_148,6.0,169.0,48.0,9.75,68.6562,19.5,0.039498,0.106909,0.369454,8,4.7724
7,t7_149,50.0,133.0,44.0,81.25,54.0312,17.875,0.038363,0.106909,0.358837,6,4.3943
8,t8_114,24.0,136.0,100.0,39.0,55.25,40.625,0.103156,0.103923,0.992621,7,1.7236
8,t8_115,35.0,151.0,48.0,56.875,61.3438,19.5,0.098885,0.103923,0.951515,9,4.3185
8,t8_116,19.0,139.0,46.0,30.875,56.4688,18.6875,0.098631,0.103923,0.949076,7,3.4947
8,t8_117,12.0,186.0,241.0,19.5,75.5625,97.9062,0.096327,0.103923,0.926907,7,2.3337
8,t8_118,24.0,136.0,107.0,39.0,55.25,43.4688,0.090507,0.103923,0.870901,7,3.6562
8,t8_119,35.0,145.0,31.0,56.875,58.9062,12.5938,0.090308,0.103923,0.868985,7,2.7252
8,t8_120,10.0,185.0,235.0,16.25,75.1562,95.4688,0.089975,0.103923,0.865779,9,2.2981
8,t8_121,3.0,187.0,158.0,4.875,75.9688,64.1875,0.084665,0.103923,0.814691,7,3.5648
8,t8_122,8.0,174.0,142.0,13.0,70.6875,57.6875,0.079002,0.103923,0.760195,7,3.6562
8,t8_123,10.0,170.0,67.0,16.25,69.0625,27.2188,0.078815,0.103923,0.7584,7,4.632
8,t8_124,10.0,166.0,140.0,16.25,67.4375,56.875,0.072641,0.103923,0.698986,7,4.3943
8,t8_125,14.0,186.0,149.0,22.75,75.5625,60.5312,0.071016,0.103923,0.683347,9,3.6562
8,t8_126,3.0,176.0,110.0,4.875,71.5,44.6875,0.066406,0.103923,0.638991,9,4.0828
8,t8_127,11.0,180.0,217.0,17.875,73.125,88.1562,0.066022,0.103923,0.6353,7,2.6328
8,t8_128,20.0,182.0,167.0,32.5,73.9375,67.8438,0.06482,0.103923,0.62373,7,4.0217
8,t8_129,23.0,171.0,117.0,37.375,69.4688,47.5312,0.063484,0.103923,0.610878,9,3.4947
8,t8_130,23.0,143.0,44.0,37.375,58.0938,17.875,0.060942,0.103923,0.586414,7,3.854
8,t8_131,18.0,182.0,201.0,29.25,73.9375,81.6562,0.060799,0.103923,0.585041,9,4.0828
8,t8_132,10.0,164.0,60.0,16.25,66.625,24.375,0.058274,0.103923,0.560738,7,1.2188
8,t8_133,34.0,155.0,60.0,55.25,62.9688,24.375,0.053064,0.103923,0.510608,9,3.854
8,t8_134,35.0,158.0,87.0,56.875,64.1875,35.3438,0.048345,0.103923,0.465201,7,4.9422
8,t8_135,32.0,177.0,195.0,52.0,71.9062,79.2188,0.04598,0.103923,0.44244,7,3.6788
8,t8_136,39.0,177.0,223.0,63.375,71.9062,90.5938,0.041113,0.103923,0.395608,9,4.9087
9,t9_109,32.0,155.0,159.0,52.0,62.9688,64.5938,0.100082,0.103436,0.967574,8,3.7233
9,t9_110,45.0,134.0,132.0,73.125,54.4375,53.625,0.099709,0.103436,0.96396,8,2.6328
9,t9_111,31.0,149.0,39.0,50.375,60.5312,15.8438,0.097582,0.103436,0.943399,8,3.8326
9,t9_112,5.0,171.0,173.0,8.125,69.4688,70.2812,0.097472,0.103436,0.942334,8,4.9087
9,t9_113,45.0,134.0,136.0,73.125,54.4375,55.25,0.09704,0.103436,0.938163,8,1.7236
9,t9_114,21.0,137.0,93.0,34.125,55.6562,37.7812,0.096858,0.103436,0.9364,8,4.6141
9,t9_115,54.0,141.0,101.0,87.75,57.2812,41.0312,0.09682,0.103436,0.936039,8,1.7236
9,t9_116,23.0,138.0,97.0,37.375,56.0625,39.4062,0.094024,0.103436,0.909,8,4.9422
9,t9_117,21.0,136.0,85.0,34.125,55.25,34.5312,0.091497,0.103436,0.884568,8,3.25
9,t9_118,29.0,169.0,147.0,47.125,68.6562,59.7188,0.090575,0.103436,0.875663,8,2.8146
9,t9_119,46.0,140.0,60.0,74.75,56.875,24.375,0.087383,0.103436,0.844799,8,4.6675
9,t9_120,34.0,173.0,164.0,55.25,70.2812,66.625,0.086866,0.103436,0.839804,8,3.3746
9,t9_121,9.0,163.0,58.0,14.625,66.2188,23.5625,0.07923,0.103436,0.765977,8,3.3746
9,t9_122,7.0,175.0,142.0,11.375,71.0938,57.6875,0.075304,0.103436,0.728024,8,4.1826
9,t9_123,36.0,121.0,31.0,58.5,49.1562,12.5938,0.075014,0.103436,0.725221,8,1.8168
9,t9_124,47.0,133.0,146.0,76.375,54.0312,59.3125,0.072477,0.103436,0.700694,8,4.0011
9,t9_125,26.0,181.0,236.0,42.25,73.5312,95.875,0.066532,0.103436,0.64322,8,4.0625
9,t9_126,13.0,169.0,90.0,21.125,68.6562,36.5625,0.065373,0.103436,0.632011,8,2.0312
9,t9_127,28.0,161.0,107.0,45.5,65.4062,43.4688,0.064908,0.103436,0.627519,8,1.4648
9,t9_128,8.0,175.0,165.0,13.0,71.0938,67.0312,0.063216,0.103436,0.611156,8,1.4648
9,t9_129,38.0,146.0,41.0,61.75,59.3125,16.6562,0.059371,0.103436,0.573988,8,4.9589
9,t9_130,7.0,174.0,122.0,11.375,70.6875,49.5625,0.054957,0.103436,0.531316,8,4.6675
9,t9_131,18.0,179.0,150.0,29.25,72.7188,60.9375,0.05479,0.103436,0.529695,8,1.8168
9,t9_132,31.0,159.0,87.0,50.375,64.5938,35.3438,0.046463,0.103436,0.44919,8,2.6013
9,t9_133,30.0,166.0,117.0,48.75,67.4375,47.5312,0.045196,0.103436,0.436948,8,3.7233
9,t9_134,29.0,166.0,135.0,47.125,67.4375,54.8438,0.044394,0.103436,0.42919,8,3.6562
9,t9_135,11.0,174.0,101.0,17.875,70.6875,41.0312,0.041725,0.103436,0.403389,8,3.854
